source_references,msgctxt,msgid,msgstr,comments
,,,POT-Creation-Date: 2026-04-18 23:40-0400\nMIME-Version: 1.0\nContent-Type: text/plain; charset=utf-8\nContent-Transfer-Encoding: 8bit\nX-Generator: @lingui/cli\nLanguage: el\n,
src/components/layouts/Event/index.tsx:194 | src/components/layouts/OrganizerLayout/index.tsx:215,,- Click to Publish,- Κάντε κλικ για δημοσίευση,
src/components/layouts/Event/index.tsx:196 | src/components/layouts/OrganizerLayout/index.tsx:217,,- Click to Unpublish,- Κάντε κλικ για κατάργηση δημοσίευσης,
src/components/common/NoResultsSplash/index.tsx:14,,There\\'s nothing to show yet',Δεν υπάρχει τίποτα να εμφανιστεί ακόμα,
src/components/routes/admin/Attribution/index.tsx:146,,(empty),(αδειάζω),
src/components/common/ReportTable/index.tsx:303,,{0},{0},
src/components/common/CheckInStatusModal/index.tsx:143,,{0} {1},{0} {1},
src/components/layouts/CheckIn/index.tsx:259,,{0} {1} is already checked in,{0} {1} έχει ήδη κάνει check in,
src/components/layouts/CheckIn/index.tsx:154,,{0} <0>checked in</0> successfully,{0} <0>έγινε check in</0> με επιτυχία,
src/components/layouts/CheckIn/index.tsx:181,,{0} <0>checked out</0> successfully,{0} <0>ολοκληρώθηκε με επιτυχία η αγορά</0>,
src/components/routes/event/Webhooks/index.tsx:24 | src/components/routes/organizer/Webhooks/index.tsx:25,,{0} Active Webhooks,{0} Ενεργά Webhooks,
src/components/routes/product-widget/SelectProducts/index.tsx:477,,{0} available,{0} διαθέσιμο,
src/components/modals/CreateTaxOrFeeModal/index.tsx:36,,{0} created successfully,{0} δημιουργήθηκε με επιτυχία,
src/components/common/ProductsTable/SortableProduct/index.tsx:403,,{0} left,{0} αριστερά,
src/components/layouts/AppLayout/Sidebar/index.tsx:81 | src/components/layouts/AuthLayout/index.tsx:137,,{0} logo,{0} λογότυπο,
src/components/routes/events/Dashboard/index.tsx:141,,{0} organizers,{0} διοργανωτές,
src/components/routes/product-widget/CollectInformation/index.tsx:612,,{0} tickets,{0} εισιτήρια,
src/components/modals/EditTaxOrFeeModal/index.tsx:42,,{0} updated successfully,{0} ενημερώθηκε με επιτυχία,
src/components/common/CheckIn/CheckInInfoModal.tsx:40,,{0}/{1} checked in,{0}/{1} έκαναν check in,
src/components/common/EventCard/index.tsx:125,,{availableCount} of {totalCount} available,{availableCount} από {totalCount} διαθέσιμα,
src/components/common/Countdown/index.tsx:68,,"{days} days, {hours} hours, {minutes} minutes, and {seconds} seconds","{ημέρες} ημέρες, {ώρες} ώρες, {λεπτά} λεπτά και {δευτερόλεπτα} δευτερόλεπτα",
src/components/common/OrganizerWebhookTable/index.tsx:79 | src/components/common/WebhookTable/index.tsx:79,,{eventCount} events,{eventCount} συμβάντα,
src/components/common/Countdown/index.tsx:70,,"{hours} hours, {minutes} minutes, and {seconds} seconds","{hours} ώρες, {minutes} λεπτά και {seconds} δευτερόλεπτα",
src/components/common/Countdown/index.tsx:72,,{minutes} minutes and {seconds} seconds,{λεπτά} λεπτά και {δευτερόλεπτα} δευτερόλεπτα,
src/components/routes/welcome/index.tsx:269,,{organizerName}'s first event,Η πρώτη εκδήλωση του/της {organizerName},
src/components/common/EventCard/index.tsx:121,,{totalCount} ticket types,{totalCount} τύποι εισιτηρίων,
src/components/routes/organizer/Settings/Sections/BasicSettings/index.tsx:98,,+1 234 567 890,+1 234 567 890,
src/components/common/ProductsTable/SortableProduct/index.tsx:376,,+Tax/Fees,+Φόρος/Τέλη,
src/components/common/CheckInListList/index.tsx:51,,"<0>Check-in lists help you manage event entry by day, area, or ticket type. You can link tickets to specific lists such as VIP zones or Day 1 passes and share a secure check-in link with staff. No account is required. Check-in works on mobile, desktop, or tablet, using a device camera or HID USB scanner.                                </0>","<0>Οι λίστες check-in σάς βοηθούν να διαχειρίζεστε την είσοδο σε εκδηλώσεις ανά ημέρα, περιοχή ή τύπο εισιτηρίου. Μπορείτε να συνδέσετε εισιτήρια με συγκεκριμένες λίστες, όπως ζώνες VIP ή κάρτες εισόδου Ημέρας 1, και να κοινοποιήσετε έναν ασφαλή σύνδεσμο check-in στο προσωπικό. Δεν απαιτείται λογαριασμός. Το check-in λειτουργεί σε κινητό, υπολογιστή ή tablet, χρησιμοποιώντας μια κάμερα συσκευής ή έναν σαρωτή HID USB.</0>",
src/components/common/WidgetEditor/index.tsx:334,,<0>https://</0>your-website.com,<0>https://</0>your-website.com,
src/components/forms/ProductForm/index.tsx:309,,<0>Please enter the price excluding taxes and fees.</0><1>Taxes and fees can be added below.</1>,<0>Εισαγάγετε την τιμή χωρίς φόρους και τέλη.</0><1>Οι φόροι και τα τέλη μπορούν να προστεθούν παρακάτω.</1>,
src/components/common/CapacityAssignmentList/index.tsx:50,,"<0>Set a single total attendance limit that applies to multiple ticket types at once.</0><1>For example, if you link a <2>Day Pass</2> and a <3>Full Weekend</3> ticket, they will both draw from the same pool of spots. Once the limit is reached, all linked tickets automatically stop selling.</1>","<0>Ορίστε ένα ενιαίο όριο συνολικής προσέλευσης που ισχύει για πολλαπλούς τύπους εισιτηρίων ταυτόχρονα.</0><1>Για παράδειγμα, εάν συνδέσετε ένα εισιτήριο <2>Ημερήσιας Εισόδου</2> και ένα εισιτήριο <3>Ολόκληρου Σαββατοκύριακου</3>, και τα δύο θα προέρχονται από την ίδια ομάδα θέσεων. Μόλις επιτευχθεί το όριο, όλα τα συνδεδεμένα εισιτήρια σταματούν αυτόματα να πωλούνται.</1>",
src/components/forms/ProductForm/index.tsx:326,,<0>The number of products available for this product</0><1>This value can be overridden if there are <2>Capacity Limits</2> associated with this product.</1>,<0>Ο αριθμός των προϊόντων που είναι διαθέσιμα για αυτό το προϊόν</0><1>Αυτή η τιμή μπορεί να παρακαμφθεί εάν υπάρχουν <2>Όρια Χωρητικότητας</2> που σχετίζονται με αυτό το προϊόν.</1>,
src/components/common/OrganizerWebhookTable/index.tsx:205 | src/components/common/WebhookTable/index.tsx:205,,"<0>Webhooks instantly notify external services when events happen, like adding a new attendee to your CRM or mailing list upon registration, ensuring seamless automation.</0><1>Use third-party services like <2>Zapier</2>, <3>IFTTT</3> or <4>Make</4> to create custom workflows and automate tasks.</1>","<0>Τα webhooks ειδοποιούν άμεσα τις εξωτερικές υπηρεσίες όταν συμβαίνουν συμβάντα, όπως η προσθήκη ενός νέου συμμετέχοντα στο CRM ή στη λίστα αλληλογραφίας σας κατά την εγγραφή, διασφαλίζοντας την απρόσκοπτη αυτοματοποίηση.</0><1>Χρησιμοποιήστε υπηρεσίες τρίτων όπως <2>Zapier</2>, <3>IFTTT</3> ή <4>Make</4> για να δημιουργήσετε προσαρμοσμένες ροές εργασίας και να αυτοματοποιήσετε εργασίες.</1>",
src/components/common/PlatformFeesSettings/index.tsx:162,,≈ {0} at current rate,≈ {0} με την τρέχουσα τιμή,
src/components/routes/event/GettingStarted/index.tsx:139,,⚡️ Set up your event,⚡️ Οργανώστε την εκδήλωσή σας,
src/components/routes/event/GettingStarted/index.tsx:124,,🎟️ Add tickets,🎟️ Προσθήκη εισιτηρίων,
src/components/routes/event/GettingStarted/index.tsx:167,,🎨 Customize your event page,🎨 Προσαρμόστε τη σελίδα της εκδήλωσής σας,
src/components/routes/event/GettingStarted/index.tsx:152,,💳 Connect with Stripe,💳 Συνδεθείτε με το Stripe,
src/components/routes/event/GettingStarted/index.tsx:181,,🚀 Set your event live,🚀 Ορίστε την εκδήλωσή σας ζωντανά,
src/components/common/Countdown/index.tsx:34,,0 minutes and 0 seconds,0 λεπτά και 0 δευτερόλεπτα,
src/components/routes/event/Webhooks/index.tsx:23 | src/components/routes/organizer/Webhooks/index.tsx:24,,1 Active Webhook,1 ενεργό webhook,
src/components/modals/SendMessageModal/index.tsx:119,,1 day after end date,1 ημέρα μετά την ημερομηνία λήξης,
src/components/modals/SendMessageModal/index.tsx:113,,1 day after start date,1 ημέρα μετά την ημερομηνία έναρξης,
src/components/modals/SendMessageModal/index.tsx:111,,1 day before event,1 ημέρα πριν από την εκδήλωση,
src/components/modals/SendMessageModal/index.tsx:112,,1 hour before event,1 ώρα πριν από την εκδήλωση,
src/components/routes/product-widget/CollectInformation/index.tsx:611,,1 ticket,1 εισιτήριο,
src/components/common/EventCard/index.tsx:121,,1 ticket type,1 τύπος εισιτηρίου,
src/components/modals/SendMessageModal/index.tsx:110,,1 week before event,1 εβδομάδα πριν από την εκδήλωση,
src/components/routes/event/Settings/Sections/LocationSettings/index.tsx:126 | src/components/routes/organizer/Settings/Sections/AddressSettings/index.tsx:81,,123 Main Street,123 Κεντρική Οδός,
src/components/routes/event/TicketDesigner/TicketDesignerPrint.tsx:81 | src/components/routes/event/TicketDesigner/TicketPreview.tsx:89,,123 Sample Street,Οδός Δείγματος 123,
src/components/common/WidgetEditor/index.tsx:230,,20,20,
src/components/routes/event/Settings/Sections/LocationSettings/index.tsx:150 | src/components/routes/organizer/Settings/Sections/AddressSettings/index.tsx:105,,94103,94103,
src/components/routes/product-widget/OrderSummaryAndProducts/index.tsx:206,,A cancellation notice has been sent to,Έχει σταλεί ειδοποίηση ακύρωσης στο,
src/components/forms/QuestionForm/index.tsx:138,,A date input. Perfect for asking for a date of birth etc.,Εισαγωγή ημερομηνίας. Ιδανικό για να ζητήσετε ημερομηνία γέννησης κ.λπ.,
src/components/forms/TaxAndFeeForm/index.tsx:88,,A default {type} is automaticaly applied to all new products. You can override this on a per product basis.,Ένας προεπιλεγμένος {type} εφαρμόζεται αυτόματα σε όλα τα νέα προϊόντα. Μπορείτε να τον παρακάμψετε για κάθε προϊόν ξεχωριστά.,
src/components/forms/QuestionForm/index.tsx:126,,A Dropdown input allows only one selection,Μια αναπτυσσόμενη λίστα επιτρέπει μόνο μία επιλογή,
src/components/forms/TaxAndFeeForm/index.tsx:20,,"A fee, like a booking fee or a service fee","Μια χρέωση, όπως μια χρέωση κράτησης ή μια χρέωση υπηρεσίας",
src/components/forms/TaxAndFeeForm/index.tsx:35,,"A fixed amount per product. E.g, $0.50 per product","Ένα σταθερό ποσό ανά προϊόν. Π.χ., 0,50 $ ανά προϊόν",
src/components/forms/QuestionForm/index.tsx:108,,A multi line text input,Μια εισαγωγή κειμένου πολλαπλών γραμμών,
src/components/routes/welcome/index.tsx:116,,A new verification code has been sent to your email,Ένας νέος κωδικός επαλήθευσης έχει σταλεί στο email σας,
src/components/forms/TaxAndFeeForm/index.tsx:29,,"A percentage of the product price. E.g., 3.5% of the product price","Ένα ποσοστό της τιμής του προϊόντος. Π.χ., 3,5% της τιμής του προϊόντος",
src/components/forms/PromoCodeForm/index.tsx:67,,A promo code with no discount can be used to reveal hidden products.,Ένας κωδικός προσφοράς χωρίς έκπτωση μπορεί να χρησιμοποιηθεί για την αποκάλυψη κρυφών προϊόντων.,
src/components/forms/QuestionForm/index.tsx:120,,A Radio option has multiple options but only one can be selected.,"Μια επιλογή Ραδιόφωνο έχει πολλές επιλογές, αλλά μπορεί να επιλεγεί μόνο μία.",
src/components/routes/event/Settings/Sections/SeoSettings/index.tsx:72 | src/components/routes/organizer/Settings/Sections/SeoSettings/index.tsx:69,,"A short description of the event that will be displayed in search engine results and when sharing on social media. By default, the event description will be used","Μια σύντομη περιγραφή του συμβάντος που θα εμφανίζεται στα αποτελέσματα των μηχανών αναζήτησης και κατά την κοινοποίηση στα μέσα κοινωνικής δικτύωσης. Από προεπιλογή, θα χρησιμοποιείται η περιγραφή του συμβάντος",
src/components/routes/organizer/Settings/Sections/BasicSettings/index.tsx:89,,A short description of your organizer that will be displayed to your users.,Μια σύντομη περιγραφή του οργανωτή σας που θα εμφανίζεται στους χρήστες σας.,
src/components/forms/QuestionForm/index.tsx:102,,A single line text input,Μια εισαγωγή κειμένου μίας γραμμής,
src/components/forms/QuestionForm/index.tsx:87,,"A single question per order. E.g, What is your shipping address?","Μία μόνο ερώτηση ανά παραγγελία. Π.χ., Ποια είναι η διεύθυνση αποστολής σας;",
src/components/forms/QuestionForm/index.tsx:93,,"A single question per product. E.g, What is your t-shirt size?","Μία μόνο ερώτηση ανά προϊόν. Π.χ., Ποιο είναι το μέγεθος της μπλούζας σας;",
src/components/forms/TaxAndFeeForm/index.tsx:14,,"A standard tax, like VAT or GST","Ένας τυπικός φόρος, όπως ΦΠΑ ή GST",
src/components/common/OrdersTable/index.tsx:429,,Abandoned,Εγκαταλειμμένος,
src/components/layouts/EventHomepage/index.tsx:389,,About,Σχετικά,
src/components/routes/account/ManageAccount/sections/PaymentSettings/index.tsx:434 | src/components/routes/account/ManageAccount/sections/PaymentSettings/index.tsx:463 | src/components/routes/account/ManageAccount/sections/PaymentSettings/index.tsx:681,,About Stripe Connect,Σχετικά με το Stripe Connect,
src/components/common/PlatformFeesSettings/index.tsx:195,,Absorb fee,Απορροφήστε το τέλος,
src/components/common/PlatformFeesSettings/index.tsx:232,,Absorb Fee,Απορροφήστε Τέλος,
src/components/common/ThemeColorControls/index.tsx:51 | src/components/routes/event/TicketDesigner/index.tsx:129,,Accent Color,Χρώμα έμφασης,
src/components/routes/event/Settings/Sections/PaymentSettings/index.tsx:94,,"Accept bank transfers, checks, or other offline payment methods","Δεχτείτε τραπεζικές μεταφορές, επιταγές ή άλλες μεθόδους πληρωμής εκτός σύνδεσης",
src/components/routes/event/Settings/Sections/PaymentSettings/index.tsx:89,,Accept credit card payments with Stripe,Δεχτείτε πληρωμές με πιστωτική κάρτα με το Stripe,
src/components/routes/auth/AcceptInvitation/index.tsx:87,,Accept invitation,Αποδοχή πρόσκλησης,
src/components/routes/auth/AcceptInvitation/index.tsx:166,,Accept Invitation,Αποδοχή πρόσκλησης,
src/components/routes/account/ManageAccount/sections/PaymentSettings/index.tsx:358 | src/components/routes/account/ManageAccount/sections/PaymentSettings/index.tsx:609,,Access Denied,Δεν επιτρέπεται η πρόσβαση,
src/components/common/AdminOrdersTable/index.tsx:70 | src/components/routes/account/ManageAccount/index.tsx:24 | src/components/routes/account/ManageAccount/sections/AccountSettings/index.tsx:53 | src/components/routes/admin/Dashboard/index.tsx:353 | src/components/routes/admin/Dashboard/index.tsx:400 | src/components/routes/admin/Messages/index.tsx:164 | src/components/routes/admin/Messages/index.tsx:281,,Account,Λογαριασμός,
src/components/routes/account/ManageAccount/sections/PaymentSettings/index.tsx:343,,Account already connected!,Ο λογαριασμός έχει ήδη συνδεθεί!,
src/components/modals/EditAccountConfigurationModal/index.tsx:70,,Account configuration updated successfully,Η διαμόρφωση λογαριασμού ενημερώθηκε με επιτυχία.,
src/components/routes/admin/Accounts/AccountDetail/index.tsx:123,,Account Information,Πληροφορίες Λογαριασμού,
src/components/routes/account/ManageAccount/sections/AccountSettings/index.tsx:62,,Account Name,Όνομα λογαριασμού,
src/components/routes/admin/Accounts/AccountDetail/index.tsx:87,,Account not found,Ο λογαριασμός δεν βρέθηκε,
src/components/common/GlobalMenu/index.tsx:47 | src/components/routes/account/ManageAccount/index.tsx:19,,Account Settings,Ρυθμίσεις λογαριασμού,
src/components/routes/account/ManageAccount/sections/AccountSettings/index.tsx:42,,Account updated successfully,Ο λογαριασμός ενημερώθηκε με επιτυχία.,
src/components/common/AdminUsersTable/index.tsx:127 | src/components/layouts/Admin/index.tsx:14 | src/components/routes/admin/Accounts/index.tsx:57 | src/components/routes/admin/Attribution/index.tsx:132,,Accounts,Λογαριασμοί,
src/components/routes/account/ManageAccount/sections/PaymentSettings/index.tsx:71,,Action Required: Reconnect Your Stripe Account,Απαιτούμενη ενέργεια: Επανασύνδεση του λογαριασμού σας Stripe,
src/components/routes/account/ManageAccount/sections/PaymentSettings/VatSettings/index.tsx:57,,Action Required: VAT Information Needed,Απαιτούμενη ενέργεια: Απαιτούνται πληροφορίες ΦΠΑ,
src/components/common/AdminEventsTable/index.tsx:112 | src/components/common/AffiliateTable/index.tsx:172 | src/components/common/AttendeeTable/index.tsx:346 | src/components/common/OrdersTable/index.tsx:438 | src/components/common/ProductsTable/SortableProduct/index.tsx:471 | src/components/common/WaitlistTable/index.tsx:55 | src/components/common/WaitlistTable/index.tsx:210 | src/components/routes/admin/FailedJobs/index.tsx:167,,Actions,Ενέργειες,
src/components/common/AttendeeTable/index.tsx:370,,Activate,Δραστηριοποιώ,
src/components/forms/CheckInListForm/index.tsx:83,,Activation date,Ημερομηνία ενεργοποίησης,
src/components/common/AffiliateTable/index.tsx:136 | src/components/common/AttendeeTable/index.tsx:283 | src/components/common/CheckInListList/index.tsx:118 | src/components/common/EmailTemplateSettings/EmailTemplateSettingsBase.tsx:269 | src/components/forms/AffiliateForm/index.tsx:21 | src/components/forms/CapaciyAssigmentForm/index.tsx:19 | src/components/modals/EditUserModal/index.tsx:116 | src/components/routes/event/attendees.tsx:27,,Active,Ενεργός,
src/components/routes/admin/Dashboard/index.tsx:354,,Active Events,Ενεργά Συμβάντα,
src/components/forms/CheckInListForm/index.tsx:53,,Add a description for this check-in list,Προσθήκη περιγραφής για αυτήν τη λίστα check-in,
src/components/modals/ManageAttendeeModal/index.tsx:131,,Add any notes about the attendee. These will not be visible to the attendee.,Προσθέστε τυχόν σημειώσεις σχετικά με τον συμμετέχοντα. Αυτές δεν θα είναι ορατές στον συμμετέχοντα.,
src/components/modals/ManageAttendeeModal/index.tsx:133,,Add any notes about the attendee...,Προσθέστε τυχόν σημειώσεις σχετικά με τον συμμετέχοντα...,
src/components/modals/ManageOrderModal/index.tsx:165,,Add any notes about the order. These will not be visible to the customer.,Προσθέστε τυχόν σημειώσεις σχετικά με την παραγγελία. Αυτές δεν θα είναι ορατές στον πελάτη.,
src/components/modals/ManageOrderModal/index.tsx:169,,Add any notes about the order...,Προσθέστε τυχόν σημειώσεις σχετικά με την παραγγελία...,
src/components/common/QuestionsTable/index.tsx:433,,Add custom questions to collect additional information during checkout,Προσθέστε προσαρμοσμένες ερωτήσεις για να συλλέξετε πρόσθετες πληροφορίες κατά την ολοκλήρωση της αγοράς,
src/components/forms/QuestionForm/index.tsx:202,,Add description,Προσθήκη περιγραφής,
src/components/routes/event/GettingStarted/index.tsx:142,,Add event details and manage event settings.,Προσθέστε λεπτομέρειες συμβάντος και διαχειριστείτε τις ρυθμίσεις συμβάντος.,
src/components/routes/event/Settings/Sections/PaymentSettings/index.tsx:156,,"Add instructions for offline payments (e.g., bank transfer details, where to send checks, payment deadlines)","Προσθέστε οδηγίες για πληρωμές εκτός σύνδεσης (π.χ. στοιχεία τραπεζικής μεταφοράς, πού να στείλετε επιταγές, προθεσμίες πληρωμής)",
src/components/routes/event/GettingStarted/index.tsx:132,,Add More tickets,Προσθήκη περισσότερων εισιτηρίων,
src/components/common/HeadingCard/index.tsx:27,,Add New,Προσθήκη νέου,
src/components/forms/QuestionForm/index.tsx:68,,Add Option,Προσθήκη επιλογής,
src/components/common/ProductsTable/ProductsBlankSlate/index.tsx:73,,Add Product,Προσθήκη προϊόντος,
src/components/common/ProductsTable/ProductsBlankSlate/index.tsx:54,,Add Product to Category,Προσθήκη προϊόντος στην κατηγορία,
src/components/common/QuestionsTable/index.tsx:224 | src/components/common/QuestionsTable/index.tsx:478,,Add Question,Προσθήκη ερώτησης,
src/components/routes/account/ManageAccount/sections/TaxSettings/index.tsx:20,,Add Tax or Fee,Προσθήκη φόρου ή τέλους,
src/components/common/AddToCalendarCTA/index.tsx:20,,Add this event to your calendar,Προσθήκη αυτής της εκδήλωσης στο ημερολόγιό σας,
src/components/routes/event/GettingStarted/index.tsx:132,,Add tickets,Προσθήκη εισιτηρίων,
src/components/forms/ProductForm/index.tsx:360,,Add tier,Προσθήκη επιπέδου,
src/components/common/AddEventToCalendarButton/index.tsx:14 | src/components/common/AddToCalendarCTA/index.tsx:24 | src/components/layouts/EventHomepage/index.tsx:322,,Add to Calendar,Προσθήκη στο Ημερολόγιο,
src/components/common/OrganizerWebhookTable/index.tsx:223 | src/components/common/WebhookTable/index.tsx:223 | src/components/routes/event/Webhooks/index.tsx:37 | src/components/routes/organizer/Webhooks/index.tsx:35,,Add Webhook,Προσθήκη Webhook,
src/components/routes/organizer/Settings/Sections/SocialLinks/index.tsx:185,,Add your social media handles and website URL. These will be displayed on your public organizer page.,Προσθέστε τους κωδικούς πρόσβασης στα μέσα κοινωνικής δικτύωσης και τη διεύθυνση URL του ιστότοπού σας. Αυτά θα εμφανίζονται στη σελίδα δημόσιου οργανωτή σας.,
src/components/common/PlatformFeesSettings/index.tsx:260,,Additional Fees,Πρόσθετες χρεώσεις,
src/components/routes/product-widget/OrderSummaryAndProducts/index.tsx:380,,Additional Information,Πρόσθετες πληροφορίες,
src/components/common/OrderDetails/index.tsx:96 | src/components/forms/QuestionForm/index.tsx:130 | src/components/routes/organizer/Settings/index.tsx:41 | src/components/routes/organizer/Settings/Sections/AddressSettings/index.tsx:67,,Address,Διεύθυνση,
src/components/common/CheckoutQuestion/index.tsx:156,,Address line 1,Γραμμή διεύθυνσης 1,
src/components/routes/event/Settings/Sections/LocationSettings/index.tsx:125 | src/components/routes/organizer/Settings/Sections/AddressSettings/index.tsx:80 | src/components/routes/product-widget/CollectInformation/index.tsx:523 | src/components/routes/product-widget/CollectInformation/index.tsx:524,,Address Line 1,Γραμμή Διεύθυνσης 1,
src/components/common/CheckoutQuestion/index.tsx:159,,Address line 2,Γραμμή διεύθυνσης 2,
src/components/routes/event/Settings/Sections/LocationSettings/index.tsx:130 | src/components/routes/organizer/Settings/Sections/AddressSettings/index.tsx:85 | src/components/routes/product-widget/CollectInformation/index.tsx:528 | src/components/routes/product-widget/CollectInformation/index.tsx:529,,Address Line 2,Γραμμή Διεύθυνσης 2,
src/components/layouts/Admin/index.tsx:12 | src/components/modals/EditUserModal/index.tsx:49 | src/components/modals/InviteUserModal/index.tsx:41,,Admin,Διαχειριστής,
src/components/routes/event/Settings/Sections/DangerZoneSettings/index.tsx:70 | src/components/routes/organizer/Settings/Sections/DangerZoneSettings/index.tsx:76,,Admin Access Required,Απαιτείται πρόσβαση διαχειριστή,
src/components/common/GlobalMenu/index.tsx:63 | src/components/layouts/Admin/index.tsx:27 | src/components/routes/admin/Dashboard/index.tsx:70,,Admin Dashboard,Πίνακας ελέγχου διαχειριστή,
src/components/modals/EditUserModal/index.tsx:51 | src/components/modals/InviteUserModal/index.tsx:43,,Admin users have full access to events and account settings.,Οι χρήστες-διαχειριστές έχουν πλήρη πρόσβαση σε συμβάντα και ρυθμίσεις λογαριασμού.,
src/components/common/AffiliateTable/index.tsx:87,,Affiliate,Εισδέχομαι μέλη,
src/components/forms/AffiliateForm/index.tsx:75,,Affiliate code cannot be changed,Ο κωδικός συνεργάτη δεν μπορεί να αλλάξει,
src/components/modals/CreateAffiliateModal/index.tsx:55,,Affiliate created successfully,Ο συνεργάτης δημιουργήθηκε με επιτυχία.,
src/components/common/AffiliateTable/index.tsx:42,,Affiliate deleted successfully,Ο συνεργάτης διαγράφηκε με επιτυχία.,
src/components/forms/AffiliateForm/index.tsx:23,,Affiliate sales will be tracked,Οι πωλήσεις συνεργατών θα παρακολουθούνται,
src/components/forms/AffiliateForm/index.tsx:29,,Affiliate sales will not be tracked. This will deactivate the affiliate.,Οι πωλήσεις συνεργατών δεν θα παρακολουθούνται. Αυτό θα απενεργοποιήσει τον συνεργάτη.,
src/components/modals/EditAffiliateModal/index.tsx:63,,Affiliate updated successfully,Ο συνεργάτης ενημερώθηκε με επιτυχία.,
src/components/layouts/Event/index.tsx:116 | src/components/modals/DuplicateEventModal/index.tsx:33 | src/components/routes/event/Affiliates/index.tsx:66,,Affiliates,Συνεργάτες,
src/components/routes/event/Affiliates/index.tsx:49,,Affiliates Exported,Εξαγωγή Συνεργατών,
src/components/common/AffiliateTable/index.tsx:63,,Affiliates help you track sales generated by partners and influencers. Create affiliate codes and share them to monitor performance.,Οι συνεργάτες σας βοηθούν να παρακολουθείτε τις πωλήσεις που δημιουργούνται από συνεργάτες και influencers. Δημιουργήστε κωδικούς συνεργατών και κοινοποιήστε τους για να παρακολουθείτε την απόδοση.,
src/components/routes/events/Dashboard/index.tsx:77,,All Archived Events,Όλα τα αρχειοθετημένα συμβάντα,
src/components/common/MessageList/index.tsx:29 | src/components/routes/product-widget/CollectInformation/index.tsx:505,,All attendees,Όλοι οι συμμετέχοντες,
src/components/modals/SendMessageModal/index.tsx:290,,All attendees of this event,Όλοι οι συμμετέχοντες σε αυτή την εκδήλωση,
src/components/common/OrganizerReportTable/index.tsx:291,,All Currencies,Όλα τα νομίσματα,
src/components/routes/account/ManageAccount/sections/PaymentSettings/index.tsx:185,,All done! You're now using our upgraded payment system.,Όλα έτοιμα! Χρησιμοποιείτε πλέον το αναβαθμισμένο σύστημα πληρωμών μας.,
src/components/routes/events/Dashboard/index.tsx:75,,All Ended Events,Όλα τα ολοκληρωμένα συμβάντα,
src/components/routes/organizer/Reports/PlatformFeesReport/index.tsx:33,,All Events,Όλες οι εκδηλώσεις,
src/components/routes/admin/FailedJobs/index.tsx:90,,All failed jobs deleted,Όλες οι αποτυχημένες εργασίες διαγράφηκαν,
src/components/routes/admin/FailedJobs/index.tsx:76,,All jobs queued for retry,Όλες οι εργασίες βρίσκονται σε ουρά για επανάληψη,
src/components/common/PromoCodeTable/index.tsx:136,,All Products,Όλα τα προϊόντα,
src/components/routes/event/SoldOutWaitlist/index.tsx:64,,All Statuses,Όλες οι καταστάσεις,
src/components/routes/events/Dashboard/index.tsx:73,,All Upcoming Events,Όλες οι επερχόμενες εκδηλώσεις,
src/components/routes/event/Settings/Sections/PaymentSettings/index.tsx:160,,Allow attendees associated with unpaid orders to check in,Να επιτρέπεται στους συμμετέχοντες που σχετίζονται με απλήρωτες παραγγελίες να κάνουν check in,
src/components/common/SelfServiceSettings/index.tsx:23,,"Allow attendees to update their ticket information (name, email) via a secure link sent with their order confirmation.","Επιτρέψτε στους συμμετέχοντες να ενημερώσουν τα στοιχεία του εισιτηρίου τους (όνομα, email) μέσω ενός ασφαλούς συνδέσμου που αποστέλλεται με την επιβεβαίωση της παραγγελίας τους.",
src/components/forms/ProductForm/index.tsx:491,,Allow customers to join a waitlist when this product is sold out,Επιτρέψτε στους πελάτες να εγγραφούν σε λίστα αναμονής όταν αυτό το προϊόν εξαντληθεί,
src/components/routes/event/Settings/Sections/SeoSettings/index.tsx:85 | src/components/routes/organizer/Settings/Sections/SeoSettings/index.tsx:82,,Allow search engine indexing,Να επιτρέπεται η δημιουργία ευρετηρίου από μηχανές αναζήτησης,
src/components/routes/event/Settings/Sections/SeoSettings/index.tsx:84 | src/components/routes/organizer/Settings/Sections/SeoSettings/index.tsx:81,,Allow search engines to index this event,Να επιτρέπεται στις μηχανές αναζήτησης να δημιουργούν ευρετήριο για αυτό το συμβάν,
src/components/routes/account/ManageAccount/sections/PaymentSettings/index.tsx:205 | src/components/routes/account/ManageAccount/sections/PaymentSettings/index.tsx:417,,Almost there! Finish connecting your Stripe account to start accepting payments.,Σχεδόν τελειώσατε! Ολοκληρώστε τη σύνδεση του λογαριασμού σας Stripe για να αρχίσετε να δέχεστε πληρωμές.,
src/components/routes/product-widget/PaymentReturn/index.tsx:90,,Almost there! We're just waiting for your payment to be processed. This should only take a few seconds.,Σχεδόν έτοιμοι! Περιμένουμε απλώς την επεξεργασία της πληρωμής σας. Αυτό θα διαρκέσει μόνο λίγα δευτερόλεπτα.,
src/components/routes/auth/Register/index.tsx:75,,Already have an account? <0>{0}</0>,Έχετε ήδη λογαριασμό; <0>{0}</0>,
src/components/modals/RefundOrderModal/index.tsx:85,,Already Refunded,Ήδη επιστρεφόμενα χρήματα,
src/components/modals/RefundOrderModal/index.tsx:131,,Also cancel this order,Ακύρωση και αυτής της παραγγελίας,
src/components/modals/CancelOrderModal/index.tsx:76,,Also refund this order,"Επίσης, επιστροφή χρημάτων για αυτήν την παραγγελία.",
src/components/common/ProductsTable/SortableProduct/index.tsx:447,,Always available,Πάντα διαθέσιμο,
src/components/routes/event/Settings/Sections/SeoSettings/index.tsx:80 | src/components/routes/organizer/Settings/Sections/SeoSettings/index.tsx:77,,"Amazing, Event, Keywords...","Καταπληκτικό, Εκδήλωση, Λέξεις-κλειδιά...",
src/components/common/OrdersTable/index.tsx:341 | src/components/forms/TaxAndFeeForm/index.tsx:71 | src/components/routes/product-widget/SelectProducts/Prices/Tiered/index.tsx:36,,Amount,Ποσό,
src/components/routes/organizer/Reports/PlatformFeesReport/index.tsx:69,,Amount Paid,Ποσό που καταβλήθηκε,
src/components/modals/CreateAttendeeModal/index.tsx:176,,Amount paid ({0}),Ποσό που καταβλήθηκε ({0}),
src/components/forms/AffiliateForm/index.tsx:90,,An email to associate with this affiliate. The affiliate will not be notified.,Ένα email για να συνδεθείτε με αυτόν τον συνεργάτη. Ο συνεργάτης δεν θα ειδοποιηθεί.,
src/mutations/useExportAnswers.ts:45,,An error occurred while checking export status.,Παρουσιάστηκε σφάλμα κατά τον έλεγχο της κατάστασης εξαγωγής.,
src/components/common/ErrorDisplay/index.tsx:19,,An error occurred while loading the page,Παρουσιάστηκε σφάλμα κατά τη φόρτωση της σελίδας,
src/components/forms/ProductForm/index.tsx:514,,"An optional message to display on the highlighted product, e.g. \""Selling fast 🔥\"" or \""Best value\""","Ένα προαιρετικό μήνυμα για εμφάνιση στο επισημασμένο προϊόν, π.χ. \""Γρήγορη πώληση 🔥\"" ή \""Καλύτερη αξία\""",
src/components/forms/StripeCheckoutForm/index.tsx:40,,An unexpected error occurred.,Παρουσιάστηκε ένα μη αναμενόμενο σφάλμα.,
src/hooks/useFormErrorResponseHandler.tsx:48,,An unexpected error occurred. Please try again.,Παρουσιάστηκε ένα μη αναμενόμενο σφάλμα. Δοκιμάστε ξανά.,
src/components/common/QuestionAndAnswerList/index.tsx:97,,Answer updated successfully.,Η απάντηση ενημερώθηκε με επιτυχία.,
src/components/routes/event/Settings/Sections/EmailSettings/GeneralEmailSettings.tsx:65,,"Any queries from product holders will be sent to this email address. This will also be used as the \""reply-to\"" address for all emails sent from this event","Οποιαδήποτε ερωτήματα από κατόχους προϊόντων θα αποστέλλονται σε αυτήν τη διεύθυνση ηλεκτρονικού ταχυδρομείου. Αυτή θα χρησιμοποιηθεί επίσης ως διεύθυνση \""απάντησης\"" για όλα τα μηνύματα ηλεκτρονικού ταχυδρομείου που αποστέλλονται από αυτήν την εκδήλωση.",
src/components/common/WidgetEditor/index.tsx:216,,Appearance,Εμφάνιση,
src/components/routes/admin/Accounts/AccountDetail/index.tsx:176,,Application Fees Configuration,Διαμόρφωση Τελών Αίτησης,
src/components/routes/product-widget/SelectProducts/index.tsx:565,,applied,εφαρμοσμένος,
src/components/common/CapacityAssignmentList/index.tsx:99,,Applies to {0} products,Ισχύει για {0} προϊόντα,
src/components/common/CapacityAssignmentList/index.tsx:100,,Applies to 1 product,Ισχύει για 1 προϊόν,
src/components/common/FilterModal/index.tsx:284,,Apply,Εφαρμόζω,
src/components/routes/product-widget/SelectProducts/index.tsx:593,,Apply Promo Code,Εφαρμογή κωδικού προσφοράς,
src/components/forms/TaxAndFeeForm/index.tsx:86,,Apply this {type} to all new products,Εφαρμογή αυτού του {type} σε όλα τα νέα προϊόντα,
src/components/routes/admin/Messages/index.tsx:232,,Approve Message,Έγκριση μηνύματος,
src/components/routes/event/Settings/Sections/DangerZoneSettings/index.tsx:61 | src/components/routes/organizer/Settings/Sections/DangerZoneSettings/index.tsx:67,,Archive,Αρχείο,
src/components/common/EventCard/index.tsx:149,,Archive event,Αρχείο συμβάντος,
src/components/routes/event/Settings/Sections/DangerZoneSettings/index.tsx:122 | src/components/routes/event/Settings/Sections/DangerZoneSettings/index.tsx:136,,Archive Event,Αρχείο συμβάντος,
src/components/routes/organizer/Settings/Sections/DangerZoneSettings/index.tsx:128 | src/components/routes/organizer/Settings/Sections/DangerZoneSettings/index.tsx:145,,Archive Organizer,Οργανωτής αρχείων,
src/components/routes/event/Settings/Sections/DangerZoneSettings/index.tsx:126,,Archive this event to hide it from the public. You can restore it later.,Αρχειοθετήστε αυτό το συμβάν για να το αποκρύψετε από το κοινό. Μπορείτε να το επαναφέρετε αργότερα.,
src/components/routes/organizer/Settings/Sections/DangerZoneSettings/index.tsx:134,,Archive this organizer. This will also archive all events belonging to this organizer.,Αρχειοθέτηση αυτού του διοργανωτή. Αυτό θα αρχειοθετήσει επίσης όλα τα συμβάντα που ανήκουν σε αυτόν τον διοργανωτή.,
src/components/common/EventCard/index.tsx:80 | src/components/common/EventsDashboardStatusButtons/index.tsx:32,,Archived,Αρχειοθετημένο,
src/components/modals/SwitchOrganizerModal/index.tsx:106,,Archived Organizers,Αρχειοθετημένοι Οργανωτές,
src/components/common/AttendeeTable/index.tsx:82,,Are you sure you want to activate this attendee?,Είστε βέβαιοι ότι θέλετε να ενεργοποιήσετε αυτόν τον συμμετέχοντα;,
src/components/common/EventCard/index.tsx:60,,Are you sure you want to archive this event?,Είστε βέβαιοι ότι θέλετε να αρχειοθετήσετε αυτό το συμβάν;,
src/components/routes/event/Settings/Sections/DangerZoneSettings/index.tsx:47,,Are you sure you want to archive this event? It will no longer be visible to the public.,Είστε βέβαιοι ότι θέλετε να αρχειοθετήσετε αυτό το συμβάν; Δεν θα είναι πλέον ορατό στο κοινό.,
src/components/routes/organizer/Settings/Sections/DangerZoneSettings/index.tsx:53,,Are you sure you want to archive this organizer? This will also archive all events belonging to this organizer.,Είστε βέβαιοι ότι θέλετε να αρχειοθετήσετε αυτόν τον οργανωτή; Αυτό θα αρχειοθετήσει επίσης όλα τα συμβάντα που ανήκουν σε αυτόν τον οργανωτή.,
src/components/common/AttendeeTable/index.tsx:83,,Are you sure you want to cancel this attendee? This will void their ticket,Είστε βέβαιοι ότι θέλετε να ακυρώσετε αυτόν τον συμμετέχοντα; Αυτό θα ακυρώσει το εισιτήριό του.,
src/components/routes/event/messages.tsx:35,,Are you sure you want to cancel this scheduled message?,Είστε βέβαιοι ότι θέλετε να ακυρώσετε αυτό το προγραμματισμένο μήνυμα;,
src/components/routes/admin/FailedJobs/index.tsx:85,,Are you sure you want to delete all failed jobs?,Είστε βέβαιοι ότι θέλετε να διαγράψετε όλες τις αποτυχημένες εργασίες;,
src/components/common/AffiliateTable/index.tsx:207,,Are you sure you want to delete this affiliate? This action cannot be undone.,Είστε βέβαιοι ότι θέλετε να διαγράψετε αυτόν τον συνεργάτη; Αυτή η ενέργεια δεν μπορεί να αναιρεθεί.,
src/components/routes/admin/Configurations/index.tsx:39,,Are you sure you want to delete this configuration? This may affect accounts using it.,Είστε βέβαιοι ότι θέλετε να διαγράψετε αυτήν τη διαμόρφωση; Αυτό μπορεί να επηρεάσει τους λογαριασμούς που τη χρησιμοποιούν.,
src/components/common/PromoCodeTable/index.tsx:40,,Are you sure you want to delete this promo code?,Είστε σίγουροι ότι θέλετε να διαγράψετε αυτόν τον κωδικό προσφοράς;,
src/components/common/EmailTemplateSettings/EmailTemplateSettingsBase.tsx:103,,Are you sure you want to delete this template? This action cannot be undone and emails will fall back to the default template.,Είστε βέβαιοι ότι θέλετε να διαγράψετε αυτό το πρότυπο; Αυτή η ενέργεια δεν μπορεί να αναιρεθεί και τα μηνύματα ηλεκτρονικού ταχυδρομείου θα επανέλθουν στο προεπιλεγμένο πρότυπο.,
src/components/common/EmailTemplateSettings/EmailTemplateSettingsBase.tsx:102,,Are you sure you want to delete this template? This action cannot be undone and emails will fall back to the organizer or default template.,Είστε βέβαιοι ότι θέλετε να διαγράψετε αυτό το πρότυπο; Αυτή η ενέργεια δεν μπορεί να αναιρεθεί και τα μηνύματα ηλεκτρονικού ταχυδρομείου θα επιστρέψουν στον οργανωτή ή στο προεπιλεγμένο πρότυπο.,
src/components/common/OrganizerWebhookTable/index.tsx:122 | src/components/common/WebhookTable/index.tsx:122,,Are you sure you want to delete this webhook?,Είστε βέβαιοι ότι θέλετε να διαγράψετε αυτό το webhook;,
src/components/layouts/Checkout/index.tsx:305,,Are you sure you want to leave?,Είστε σίγουρος/η ότι θέλετε να αποχωρήσετε;,
src/components/layouts/Event/index.tsx:156 | src/components/routes/event/EventDashboard/index.tsx:75,,Are you sure you want to make this event draft? This will make the event invisible to the public,Είστε βέβαιοι ότι θέλετε να κάνετε αυτό το συμβάν προσχέδιο; Αυτό θα κάνει το συμβάν αόρατο στο κοινό.,
src/components/layouts/Event/index.tsx:157 | src/components/routes/event/EventDashboard/index.tsx:76,,Are you sure you want to make this event public? This will make the event visible to the public,Είστε βέβαιοι ότι θέλετε να κάνετε αυτό το συμβάν δημόσιο; Αυτό θα το κάνει ορατό στο κοινό.,
src/components/layouts/OrganizerLayout/index.tsx:131,,Are you sure you want to make this organizer draft? This will make the organizer page invisible to the public,Είστε βέβαιοι ότι θέλετε να κάνετε αυτό το προσχέδιο του οργανωτή; Αυτό θα κάνει τη σελίδα του οργανωτή αόρατη στο κοινό.,
src/components/layouts/OrganizerLayout/index.tsx:132,,Are you sure you want to make this organizer public? This will make the organizer page visible to the public,Είστε βέβαιοι ότι θέλετε να κάνετε αυτόν τον οργανωτή δημόσιο; Αυτό θα κάνει τη σελίδα του οργανωτή ορατή στο κοινό.,
src/components/common/WaitlistTable/index.tsx:117,,Are you sure you want to offer a spot to this person? They will receive an email notification.,Είστε βέβαιοι ότι θέλετε να προσφέρετε μια θέση σε αυτό το άτομο; Θα λάβει μια ειδοποίηση μέσω email.,
src/components/common/StatusToggle/index.tsx:40,,"Are you sure you want to publish this event? Once published, it will be visible to the public.","Είστε σίγουροι ότι θέλετε να δημοσιεύσετε αυτό το συμβάν; Μόλις δημοσιευτεί, θα είναι ορατό στο κοινό.",
src/components/common/StatusToggle/index.tsx:41,,"Are you sure you want to publish this organizer profile? Once published, it will be visible to the public.","Είστε βέβαιοι ότι θέλετε να δημοσιεύσετε αυτό το προφίλ διοργανωτή; Μόλις δημοσιευτεί, θα είναι ορατό στο κοινό.",
src/components/common/WaitlistTable/index.tsx:100,,Are you sure you want to remove this entry from the waitlist?,Είστε σίγουροι ότι θέλετε να καταργήσετε αυτήν την καταχώρηση από τη λίστα αναμονής;,
src/components/routes/product-widget/OrderSummaryAndProducts/index.tsx:514,,Are you sure you want to resend the order confirmation to {0}?,Είστε βέβαιοι ότι θέλετε να στείλετε ξανά την επιβεβαίωση παραγγελίας στον/στην {0};,
src/components/routes/product-widget/OrderSummaryAndProducts/index.tsx:489,,Are you sure you want to resend the ticket to {0}?,Είστε βέβαιοι ότι θέλετε να στείλετε ξανά το εισιτήριο στον/στην {0};,
src/components/routes/event/Settings/Sections/DangerZoneSettings/index.tsx:46,,Are you sure you want to restore this event?,Είστε βέβαιοι ότι θέλετε να επαναφέρετε αυτό το συμβάν;,
src/components/common/EventCard/index.tsx:61,,Are you sure you want to restore this event? It will be restored as a draft event.,Είστε βέβαιοι ότι θέλετε να επαναφέρετε αυτό το συμβάν; Θα επαναφερθεί ως πρόχειρο συμβάν.,
src/components/routes/organizer/Settings/Sections/DangerZoneSettings/index.tsx:52,,Are you sure you want to restore this organizer?,Είστε βέβαιοι ότι θέλετε να επαναφέρετε αυτόν τον οργανωτή;,
src/components/common/StatusToggle/index.tsx:43,,Are you sure you want to unpublish this event? It will no longer be visible to the public.,Είστε βέβαιοι ότι θέλετε να καταργήσετε τη δημοσίευση αυτού του συμβάντος; Δεν θα είναι πλέον ορατό στο κοινό.,
src/components/common/StatusToggle/index.tsx:44,,Are you sure you want to unpublish this organizer profile? It will no longer be visible to the public.,Είστε βέβαιοι ότι θέλετε να καταργήσετε τη δημοσίευση αυτού του προφίλ διοργανωτή; Δεν θα είναι πλέον ορατό στο κοινό.,
src/components/common/CapacityAssignmentList/index.tsx:165,,Are you sure you would like to delete this Capacity Assignment?,Είστε βέβαιοι ότι θέλετε να διαγράψετε αυτήν την Εκχώρηση Χωρητικότητας;,
src/components/common/CheckInListList/index.tsx:185,,Are you sure you would like to delete this Check-In List?,Είστε σίγουροι ότι θέλετε να διαγράψετε αυτήν τη λίστα check-in;,
src/components/routes/account/ManageAccount/sections/PaymentSettings/VatSettings/VatSettingsForm.tsx:198,,Are you VAT registered in the EU?,Είστε εγγεγραμμένος στο ΦΠΑ στην ΕΕ;,
src/constants/eventCategories.ts:11,,Art,Τέχνη,
src/components/routes/account/ManageAccount/sections/PaymentSettings/VatSettings/index.tsx:34,,"As your business is based in Ireland, Irish VAT at 23% applies automatically to all platform fees.","Καθώς η επιχείρησή σας εδρεύει στην Ιρλανδία, ο ιρλανδικός ΦΠΑ 23% εφαρμόζεται αυτόματα σε όλα τα τέλη πλατφόρμας.",
src/components/routes/account/ManageAccount/sections/PaymentSettings/VatSettings/index.tsx:59 | src/components/routes/account/ManageAccount/sections/PaymentSettings/VatSettings/VatSettingsModal.tsx:21,,"As your business is based in the EU, we need to determine the correct VAT treatment for our platform fees:","Καθώς η επιχείρησή σας εδρεύει στην ΕΕ, πρέπει να καθορίσουμε τη σωστή μεταχείριση ΦΠΑ για τις χρεώσεις της πλατφόρμας μας:",
src/components/common/QuestionsTable/index.tsx:383,,Ask for name and email for each ticket purchased,Ζητήστε όνομα και email για κάθε εισιτήριο που αγοράζετε,
src/components/forms/QuestionForm/index.tsx:85,,Ask once per order,Ρωτήστε μία φορά ανά παραγγελία,
src/components/forms/QuestionForm/index.tsx:91,,Ask once per product,Ερώτηση μία φορά ανά προϊόν,
src/components/routes/admin/Accounts/AccountDetail/index.tsx:179,,Assigned Configuration,Εκχωρημένη διαμόρφωση,
src/components/routes/admin/Accounts/AccountDetail/index.tsx:224,,Assigned Tier,Ανατεθειμένη βαθμίδα,
src/components/modals/CreateOrganizerWebhookModal/index.tsx:33 | src/components/modals/CreateWebhookModal/index.tsx:33,,At least one event type must be selected,Πρέπει να επιλεγεί τουλάχιστον ένας τύπος συμβάντος,
src/components/routes/account/ManageAccount/sections/PaymentSettings/VatSettings/VatSettingsForm.tsx:100,,Attempts,Προσπάθειες,
src/components/routes/organizer/Reports/index.tsx:36,,Attendance and check-in rates across all events,Τιμές προσέλευσης και check-in σε όλες τις εκδηλώσεις,
src/components/common/AttendeeTicket/index.tsx:108 | src/components/common/Editor/Controls/InsertLiquidVariableControl.tsx:54 | src/components/common/Editor/Controls/InsertLiquidVariableControl.tsx:55 | src/components/common/QuestionsTable/index.tsx:461 | src/components/routes/product-widget/CollectInformation/index.tsx:643,,Attendee,Συμμετέχων,
src/components/forms/WebhookForm/index.tsx:115,,Attendee Cancelled,Ο συμμετέχων ακυρώθηκε,
src/components/forms/WebhookForm/index.tsx:103,,Attendee Created,Δημιουργήθηκε ο συμμετέχων,
src/components/common/AttendeeTable/index.tsx:137 | src/components/modals/ManageAttendeeModal/index.tsx:147,,Attendee Details,Στοιχεία Συμμετέχοντα,
src/components/common/QuestionsTable/index.tsx:423,,Attendee details collection,Συλλογή στοιχείων συμμετεχόντων,
src/components/common/QuestionsTable/index.tsx:331,,Attendee details copied from order,Τα στοιχεία του συμμετέχοντα αντιγράφηκαν από την παραγγελία,
src/components/common/Editor/Controls/InsertLiquidVariableControl.tsx:55,,Attendee Email,Ηλεκτρονικό ταχυδρομείο συμμετέχοντα,
src/components/common/QuestionsTable/index.tsx:416,,Attendee Information,Πληροφορίες Συμμετέχοντα,
src/components/routes/event/Settings/Sections/HomepageAndCheckoutSettings/index.tsx:119,,Attendee information collection,Συλλογή πληροφοριών συμμετεχόντων,
src/components/common/Editor/Controls/InsertLiquidVariableControl.tsx:54,,Attendee Name,Όνομα Συμμετέχοντα,
src/components/layouts/CheckIn/index.tsx:250,,Attendee not found,Ο συμμετέχων δεν βρέθηκε,
src/components/modals/ManageAttendeeModal/index.tsx:153,,Attendee Notes,Σημειώσεις Συμμετέχοντα,
src/components/routes/event/attendees.tsx:74,,Attendee Status,Κατάσταση Συμμετέχοντα,
src/components/common/EmailTemplateEditor/EmailTemplateEditor.tsx:95 | src/components/common/EmailTemplateSettings/EmailTemplateSettingsBase.tsx:203 | src/components/modals/ManageAttendeeModal/index.tsx:172,,Attendee Ticket,Εισιτήριο Συμμετέχοντα,
src/components/forms/WebhookForm/index.tsx:109,,Attendee Updated,Ενημερώθηκε ο συμμετέχων,
src/components/routes/product-widget/OrderSummaryAndProducts/index.tsx:437,,Attendee updated successfully,Ο συμμετέχων ενημερώθηκε με επιτυχία,
src/components/common/CheckInStatusModal/index.tsx:99,,Attendee's ticket not included in this list,Το εισιτήριο του συμμετέχοντα δεν περιλαμβάνεται σε αυτήν τη λίστα,
src/components/common/EventCard/index.tsx:231 | src/components/common/ProductsTable/SortableProduct/index.tsx:386 | src/components/common/StatBoxes/index.tsx:45 | src/components/layouts/Event/index.tsx:120 | src/components/modals/ManageOrderModal/index.tsx:126 | src/components/routes/admin/Messages/index.tsx:90 | src/components/routes/admin/Messages/index.tsx:139 | src/components/routes/event/attendees.tsx:175 | src/components/routes/organizer/OrganizerDashboard/index.tsx:133,,Attendees,Συμμετέχοντες,
src/components/routes/event/attendees.tsx:133,,Attendees Exported,Εξαγωγή συμμετεχόντων,
src/components/common/EventCard/index.tsx:228,,Attendees registered,Εγγεγραμμένοι συμμετέχοντες,
src/components/routes/event/EventDashboard/index.tsx:277,,Attendees Registered,Εγγεγραμμένοι συμμετέχοντες,
src/components/modals/SendMessageModal/index.tsx:286,,Attendees with a specific ticket,Συμμετέχοντες με συγκεκριμένο εισιτήριο,
src/components/common/AdminEventsTable/index.tsx:138,,Attendees:,Συμμετέχοντες:,
src/components/routes/admin/Attribution/index.tsx:29,,Attribution Analytics,Αναλυτικά στοιχεία απόδοσης,
src/components/routes/admin/Attribution/index.tsx:97,,Attribution Breakdown,Ανάλυση απόδοσης,
src/components/routes/admin/Attribution/index.tsx:131,,Attribution Value,Τιμή απόδοσης,
src/components/common/WidgetEditor/index.tsx:236,,Auto Resize,Αυτόματη αλλαγή μεγέθους,
src/components/modals/OfferWaitlistModal/index.tsx:87,,Auto-offer is enabled,Η αυτόματη προσφορά είναι ενεργοποιημένη,
src/components/routes/event/Settings/Sections/WaitlistSettings/index.tsx:63,,Auto-Process Waitlist,Αυτόματη επεξεργασία λίστας αναμονής,
src/components/common/ThemeColorControls/index.tsx:72,,"Automatically detected based on background color, but can be overridden","Ανιχνεύεται αυτόματα με βάση το χρώμα φόντου, αλλά μπορεί να παρακαμφθεί",
src/components/routes/event/Settings/Sections/WaitlistSettings/index.tsx:64,,"Automatically offer tickets to the next person when capacity becomes available. If disabled, you can manually process the waitlist from the Waitlist page.","Αυτόματη προσφορά εισιτηρίων στο επόμενο άτομο όταν υπάρξει διαθέσιμη χωρητικότητα. Εάν είναι απενεργοποιημένη, μπορείτε να επεξεργαστείτε τη λίστα αναμονής χειροκίνητα από τη σελίδα Λίστας Αναμονής.",
src/components/common/WidgetEditor/index.tsx:238,,"Automatically resize the widget height based on the content. When disabled, the widget will fill the height of the container.","Αυτόματη αλλαγή μεγέθους του ύψους του γραφικού στοιχείου με βάση το περιεχόμενο. Όταν είναι απενεργοποιημένο, το γραφικό στοιχείο θα γεμίσει το ύψος του κοντέινερ.",
src/components/modals/OfferWaitlistModal/index.tsx:163,,Available,Διαθέσιμος,
src/components/modals/RefundOrderModal/index.tsx:92,,Available to Refund,Διαθέσιμο για επιστροφή χρημάτων,
src/components/common/Editor/Controls/LiquidTokenControl.tsx:49,,Available Tokens,Διαθέσιμα Tokens,
src/components/common/OrderStatusBadge/index.tsx:15 | src/components/modals/SendMessageModal/index.tsx:334,,Awaiting offline payment,Αναμονή πληρωμής εκτός σύνδεσης,
src/components/routes/event/orders.tsx:25 | src/components/routes/product-widget/OrderSummaryAndProducts/index.tsx:59,,Awaiting Offline Payment,Αναμονή πληρωμής εκτός σύνδεσης,
src/components/routes/organizer/OrganizerDashboard/index.tsx:363,,Awaiting Offline Pmt.,Αναμονή για αποστολή εκτός σύνδεσης.,
src/components/common/CheckIn/AttendeeList.tsx:91,,Awaiting payment,Αναμονή πληρωμής,
src/components/common/AttendeeTable/index.tsx:289 | src/components/common/OrdersTable/index.tsx:417 | src/components/routes/event/attendees.tsx:29 | src/components/routes/organizer/OrganizerDashboard/index.tsx:360 | src/components/routes/product-widget/OrderSummaryAndProducts/index.tsx:56,,Awaiting Payment,Αναμονή πληρωμής,
src/components/forms/OrganizerForm/index.tsx:29,,Awesome Events Ltd.,Awesome Events Ltd.,
src/components/routes/organizer/Settings/Sections/BasicSettings/index.tsx:74,,Awesome Organizer Ltd.,Awesome Organizer Ltd.,
src/components/routes/admin/Accounts/AccountDetail/index.tsx:114,,Back to Accounts,Επιστροφή στους Λογαριασμούς,
src/components/forms/StripeCheckoutForm/index.tsx:108 | src/components/routes/product-widget/CollectInformation/index.tsx:336 | src/components/routes/product-widget/CollectInformation/index.tsx:364 | src/components/routes/product-widget/CollectInformation/index.tsx:393,,Back to Event,Επιστροφή στην Εκδήλωση,
src/components/layouts/Checkout/index.tsx:192,,Back to event page,Επιστροφή στη σελίδα της εκδήλωσης,
src/components/routes/auth/ForgotPassword/index.tsx:48 | src/components/routes/auth/ForgotPassword/index.tsx:74 | src/components/routes/auth/ResetPassword/index.tsx:79,,Back to login,Επιστροφή στη σύνδεση,
src/components/routes/event/messages.tsx:56,,Back to messages,Επιστροφή στα μηνύματα,
src/components/routes/organizer/Reports/ReportLayout/index.tsx:42,,Back to Reports,Επιστροφή στις Αναφορές,
src/components/common/ThemeColorControls/index.tsx:61 | src/components/common/WidgetEditor/index.tsx:181,,Background Color,Χρώμα φόντου,
src/components/routes/event/HomepageDesigner/index.tsx:226 | src/components/routes/organizer/OrganizerHomepageDesigner/index.tsx:258,,Background Type,Τύπος φόντου,
src/components/routes/organizer/Settings/index.tsx:29 | src/components/routes/organizer/Settings/Sections/BasicSettings/index.tsx:63,,Basic Information,Βασικές πληροφορίες,
src/components/layouts/AuthLayout/index.tsx:52,,Beautiful checkout experience on any device,Όμορφη εμπειρία ολοκλήρωσης αγοράς σε οποιαδήποτε συσκευή,
src/components/routes/event/GettingStarted/index.tsx:97,,"Before your event can go live, there are a few things you need to do. Complete all the steps below to get started.","Πριν από τη μετάδοση της εκδήλωσής σας, υπάρχουν μερικά πράγματα που πρέπει να κάνετε. Ολοκληρώστε όλα τα παρακάτω βήματα για να ξεκινήσετε.",
src/components/routes/product-widget/CollectInformation/index.tsx:517 | src/components/routes/product-widget/OrderSummaryAndProducts/index.tsx:287,,Billing Address,Διεύθυνση χρέωσης,
src/components/routes/event/Settings/Sections/PaymentSettings/index.tsx:170,,Billing Settings,Ρυθμίσεις χρέωσης,
src/components/common/EmailTemplateEditor/EmailTemplateEditor.tsx:47,,Body is required,Απαιτείται σώμα,
src/components/routes/product-widget/OrderSummaryAndProducts/index.tsx:201,,Bookmark this page to manage your order anytime.,Προσθήκη σελιδοδείκτη σε αυτήν τη σελίδα για να διαχειρίζεστε την εγγραφή σας ανά πάσα στιγμή.,
src/components/routes/event/TicketDesigner/index.tsx:108,,"Brand your tickets with a custom logo, colors, and footer message.","Δώστε στα εισιτήριά σας ένα εμπορικό σήμα με ένα προσαρμοσμένο λογότυπο, χρώματα και μήνυμα στο υποσέλιδο.",
src/components/common/LanguageSwitcher/index.tsx:32,,Brazilian Portuguese,Πορτογαλικά Βραζιλίας,
src/constants/eventCategories.ts:17,,Business,Επιχείρηση,
src/components/modals/EditAccountVatSettingsModal/index.tsx:147,,Business Address,Διεύθυνση επιχείρησης,
src/components/modals/EditAccountVatSettingsModal/index.tsx:148,,Business address for VAT purposes,Διεύθυνση επιχείρησης για σκοπούς ΦΠΑ,
src/components/modals/EditAccountVatSettingsModal/index.tsx:140 | src/components/routes/admin/Accounts/AccountDetail/index.tsx:294,,Business Name,Εμπορική επωνυμία,
src/components/common/EmailTemplateEditor/CTAConfiguration.tsx:27,,Button Label,Ετικέτα κουμπιού,
src/components/routes/event/HomepageDesigner/index.tsx:245,,Button Text,Κείμενο κουμπιού,
src/components/common/PlatformFeesSettings/index.tsx:63,,Buyer pays,Ο αγοραστής πληρώνει,
src/components/common/PlatformFeesSettings/index.tsx:238,,Buyers see a clean price. The platform fee is deducted from your payout.,Οι αγοραστές βλέπουν μια καθαρή τιμή. Η χρέωση πλατφόρμας αφαιρείται από την πληρωμή σας.,
src/components/routes/product-widget/CollectInformation/index.tsx:732 | src/components/routes/product-widget/Payment/index.tsx:152,,"By continuing, you agree to the <0>{0} Terms of Service</0>","Συνεχίζοντας, συμφωνείτε με τους <0>{0} Όρους Παροχής Υπηρεσιών</0>",
src/components/routes/auth/Register/index.tsx:141,,By registering you agree to our <0>Terms of Service</0> and <1>Privacy Policy</1>.,"Με την εγγραφή σας, συμφωνείτε με τους <0>Όρους Παροχής Υπηρεσιών</0> και την <1>Πολιτική Απορρήτου</1> μας.",
src/components/routes/admin/Configurations/index.tsx:258,,Bypass Application Fees,Τέλη Αίτησης Παράκαμψης,
src/components/forms/TaxAndFeeForm/index.tsx:52,,Calculation Type,Τύπος υπολογισμού,
src/components/routes/event/Settings/Sections/LocationSettings/index.tsx:143 | src/components/routes/organizer/Settings/Sections/AddressSettings/index.tsx:98,,California,Καλιφόρνια,
src/components/common/EmailTemplateEditor/CTAConfiguration.tsx:20,,Call-to-Action Button,Κουμπί παρότρυνσης για δράση,
src/components/common/AttendeeCheckInTable/PermissionDeniedMessage.tsx:16,,"Camera permission was denied. <0>Request Permission</0> again, or if this doesn't work, you will need to <1>grant this page</1> access to your camera in your browser settings.","Η άδεια χρήσης της κάμερας απορρίφθηκε. <0>Υποβάλετε ξανά αίτημα για άδεια</0> ή, εάν αυτό δεν λειτουργήσει, θα πρέπει να <1>παραχωρήσετε σε αυτήν τη σελίδα</1> πρόσβαση στην κάμερά σας στις ρυθμίσεις του προγράμματος περιήγησής σας.",
src/components/common/CheckIn/ScannerSelectionModal.tsx:35,,Camera Scanner,Σαρωτής κάμερας,
src/components/routes/admin/Attribution/index.tsx:107,,Campaign,Εκστρατεία,
src/components/common/AttendeeTable/index.tsx:370 | src/components/common/CheckIn/CheckInOptionsModal.tsx:59 | src/components/common/CheckIn/ScannerSelectionModal.tsx:57 | src/components/common/ContactOrganizerModal/index.tsx:104 | src/components/common/EmailTemplateSettings/EmailTemplateSettingsBase.tsx:123 | src/components/common/PromoCodeTable/index.tsx:43 | src/components/common/QuestionAndAnswerList/index.tsx:149 | src/components/common/WaitlistTable/index.tsx:111 | src/components/common/WaitlistTable/index.tsx:132 | src/components/routes/event/messages.tsx:82 | src/components/routes/event/Settings/Sections/DangerZoneSettings/index.tsx:61 | src/components/routes/organizer/Settings/Sections/DangerZoneSettings/index.tsx:67 | src/components/routes/product-widget/OrderSummaryAndProducts/EditAttendeeModal/index.tsx:85 | src/components/routes/product-widget/OrderSummaryAndProducts/EditOrderModal/index.tsx:85 | src/utilites/confirmationDialog.tsx:17,,Cancel,Ματαίωση,
src/components/modals/RefundOrderModal/index.tsx:132,,Cancel all products and release them back to the pool,Ακυρώστε όλα τα προϊόντα και επιστρέψτε τα στην πισίνα,
src/components/routes/profile/ManageProfile/index.tsx:136,,Cancel email change,Ακύρωση αλλαγής email,
src/components/common/OrdersTable/index.tsx:186,,Cancel order,Ακύρωση παραγγελίας,
src/components/modals/CancelOrderModal/index.tsx:83,,Cancel Order,Ακύρωση παραγγελίας,
src/components/modals/CancelOrderModal/index.tsx:57,,Cancel Order {0},Ακύρωση παραγγελίας {0},
src/components/modals/CancelOrderModal/index.tsx:67,,"Canceling will cancel all attendees associated with this order, and release the tickets back into the available pool.",Η ακύρωση θα ακυρώσει όλους τους συμμετέχοντες που σχετίζονται με αυτήν την παραγγελία και θα επιστρέψει τα εισιτήρια στο διαθέσιμο απόθεμα.,
src/components/common/AttendeeTable/index.tsx:295 | src/components/common/AttendeeTicket/index.tsx:149 | src/components/common/OrdersTable/index.tsx:423 | src/components/common/OrderStatusBadge/index.tsx:12 | src/components/common/WaitlistTable/index.tsx:27 | src/components/routes/admin/Messages/index.tsx:126 | src/components/routes/event/attendees.tsx:28 | src/components/routes/event/orders.tsx:24 | src/components/routes/event/SoldOutWaitlist/index.tsx:75 | src/components/routes/organizer/OrganizerDashboard/index.tsx:357 | src/components/routes/product-widget/OrderSummaryAndProducts/index.tsx:97,,Cancelled,Ακυρώθηκε,
src/components/common/CheckIn/AttendeeList.tsx:30,,Cannot Check In,Δεν είναι δυνατή η είσοδος,
src/components/common/CheckIn/AttendeeList.tsx:34,,Cannot Check In (Cancelled),Δεν είναι δυνατή η άφιξη (Ακυρώθηκε),
src/components/routes/admin/Configurations/index.tsx:35,,Cannot delete the system default configuration,Δεν είναι δυνατή η διαγραφή της προεπιλεγμένης διαμόρφωσης συστήματος,
src/components/forms/CapaciyAssigmentForm/index.tsx:42,,Capacity,Ικανότητα,
src/components/modals/CreateCapacityAssignmentModal/index.tsx:36,,Capacity Assignment created successfully,Η ανάθεση χωρητικότητας δημιουργήθηκε με επιτυχία,
src/components/common/CapacityAssignmentList/index.tsx:34,,Capacity Assignment deleted successfully,Η ανάθεση χωρητικότητας διαγράφηκε με επιτυχία,
src/components/modals/DuplicateEventModal/index.tsx:28,,Capacity Assignments,Αναθέσεις Χωρητικότητας,
src/components/layouts/Event/index.tsx:124,,Capacity Management,Διαχείριση Χωρητικότητας,
src/components/modals/CreateProductCategoryModal/index.tsx:56,,"Categories allow you to group products together. For example, you might have a category for \""Tickets\"" and another for \""Merchandise\"".","Οι κατηγορίες σάς επιτρέπουν να ομαδοποιείτε προϊόντα. Για παράδειγμα, μπορεί να έχετε μια κατηγορία για \""Εισιτήρια\"" και μια άλλη για \""Εμπορεύματα\"".",
src/components/forms/ProductForm/index.tsx:289,,Categories help you organize your products. This title will be displayed on the public event page.,Οι κατηγορίες σάς βοηθούν να οργανώσετε τα προϊόντα σας. Αυτός ο τίτλος θα εμφανίζεται στη σελίδα της δημόσιας εκδήλωσης.,
src/components/common/ProductsTable/SortableCategory/index.tsx:93,,Categories reordered successfully.,Οι κατηγορίες αναδιατάχθηκαν με επιτυχία.,
src/components/routes/event/products.tsx:101 | src/components/routes/event/Settings/Sections/EventDetailsForm/index.tsx:84,,Category,Κατηγορία,
src/components/modals/CreateProductCategoryModal/index.tsx:37,,Category Created Successfully,Η κατηγορία δημιουργήθηκε με επιτυχία,
src/components/routes/profile/ManageProfile/index.tsx:238,,Change password,Αλλαγή κωδικού πρόσβασης,
src/components/modals/OfferWaitlistModal/index.tsx:98,,Change waitlist settings,Αλλαγή ρυθμίσεων λίστας αναμονής,
src/constants/eventCategories.ts:15,,Charity,Φιλανθρωπία,
src/components/common/CheckIn/AttendeeList.tsx:41,,Check In,Ελεγχος εισιτηρίου,
src/components/common/CheckIn/CheckInOptionsModal.tsx:27,,Check in {0} {1},Άφιξη {0} {1},
src/components/common/CheckIn/CheckInOptionsModal.tsx:52,,Check in and mark order as paid,Κάντε check in και σημειώστε την παραγγελία ως πληρωμένη,
src/components/common/CheckIn/CheckInOptionsModal.tsx:43,,Check in only,Μόνο για check-in,
src/components/common/CheckIn/AttendeeList.tsx:38,,Check Out,Αναχωρώ,
src/components/layouts/Checkout/index.tsx:233,,Check out this event!,Δείτε αυτήν την εκδήλωση!,
src/components/routes/auth/ForgotPassword/index.tsx:42 | src/components/routes/welcome/index.tsx:142,,Check your email,Ελέγξτε το email σας,
src/components/routes/auth/Login/index.tsx:133 | src/components/routes/my-tickets/index.tsx:174,,"Check your inbox! If tickets are associated with this email, you'll receive a link to view them.","Ελέγξτε τα εισερχόμενά σας! Εάν υπάρχουν εισιτήρια που σχετίζονται με αυτό το μήνυμα ηλεκτρονικού ταχυδρομείου, θα λάβετε έναν σύνδεσμο για να τα δείτε.",
src/components/forms/WebhookForm/index.tsx:121,,Check-in Created,Δημιουργήθηκε check-in,
src/components/forms/WebhookForm/index.tsx:127,,Check-in Deleted,Η άφιξη διαγράφηκε,
src/components/modals/CheckInListSuccessModal/index.tsx:20,,Check-In List Created,Δημιουργήθηκε λίστα check-in,
src/components/common/CheckInListList/index.tsx:35,,Check-In List deleted successfully,Η λίστα check-in διαγράφηκε με επιτυχία,
src/components/layouts/CheckIn/index.tsx:420,,Check-in list has expired,Η λίστα check-in έχει λήξει,
src/components/layouts/CheckIn/index.tsx:437,,Check-in list is not active,Η λίστα check-in δεν είναι ενεργή,
src/components/layouts/CheckIn/index.tsx:370,,Check-in list not found,Η λίστα check-in δεν βρέθηκε,
src/components/routes/organizer/Reports/CheckInSummaryReport/index.tsx:51,,Check-in Lists,Λίστες check-in,
src/components/layouts/Event/index.tsx:121 | src/components/modals/DuplicateEventModal/index.tsx:29 | src/components/routes/event/CheckInLists/index.tsx:36,,Check-In Lists,Λίστες Check-In,
src/components/forms/CheckInListForm/index.tsx:31,,"Check-in lists let you control entry across days, areas, or ticket types. You can share a secure check-in link with staff — no account required.","Οι λίστες check-in σάς επιτρέπουν να ελέγχετε την είσοδο σε διάφορες ημέρες, περιοχές ή τύπους εισιτηρίων. Μπορείτε να κοινοποιήσετε έναν ασφαλή σύνδεσμο check-in στο προσωπικό — δεν απαιτείται λογαριασμός.",
src/components/routes/organizer/Reports/CheckInSummaryReport/index.tsx:45,,Check-in Rate,Τιμή άφιξης,
src/components/common/AttendeeTable/index.tsx:307 | src/components/common/CheckInStatusModal/index.tsx:36 | src/components/common/CheckInStatusModal/index.tsx:134,,Check-In Status,Κατάσταση Check-in,
src/components/routes/organizer/Reports/CheckInSummaryReport/index.tsx:58 | src/components/routes/organizer/Reports/index.tsx:35,,Check-in Summary,Σύνοψη Check-in,
src/components/common/CheckInListList/index.tsx:164,,Check-In URL copied to clipboard,Η διεύθυνση URL του check-in αντιγράφηκε στο πρόχειρο,
src/components/common/AttendeeDetails/index.tsx:47,,Check-Ins,Check-in,
src/components/forms/QuestionForm/index.tsx:114,,Checkbox options allow multiple selections,Οι επιλογές πλαισίου ελέγχου επιτρέπουν πολλαπλές επιλογές,
src/components/forms/QuestionForm/index.tsx:112,,Checkboxes,Πλαίσια ελέγχου,
src/components/common/AttendeeTable/index.tsx:322 | src/components/common/CheckInStatusModal/index.tsx:110 | src/components/routes/organizer/Reports/CheckInSummaryReport/index.tsx:40,,Checked In,Έγινε check-in,
src/components/routes/event/Settings/index.tsx:52,,Checkout,Αποχώρηση,
src/components/routes/event/Settings/Sections/HomepageAndCheckoutSettings/index.tsx:87,,Checkout Settings,Ρυθμίσεις ολοκλήρωσης αγοράς,
src/components/common/LanguageSwitcher/index.tsx:34,,Chinese (Simplified),Κινέζικα (Απλοποιημένα),
src/components/common/LanguageSwitcher/index.tsx:36,,Chinese (Traditional),Κινέζικα (Παραδοσιακά),
src/components/routes/event/HomepageDesigner/index.tsx:216 | src/components/routes/organizer/OrganizerHomepageDesigner/index.tsx:248,,Choose a color for your background,Επιλέξτε ένα χρώμα για το φόντο σας,
src/components/modals/ChooseAccountModal/index.tsx:13,,Choose an account,Επιλέξτε έναν λογαριασμό,
src/components/routes/events/Dashboard/index.tsx:233,,Choose an Organizer,Επιλέξτε έναν διοργανωτή,
src/components/common/CalendarOptionsPopover/index.tsx:21,,Choose calendar,Επιλογή ημερολογίου,
src/components/routes/organizer/Settings/Sections/PlatformFeesSettings/index.tsx:45,,Choose the default setting for new events. This can be overridden for individual events.,Επιλέξτε την προεπιλεγμένη ρύθμιση για νέα συμβάντα. Αυτή η ρύθμιση μπορεί να παρακαμφθεί για μεμονωμένα συμβάντα.,
src/components/routes/event/Settings/Sections/PlatformFeesSettings/index.tsx:51,,Choose who pays the platform fee. This does not affect additional fees you've configured in your account settings.,Επιλέξτε ποιος πληρώνει το τέλος πλατφόρμας. Αυτό δεν επηρεάζει τις πρόσθετες χρεώσεις που έχετε ορίσει στις ρυθμίσεις του λογαριασμού σας.,
src/components/common/CheckoutQuestion/index.tsx:162 | src/components/routes/event/Settings/Sections/LocationSettings/index.tsx:137 | src/components/routes/organizer/Settings/Sections/AddressSettings/index.tsx:92 | src/components/routes/product-widget/CollectInformation/index.tsx:537 | src/components/routes/product-widget/CollectInformation/index.tsx:538,,City,Πόλη,
src/components/common/SearchBar/index.tsx:75,,Clear Search Text,Διαγραφή κειμένου αναζήτησης,
src/components/common/PromoCodeTable/index.tsx:103,,Click to copy,Κάντε κλικ για αντιγραφή,
src/components/common/AttendeeTable/index.tsx:207,,Click to view notes,Κάντε κλικ για να δείτε τις σημειώσεις,
src/components/routes/product-widget/SelectProducts/index.tsx:598,,close,κοντά,
src/components/common/AttendeeCheckInTable/PermissionDeniedMessage.tsx:27 | src/components/layouts/Checkout/index.tsx:187 | src/components/modals/JoinWaitlistModal/index.tsx:103 | src/components/modals/JoinWaitlistModal/index.tsx:130 | src/components/modals/RefundOrderModal/index.tsx:169 | src/components/routes/product-widget/SelectProducts/index.tsx:375 | src/components/routes/product-widget/SelectProducts/index.tsx:599,,Close,Κοντά,
src/components/modals/CreateEventModal/index.tsx:119,,Close modal,Κλείσιμο modal,
src/components/layouts/Checkout/index.tsx:183,,Close popup window and return to event page.,Κλείστε το αναδυόμενο παράθυρο και επιστρέψτε στη σελίδα του συμβάντος.,
src/components/layouts/AppLayout/Sidebar/index.tsx:98,,Close sidebar,Κλείσιμο πλευρικής γραμμής,
src/components/common/AffiliateTable/index.tsx:86 | src/components/common/PromoCodeTable/index.tsx:74 | src/components/forms/AffiliateForm/index.tsx:38 | src/components/forms/AffiliateForm/index.tsx:72 | src/components/forms/PromoCodeForm/index.tsx:42,,Code,Κώδικας,
src/components/modals/CreateAffiliateModal/index.tsx:31,,"Code can only contain letters, numbers, hyphens, and underscores","Ο κώδικας μπορεί να περιέχει μόνο γράμματα, αριθμούς, παύλες και υπογράμμιση",
src/components/modals/CreateAffiliateModal/index.tsx:30,,Code is required,Απαιτείται κωδικός,
src/components/modals/CreateAffiliateModal/index.tsx:32,,Code must be at least 3 characters,Ο κωδικός πρέπει να έχει τουλάχιστον 3 χαρακτήρες,
src/components/modals/CreatePromoCodeModal/index.tsx:26 | src/components/modals/EditPromoCodeModal/index.tsx:38,,Code must be between 3 and 50 characters long,Ο κωδικός πρέπει να έχει μήκος μεταξύ 3 και 50 χαρακτήρων,
src/components/modals/CreateAffiliateModal/index.tsx:33,,Code must be no more than 20 characters,Ο κωδικός δεν πρέπει να υπερβαίνει τους 20 χαρακτήρες,
src/components/layouts/OrganizerLayout/index.tsx:170,,Collaborate with your team to create amazing events together.,Συνεργαστείτε με την ομάδα σας για να δημιουργήσετε μαζί εκπληκτικές εκδηλώσεις.,
src/components/forms/ProductForm/index.tsx:473,,Collapse this product when the event page is initially loaded,Σύμπτυξη αυτού του προϊόντος κατά την αρχική φόρτωση της σελίδας συμβάντος,
src/components/routes/event/Settings/Sections/HomepageAndCheckoutSettings/index.tsx:46 | src/components/routes/organizer/Settings/Sections/EventDefaults/index.tsx:34,,Collect attendee details for each ticket purchased.,Συλλέξτε τα στοιχεία των συμμετεχόντων για κάθε εισιτήριο που αγοράστηκε.,
src/components/common/QuestionsTable/index.tsx:387,,Collect details per order,Συλλογή λεπτομερειών ανά παραγγελία,
src/components/common/QuestionsTable/index.tsx:381,,Collect details per ticket,Συλλογή λεπτομερειών ανά εισιτήριο,
src/components/routes/event/HomepageDesigner/index.tsx:214 | src/components/routes/organizer/OrganizerHomepageDesigner/index.tsx:246,,Color,Χρώμα,
src/components/common/ThemeColorControls/index.tsx:70,,Color Mode,Λειτουργία χρώματος,
src/components/common/WidgetEditor/index.tsx:19,,Color must be a valid hex color code. Example: #ffffff,Το χρώμα πρέπει να είναι ένας έγκυρος δεκαεξαδικός κωδικός χρώματος. Παράδειγμα: #ffffff,
src/components/common/WidgetEditor/index.tsx:173,,Colors,Χρωματιστά,
src/components/common/ColumnVisibilityToggle/index.tsx:21,,Columns,Στήλες,
src/constants/eventCategories.ts:9,,Comedy,Κωμωδία,
src/components/layouts/AppLayout/Sidebar/index.tsx:68,,Coming Soon,Σύντομα διαθέσιμο,
src/components/routes/event/Settings/Sections/SeoSettings/index.tsx:78 | src/components/routes/organizer/Settings/Sections/SeoSettings/index.tsx:75,,Comma seperated keywords that describe the event. These will be used by search engines to help categorize and index the event,Λέξεις-κλειδιά διαχωρισμένες με κόμμα που περιγράφουν το συμβάν. Αυτές θα χρησιμοποιηθούν από τις μηχανές αναζήτησης για να βοηθήσουν στην κατηγοριοποίηση και την ευρετηρίαση του συμβάντος.,
src/components/routes/profile/ManageProfile/index.tsx:204,,Communication Preferences,Προτιμήσεις επικοινωνίας,
src/components/routes/product-widget/CollectInformation/index.tsx:728,,Complete Order,Ολοκλήρωση Εγγραφής,
src/components/routes/product-widget/CollectInformation/index.tsx:346 | src/components/routes/product-widget/Payment/index.tsx:148,,Complete Payment,Ολοκλήρωση πληρωμής,
src/components/common/StripeConnectButton/index.tsx:87 | src/components/routes/event/EventDashboard/index.tsx:243,,Complete Stripe Setup,Ολοκληρώστε τη ρύθμιση της λωρίδας,
src/components/routes/account/ManageAccount/sections/PaymentSettings/index.tsx:115,,Complete the setup below to continue,Ολοκληρώστε την παρακάτω ρύθμιση για να συνεχίσετε,
src/components/routes/event/EventDashboard/index.tsx:165,,Complete these steps to start selling tickets for your event.,Ολοκληρώστε αυτά τα βήματα για να ξεκινήσετε την πώληση εισιτηρίων για την εκδήλωσή σας.,
src/components/routes/product-widget/CollectInformation/index.tsx:417,,"Complete your order to secure your tickets. This offer is time-limited, so don't wait too long.","Ολοκληρώστε την παραγγελία σας για να εξασφαλίσετε τα εισιτήριά σας. Αυτή η προσφορά είναι περιορισμένης διάρκειας, οπότε μην περιμένετε πολύ.",
src/components/routes/product-widget/CollectInformation/index.tsx:344,,Complete your payment to secure your tickets.,Ολοκληρώστε την πληρωμή σας για να εξασφαλίσετε τα εισιτήριά σας.,
src/components/routes/auth/AcceptInvitation/index.tsx:88,,Complete your profile to join the team.,Συμπληρώστε το προφίλ σας για να γίνετε μέλος της ομάδας.,
src/components/common/OrdersTable/index.tsx:405 | src/components/modals/SendMessageModal/index.tsx:333 | src/components/routes/event/GettingStarted/index.tsx:75 | src/components/routes/event/orders.tsx:23 | src/components/routes/my-tickets/index.tsx:34 | src/components/routes/organizer/OrganizerDashboard/index.tsx:354,,Completed,Ολοκληρώθηκε το,
src/components/common/StatBoxes/index.tsx:75,,Completed orders,Ολοκληρωμένες παραγγελίες,
src/components/routes/event/EventDashboard/index.tsx:275,,Completed Orders,Ολοκληρωμένες παραγγελίες,
src/components/common/WidgetEditor/index.tsx:293,,Component Code,Κωδικός Στοιχείου,
src/components/routes/event/messages.tsx:240 | src/components/routes/event/messages.tsx:287,,Compose,Συνθέτω,
src/components/routes/event/Settings/Sections/LocationSettings/index.tsx:120,,Conference Center,Συνεδριακό Κέντρο,
src/components/routes/admin/Accounts/AccountDetail/index.tsx:42,,Configuration assigned successfully,Η διαμόρφωση ανατέθηκε με επιτυχία,
src/components/routes/admin/Configurations/index.tsx:195,,Configuration created successfully,Η διαμόρφωση δημιουργήθηκε με επιτυχία,
src/components/routes/admin/Configurations/index.tsx:41,,Configuration deleted successfully,Η διαμόρφωση διαγράφηκε με επιτυχία.,
src/components/routes/admin/Configurations/index.tsx:74,,Configuration names are visible to end users. Fixed fees will be converted to the order currency at the current exchange rate.,Τα ονόματα των ρυθμίσεων παραμέτρων είναι ορατά στους τελικούς χρήστες. Οι σταθερές χρεώσεις θα μετατραπούν στο νόμισμα της παραγγελίας με την τρέχουσα συναλλαγματική ισοτιμία.,
src/components/routes/admin/Configurations/index.tsx:195,,Configuration updated successfully,Η διαμόρφωση ενημερώθηκε με επιτυχία.,
src/components/layouts/Admin/index.tsx:21 | src/components/routes/admin/Configurations/index.tsx:64,,Configurations,Διαμορφώσεις,
src/components/routes/event/Settings/index.tsx:158,,"Configure event details, location, checkout options, and email notifications.","Ρυθμίστε τις λεπτομέρειες της εκδήλωσης, την τοποθεσία, τις επιλογές ολοκλήρωσης αγοράς και τις ειδοποιήσεις μέσω email.",
src/components/common/QuestionsTable/index.tsx:417,,Configure how attendee details are collected during checkout,Ρύθμιση παραμέτρων για τον τρόπο συλλογής των στοιχείων των συμμετεχόντων κατά την ολοκλήρωση της αγοράς,
src/components/common/PlatformFeesSettings/index.tsx:267,,Configure Taxes & Fees,Ρύθμιση παραμέτρων φόρων και τελών,
src/components/routes/event/Reports/PromoCodesReport/index.tsx:35,,Configured Discount,Διαμορφωμένη έκπτωση,
src/utilites/confirmationDialog.tsx:16,,Confirm,Επιβεβαιώνω,
src/components/routes/product-widget/CollectInformation/index.tsx:462 | src/components/routes/product-widget/CollectInformation/index.tsx:463 | src/components/routes/product-widget/CollectInformation/index.tsx:687 | src/components/routes/product-widget/CollectInformation/index.tsx:688,,Confirm Email Address,Επιβεβαίωση Ηλεκτρονικής Διεύθυνσης,
src/components/routes/profile/ConfirmEmailChange/index.tsx:51 | src/components/routes/profile/ConfirmEmailChange/index.tsx:56,,Confirm Email Change,Επιβεβαίωση αλλαγής email,
src/components/routes/auth/ResetPassword/index.tsx:71,,Confirm new password,Επιβεβαίωση νέου κωδικού πρόσβασης,
src/components/routes/profile/ManageProfile/index.tsx:236,,Confirm New Password,Επιβεβαίωση νέου κωδικού πρόσβασης,
src/components/routes/auth/AcceptInvitation/index.tsx:134 | src/components/routes/auth/Register/index.tsx:119,,Confirm password,Επιβεβαίωση κωδικού πρόσβασης,
src/components/routes/auth/AcceptInvitation/index.tsx:133 | src/components/routes/auth/Register/index.tsx:118 | src/components/routes/auth/ResetPassword/index.tsx:70,,Confirm Password,Επιβεβαίωση κωδικού πρόσβασης,
src/components/layouts/Event/index.tsx:259,,Confirm your email to access all features.,Επιβεβαιώστε το email σας για να αποκτήσετε πρόσβαση σε όλες τις λειτουργίες.,
src/components/layouts/OrganizerLayout/index.tsx:311,,Confirmation email sent! Please check your inbox.,Το email επιβεβαίωσης στάλθηκε! Ελέγξτε τα εισερχόμενά σας.,
src/components/routes/product-widget/OrderSummaryAndProducts/index.tsx:196,,Confirmation sent to,Η επιβεβαίωση στάλθηκε σε,
src/components/routes/profile/ConfirmEmailAddress/index.tsx:36,,Confirming email address...,Επιβεβαίωση διεύθυνσης ηλεκτρονικού ταχυδρομείου...,
src/components/routes/event/GettingStarted/index.tsx:93,,Congratulations on creating an event!,Συγχαρητήρια για τη δημιουργία μιας εκδήλωσης!,
src/components/modals/EventLiveCelebrationModal/index.tsx:52,,Congratulations! Your event is now visible to the public.,Συγχαρητήρια! Η εκδήλωσή σας είναι πλέον ορατή στο κοινό.,
src/components/routes/account/ManageAccount/sections/PaymentSettings/index.tsx:235,,Connect & Upgrade,Σύνδεση & Αναβάθμιση,
src/components/routes/account/ManageAccount/sections/PaymentSettings/index.tsx:653,,Connect Documentation,Σύνδεση Τεκμηρίωσης,
src/components/routes/event/EventDashboard/index.tsx:230,,Connect payment processing,Σύνδεση επεξεργασίας πληρωμών,
src/components/layouts/OrganizerLayout/index.tsx:183 | src/components/layouts/OrganizerLayout/index.tsx:191,,Connect Stripe,Σύνδεση Stripe,
src/components/common/EmailTemplateSettings/EmailTemplateSettingsBase.tsx:351,,Connect Stripe to enable email template editing,Συνδέστε το Stripe για να ενεργοποιήσετε την επεξεργασία προτύπων email,
src/components/modals/SendMessageModal/index.tsx:240,,Connect Stripe to enable messaging,Συνδέστε το Stripe για να ενεργοποιήσετε την ανταλλαγή μηνυμάτων,
src/components/routes/event/EventDashboard/index.tsx:243,,Connect to Stripe,Σύνδεση με το Stripe,
src/components/common/StripeConnectButton/index.tsx:85 | src/components/routes/account/ManageAccount/sections/PaymentSettings/index.tsx:235 | src/components/routes/account/ManageAccount/sections/PaymentSettings/index.tsx:454 | src/components/routes/account/ManageAccount/sections/PaymentSettings/index.tsx:671 | src/components/routes/event/GettingStarted/index.tsx:159,,Connect with Stripe,Συνδεθείτε με το Stripe,
src/components/layouts/OrganizerLayout/index.tsx:184,,Connect your Stripe account to accept payments for tickets and products.,Συνδέστε τον λογαριασμό σας Stripe για να δέχεστε πληρωμές για εισιτήρια και προϊόντα.,
src/components/routes/account/ManageAccount/sections/PaymentSettings/index.tsx:223,,Connect your Stripe account to accept payments.,Συνδέστε τον λογαριασμό σας Stripe για να δέχεστε πληρωμές.,
src/components/routes/account/ManageAccount/sections/PaymentSettings/index.tsx:446,,Connect your Stripe account to start accepting payments for your events.,Συνδέστε τον λογαριασμό σας Stripe για να αρχίσετε να δέχεστε πληρωμές για τις εκδηλώσεις σας.,
src/components/routes/account/ManageAccount/sections/PaymentSettings/index.tsx:221,,Connect your Stripe account to start accepting payments.,Συνδέστε τον λογαριασμό σας Stripe για να ξεκινήσετε να δέχεστε πληρωμές.,
src/components/routes/event/GettingStarted/index.tsx:155,,Connect your Stripe account to start receiving payments.,Συνδέστε τον λογαριασμό σας Stripe για να ξεκινήσετε να λαμβάνετε πληρωμές.,
src/components/routes/account/ManageAccount/sections/PaymentSettings/index.tsx:392 | src/components/routes/account/ManageAccount/sections/PaymentSettings/index.tsx:629,,Connected to Stripe,Συνδεδεμένο με το Stripe,
src/components/routes/event/Settings/Sections/LocationSettings/index.tsx:101,,Connection Details,Λεπτομέρειες σύνδεσης,
src/components/common/WaitlistTable/index.tsx:149 | src/components/layouts/EventHomepage/index.tsx:583 | src/components/layouts/OrganizerHomepage/index.tsx:245,,Contact,Επαφή,
src/components/common/ContactOrganizerModal/index.tsx:66,,Contact {0},Επικοινωνία {0},
src/components/forms/OrganizerForm/index.tsx:35,,Contact Email,Ηλεκτρονικό ταχυδρομείο επικοινωνίας,
src/components/common/Editor/Controls/InsertLiquidVariableControl.tsx:48 | src/components/common/Editor/Controls/InsertLiquidVariableControl.tsx:81,,Contact email for support,Ηλεκτρονικό ταχυδρομείο επικοινωνίας για υποστήριξη,
src/components/common/WidgetEditor/index.tsx:29 | src/components/common/WidgetEditor/index.tsx:222 | src/components/layouts/Checkout/CheckoutFooter/index.tsx:57 | src/components/routes/product-widget/SelectProducts/index.tsx:551,,Continue,Συνεχίζω,
src/components/common/WidgetEditor/index.tsx:221 | src/components/routes/event/HomepageDesigner/index.tsx:252,,Continue Button Text,Κείμενο κουμπιού Συνέχεια,
src/components/routes/event/GettingStarted/index.tsx:145,,Continue set up,Συνέχεια ρύθμισης,
src/components/forms/OrganizerForm/index.tsx:125 | src/components/modals/CreateEventModal/index.tsx:264 | src/components/routes/welcome/index.tsx:410,,Continue Setup,Συνέχεια εγκατάστασης,
src/components/routes/product-widget/SelectProducts/index.tsx:404,,Continue to Checkout,Συνέχεια στο Ταμείο,
src/components/forms/OrganizerForm/index.tsx:123,,Continue to event creation,Συνέχεια στη δημιουργία συμβάντος,
src/components/routes/welcome/index.tsx:408,,Continue to next step,Συνέχεια στο επόμενο βήμα,
src/components/routes/product-widget/CollectInformation/index.tsx:728,,Continue to Payment,Συνέχεια στην Πληρωμή,
src/components/routes/event/Settings/Sections/PlatformFeesSettings/index.tsx:49,,Control how platform fees are handled for this event,Ελέγξτε τον τρόπο διαχείρισης των τελών πλατφόρμας για αυτήν την εκδήλωση,
src/components/common/AttendeeTicket/index.tsx:208 | src/components/common/CopyButton/index.tsx:13 | src/components/modals/CheckInListSuccessModal/index.tsx:42 | src/components/modals/EventLiveCelebrationModal/index.tsx:75 | src/components/modals/ShareModal/index.tsx:255,,Copied,Αντιγράφηκε,
src/components/routes/product-widget/CollectInformation/index.tsx:652,,Copied from above,Αντιγράφηκε από παραπάνω,
src/components/common/PromoCodeTable/index.tsx:111,,copied to clipboard,αντιγράφηκε στο πρόχειρο,
src/components/common/AffiliateTable/index.tsx:52,,Copied to clipboard,Αντιγράφηκε στο πρόχειρο,
src/components/modals/EventLiveCelebrationModal/index.tsx:67 | src/components/modals/ShareModal/index.tsx:248,,Copied!,Αντιγράφηκε!,
src/components/common/CopyButton/index.tsx:13 | src/components/modals/CheckInListSuccessModal/index.tsx:42 | src/components/modals/EventLiveCelebrationModal/index.tsx:75 | src/components/modals/ShareModal/index.tsx:255,,Copy,Αντίγραφο,
src/components/common/AffiliateTable/index.tsx:188,,Copy Affiliate Link,Αντιγραφή συνδέσμου συνεργάτη,
src/components/common/CheckInListList/index.tsx:158,,Copy Check-In URL,Αντιγραφή URL Check-In,
src/components/common/AffiliateTable/index.tsx:183,,Copy Code,Αντιγραφή Κώδικα,
src/components/routes/product-widget/CollectInformation/index.tsx:481,,Copy details to first attendee,Αντιγραφή λεπτομερειών στον πρώτο συμμετέχοντα,
src/components/common/AttendeeTable/index.tsx:197 | src/components/common/OrdersTable/index.tsx:256,,Copy Email,Αντιγραφή email,
src/components/modals/EventLiveCelebrationModal/index.tsx:67,,Copy link,Αντιγραφή συνδέσμου,
src/components/common/AttendeeTicket/index.tsx:208 | src/components/modals/ShareModal/index.tsx:171,,Copy Link,Αντιγραφή συνδέσμου,
src/components/routes/product-widget/CollectInformation/index.tsx:491,,Copy my details to:,Αντιγράψτε τα στοιχεία μου σε:,
src/components/modals/ShareModal/index.tsx:264,,Copy this link to share it anywhere,Αντιγράψτε αυτόν τον σύνδεσμο για να τον κοινοποιήσετε οπουδήποτε,
src/components/modals/ShareModal/index.tsx:248,,Copy to clipboard,Αντιγραφή στο πρόχειρο,
src/components/common/AffiliateTable/index.tsx:111 | src/components/common/PromoCodeTable/index.tsx:184,,Copy URL,Αντιγραφή URL,
src/components/common/CheckoutQuestion/index.tsx:174 | src/components/routes/event/Settings/Sections/LocationSettings/index.tsx:155 | src/components/routes/organizer/Settings/Sections/AddressSettings/index.tsx:110 | src/components/routes/product-widget/CollectInformation/index.tsx:558,,Country,Χώρα,
src/components/routes/organizer/Settings/Sections/ImageAssetSettings/index.tsx:37,,Cover,Κάλυμμα,
src/components/routes/event/HomepageDesigner/index.tsx:179 | src/components/routes/organizer/OrganizerHomepageDesigner/index.tsx:189,,Cover Image,Εικόνα εξωφύλλου,
src/components/routes/event/HomepageDesigner/index.tsx:194,,Cover image will be displayed at the top of your event page,Η εικόνα εξωφύλλου θα εμφανίζεται στο επάνω μέρος της σελίδας της εκδήλωσής σας,
src/components/routes/organizer/OrganizerHomepageDesigner/index.tsx:204,,Cover image will be displayed at the top of your organizer page,Η εικόνα εξωφύλλου θα εμφανίζεται στο επάνω μέρος της σελίδας του οργανωτή σας,
src/components/routes/event/attendees.tsx:199 | src/components/routes/event/products.tsx:79,,Create,Δημιουργώ,
src/components/modals/CreateTaxOrFeeModal/index.tsx:59,,Create {0},Δημιουργία {0},
src/components/common/EmailTemplateEditor/EmailTemplateEditor.tsx:108,,Create {0} Template,Δημιουργία προτύπου {0},
src/components/common/WidgetEditor/index.tsx:161,,Create a custom widget to sell tickets on your site.,Δημιουργήστε ένα προσαρμοσμένο widget για να πουλάτε εισιτήρια στον ιστότοπό σας.,
src/components/routes/auth/AcceptInvitation/index.tsx:128,,Create a password,Δημιουργήστε έναν κωδικό πρόσβασης,
src/components/modals/CreateCapacityAssignmentModal/index.tsx:59,,Create a Product,Δημιουργήστε ένα προϊόν,
src/components/common/PromoCodeTable/index.tsx:61,,Create a Promo Code,Δημιουργήστε έναν κωδικό προσφοράς,
src/components/modals/CreateCheckInListModal/index.tsx:65,,Create a Ticket,Δημιουργήστε ένα εισιτήριο,
src/components/modals/CreateOrganizerModal/index.tsx:24,,"Create additional organizers to manage separate brands, departments, or event series under one account. Each organizer has its own events, settings, and public page.","Δημιουργήστε επιπλέον διοργανωτές για να διαχειρίζεστε ξεχωριστές επωνυμίες, τμήματα ή σειρές εκδηλώσεων σε έναν λογαριασμό. Κάθε διοργανωτής έχει τις δικές του εκδηλώσεις, ρυθμίσεις και δημόσια σελίδα.",
src/components/common/AffiliateTable/index.tsx:72 | src/components/modals/CreateAffiliateModal/index.tsx:77 | src/components/modals/CreateAffiliateModal/index.tsx:93 | src/components/routes/event/Affiliates/index.tsx:90,,Create Affiliate,Δημιουργία Συνεργάτη,
src/components/modals/CreateEventModal/index.tsx:167,,create an organizer,δημιουργήστε έναν οργανωτή,
src/components/routes/event/products.tsx:49,,Create and configure tickets and merchandise for sale.,Δημιουργήστε και διαμορφώστε εισιτήρια και εμπορεύματα προς πώληση.,
src/components/modals/CreateAttendeeModal/index.tsx:207,,Create Attendee,Δημιουργία Συμμετέχοντα,
src/components/common/CapacityAssignmentList/index.tsx:64 | src/components/modals/CreateCapacityAssignmentModal/index.tsx:68 | src/components/modals/CreateCapacityAssignmentModal/index.tsx:79 | src/components/routes/event/CapacityAssignments/index.tsx:52,,Create Capacity Assignment,Δημιουργία ανάθεσης χωρητικότητας,
src/components/common/ProductsTable/SortableCategory/index.tsx:132 | src/components/common/ProductsTable/SortableCategory/index.tsx:133,,Create category,Δημιουργία κατηγορίας,
src/components/modals/CreateProductCategoryModal/index.tsx:45 | src/components/modals/CreateProductCategoryModal/index.tsx:60,,Create Category,Δημιουργία κατηγορίας,
src/components/common/CheckInListList/index.tsx:62 | src/components/modals/CreateCheckInListModal/index.tsx:84 | src/components/modals/CreateCheckInListModal/index.tsx:100 | src/components/routes/event/CheckInLists/index.tsx:51,,Create Check-In List,Δημιουργία λίστας check-in,
src/components/routes/admin/Configurations/index.tsx:69 | src/components/routes/admin/Configurations/index.tsx:206 | src/components/routes/admin/Configurations/index.tsx:268,,Create Configuration,Δημιουργία διαμόρφωσης,
src/components/common/EmailTemplateSettings/EmailTemplateSettingsBase.tsx:313,,Create custom email templates for this event that override the organizer defaults,Δημιουργήστε προσαρμοσμένα πρότυπα email για αυτό το συμβάν που παρακάμπτουν τις προεπιλογές του διοργανωτή,
src/components/common/EmailTemplateSettings/EmailTemplateSettingsBase.tsx:303,,Create Custom Template,Δημιουργία προσαρμοσμένου προτύπου,
src/components/routes/event/promo-codes.tsx:34,,"Create discounts, access codes for hidden tickets, and special offers.","Δημιουργήστε εκπτώσεις, κωδικούς πρόσβασης για κρυφά εισιτήρια και ειδικές προσφορές.",
src/components/common/NoEventsBlankSlate/index.tsx:30 | src/components/layouts/OrganizerLayout/index.tsx:160 | src/components/routes/organizer/Events/index.tsx:65 | src/components/routes/organizer/OrganizerDashboard/index.tsx:260,,Create Event,Δημιουργία συμβάντος,
src/components/routes/events/Dashboard/index.tsx:172,,Create new,Δημιουργία νέου,
src/components/routes/auth/ResetPassword/index.tsx:57,,Create new password,Δημιουργία νέου κωδικού πρόσβασης,
src/components/common/GlobalMenu/index.tsx:79 | src/components/modals/CreateEventModal/index.tsx:138 | src/components/modals/CreateOrganizerModal/index.tsx:18 | src/components/modals/SwitchOrganizerModal/index.tsx:96,,Create Organizer,Δημιουργία Οργανωτή,
src/components/modals/CreateProductModal/index.tsx:89,,Create Product,Δημιουργία προϊόντος,
src/components/modals/CreatePromoCodeModal/index.tsx:51 | src/components/modals/CreatePromoCodeModal/index.tsx:56,,Create Promo Code,Δημιουργία κωδικού προσφοράς,
src/components/modals/CreateQuestionModal/index.tsx:70 | src/components/modals/CreateQuestionModal/index.tsx:75,,Create Question,Δημιουργία ερώτησης,
src/components/forms/ProductForm/index.tsx:420 | src/components/modals/CreateTaxOrFeeModal/index.tsx:53,,Create Tax or Fee,Δημιουργία Φόρου ή Τέλους,
src/components/modals/CreateProductModal/index.tsx:81,,Create Ticket or Product,Δημιουργία εισιτηρίου ή προϊόντος,
src/components/routes/event/GettingStarted/index.tsx:127,,"Create tickets for your event, set prices, and manage available quantity.","Δημιουργήστε εισιτήρια για την εκδήλωσή σας, ορίστε τιμές και διαχειριστείτε τη διαθέσιμη ποσότητα.",
src/components/routes/event/Affiliates/index.tsx:64,,Create trackable links to reward partners who promote your event.,Δημιουργήστε συνδέσμους με δυνατότητα παρακολούθησης για να ανταμείψετε τους συνεργάτες που προωθούν την εκδήλωσή σας.,
src/components/modals/CreateOrganizerWebhookModal/index.tsx:56 | src/components/modals/CreateOrganizerWebhookModal/index.tsx:66 | src/components/modals/CreateWebhookModal/index.tsx:56 | src/components/modals/CreateWebhookModal/index.tsx:66,,Create Webhook,Δημιουργία Webhook,
src/components/modals/CreateEventModal/index.tsx:127,,Create Your Event,Δημιουργήστε την Εκδήλωσή σας,
src/components/routes/welcome/index.tsx:302,,Create your first event,Δημιουργήστε την πρώτη σας εκδήλωση,
src/components/routes/organizer/OrganizerDashboard/index.tsx:251,,Create your first event to start selling tickets and managing attendees.,Δημιουργήστε την πρώτη σας εκδήλωση για να ξεκινήσετε την πώληση εισιτηρίων και τη διαχείριση των συμμετεχόντων.,
src/components/layouts/EventHomepage/EventNotAvailable/index.tsx:13 | src/components/layouts/PublicOrganizer/OrganizerNotFound/index.tsx:12,,Create your own event,Δημιουργήστε τη δική σας εκδήλωση,
src/components/routes/admin/Accounts/AccountDetail/index.tsx:132 | src/components/routes/admin/Messages/index.tsx:169 | src/components/routes/admin/Messages/index.tsx:309,,Created,Δημιουργήθηκε,
src/components/routes/welcome/index.tsx:410,,Creating Event...,Δημιουργία συμβάντος...,
src/components/forms/OrganizerForm/index.tsx:125,,Creating Organizer...,Δημιουργία Οργανωτή...,
src/components/routes/welcome/index.tsx:408,,"Creating your event, please wait","Δημιουργία της εκδήλωσής σας, παρακαλώ περιμένετε. Γίνεται δημιουργία της εκδήλωσής σας. Παρακαλώ περιμένετε.",
src/components/forms/OrganizerForm/index.tsx:123,,"Creating your organizer profile, please wait","Δημιουργείται το προφίλ οργανωτή σας, περιμένετε. Γίνεται δημιουργία του προφίλ οργανωτή σας.",
src/components/common/EmailTemplateEditor/EmailTemplateEditor.tsx:48,,CTA label is required,Απαιτείται ετικέτα CTA,
src/components/common/OrganizerReportTable/index.tsx:306 | src/components/forms/OrganizerForm/index.tsx:50 | src/components/routes/account/ManageAccount/sections/AccountSettings/index.tsx:73 | src/components/routes/admin/Accounts/AccountDetail/index.tsx:149 | src/components/routes/event/Settings/Sections/EventDetailsForm/index.tsx:117 | src/components/routes/organizer/Reports/EventsPerformanceReport/index.tsx:51 | src/components/routes/organizer/Reports/PlatformFeesReport/index.tsx:99 | src/components/routes/organizer/Reports/TaxSummaryReport/index.tsx:33 | src/components/routes/organizer/Settings/Sections/BasicSettings/index.tsx:116,,Currency,Νόμισμα,
src/components/routes/profile/ManageProfile/index.tsx:228,,Current Password,Τρέχων κωδικός πρόσβασης,
src/components/routes/account/ManageAccount/sections/PaymentSettings/index.tsx:164,,Current payment processor,Τρέχων επεξεργαστής πληρωμών,
src/components/modals/EditAccountVatSettingsModal/index.tsx:156,,Current VAT number is validated,Ο τρέχων αριθμός ΦΠΑ έχει επικυρωθεί,
src/components/modals/EditAccountVatSettingsModal/index.tsx:157,,Current VAT number validation failed,Η επαλήθευση του τρέχοντος αριθμού ΦΠΑ απέτυχε.,
src/components/common/ProductsTable/SortableProduct/index.tsx:104,,Currently available for purchase,Διαθέσιμο προς αγορά αυτήν τη στιγμή,
src/components/layouts/AuthLayout/index.tsx:46,,Custom Branding,Προσαρμοσμένη δημιουργία επωνυμίας,
src/components/modals/SendMessageModal/index.tsx:405,,Custom date and time,Προσαρμοσμένη ημερομηνία και ώρα,
src/components/routes/event/Settings/Sections/LocationSettings/index.tsx:162,,Custom Maps URL,URL προσαρμοσμένων χαρτών,
src/components/common/Editor/Controls/InsertLiquidVariableControl.tsx:50 | src/components/common/Editor/Controls/InsertLiquidVariableControl.tsx:83,,Custom message after checkout,Προσαρμοσμένο μήνυμα μετά την ολοκλήρωση της αγοράς,
src/components/common/QuestionsTable/index.tsx:432,,Custom Questions,Προσαρμοσμένες ερωτήσεις,
src/components/common/OrganizerReportTable/index.tsx:61 | src/components/common/ReportTable/index.tsx:53,,Custom Range,Προσαρμοσμένο εύρος,
src/components/common/EmailTemplateSettings/EmailTemplateSettingsBase.tsx:225,,Custom template,Προσαρμοσμένο πρότυπο,
src/components/common/AdminOrdersTable/index.tsx:71 | src/components/common/OrdersTable/index.tsx:200,,Customer,Πελάτης,
src/components/modals/RefundOrderModal/index.tsx:125,,Customer will receive an email confirming the refund,Ο πελάτης θα λάβει ένα email που θα επιβεβαιώνει την επιστροφή χρημάτων,
src/components/common/Editor/Controls/InsertLiquidVariableControl.tsx:26,,Customer's email address,Διεύθυνση ηλεκτρονικού ταχυδρομείου πελάτη,
src/components/common/Editor/Controls/InsertLiquidVariableControl.tsx:24,,Customer's first name,Όνομα πελάτη,
src/components/common/Editor/Controls/InsertLiquidVariableControl.tsx:25,,Customer's last name,Επώνυμο πελάτη,
src/components/routes/organizer/Reports/EventsPerformanceReport/index.tsx:108,,Customers,Πελάτες,
src/components/routes/event/Settings/Sections/EmailSettings/GeneralEmailSettings.tsx:59,,Customize the email and notification settings for this event,Προσαρμόστε τις ρυθμίσεις ηλεκτρονικού ταχυδρομείου και ειδοποιήσεων για αυτό το συμβάν,
src/components/common/EmailTemplateSettings/EmailTemplateSettingsBase.tsx:315,,Customize the emails sent to your customers using Liquid templating. These templates will be used as defaults for all events in your organization.,Προσαρμόστε τα email που αποστέλλονται στους πελάτες σας χρησιμοποιώντας το Liquid templating. Αυτά τα πρότυπα θα χρησιμοποιηθούν ως προεπιλογές για όλα τα συμβάντα στον οργανισμό σας.,
src/components/routes/event/Settings/Sections/HomepageAndCheckoutSettings/index.tsx:88,,Customize the event homepage and checkout messaging,Προσαρμόστε την αρχική σελίδα της εκδήλωσης και τα μηνύματα ολοκλήρωσης αγοράς,
src/components/routes/event/HomepageDesigner/index.tsx:161,,"Customize the layout, colors, and branding of your event homepage.","Προσαρμόστε τη διάταξη, τα χρώματα και την επωνυμία της αρχικής σελίδας της εκδήλωσής σας.",
src/components/routes/event/Settings/Sections/MiscSettings/index.tsx:76,,Customize the miscellaneous settings for this event,Προσαρμόστε τις διάφορες ρυθμίσεις για αυτό το συμβάν,
src/components/common/QuestionsTable/index.tsx:411,,Customize the questions asked during checkout to gather important information from your attendees.,Προσαρμόστε τις ερωτήσεις που τίθενται κατά την ολοκλήρωση της αγοράς για να συγκεντρώσετε σημαντικές πληροφορίες από τους συμμετέχοντες.,
src/components/routes/event/Settings/Sections/SeoSettings/index.tsx:60 | src/components/routes/organizer/Settings/Sections/SeoSettings/index.tsx:57,,Customize the SEO settings for this event,Προσαρμόστε τις ρυθμίσεις SEO για αυτό το συμβάν,
src/components/routes/event/HomepageDesigner/index.tsx:253,,Customize the text shown on the continue button,"Προσαρμόστε το κείμενο που εμφανίζεται στο κουμπί ""Συνέχεια""",
src/components/common/EmailTemplateEditor/EmailTemplateEditor.tsx:112,,Customize your email template using Liquid templating,Προσαρμόστε το πρότυπο email σας χρησιμοποιώντας το Liquid templating,
src/components/routes/event/GettingStarted/index.tsx:174,,Customize your event page,Προσαρμόστε τη σελίδα της εκδήλωσής σας,
src/components/routes/event/GettingStarted/index.tsx:170,,Customize your event page to match your brand and style.,Προσαρμόστε τη σελίδα της εκδήλωσής σας ώστε να ταιριάζει με την επωνυμία και το στυλ σας.,
src/components/routes/organizer/OrganizerHomepageDesigner/index.tsx:171,,Customize your organizer page appearance,Προσαρμόστε την εμφάνιση της σελίδας του οργανωτή σας,
src/components/routes/organizer/Reports/index.tsx:18,,"Daily revenue, taxes, fees, and refunds across all events","Ημερήσια έσοδα, φόροι, τέλη και επιστροφές χρημάτων σε όλες τις εκδηλώσεις",
src/components/routes/event/Reports/index.tsx:23,,Daily Sales Report,Ημερήσια Αναφορά Πωλήσεων,
src/components/routes/event/Reports/index.tsx:24,,"Daily sales, tax, and fee breakdown","Ημερήσια ανάλυση πωλήσεων, φόρων και τελών",
src/components/common/CapacityAssignmentList/index.tsx:158 | src/components/common/CheckInListList/index.tsx:178 | src/components/common/OrdersTable/index.tsx:182 | src/components/common/OrganizerWebhookTable/index.tsx:116 | src/components/common/ProductsTable/SortableProduct/index.tsx:498 | src/components/common/PromoCodeTable/index.tsx:188 | src/components/common/WebhookTable/index.tsx:116,,Danger zone,Ζώνη κινδύνου,
src/components/common/AttendeeTable/index.tsx:367 | src/components/common/DangerZone/index.tsx:30 | src/components/routes/event/Settings/index.tsx:88 | src/components/routes/organizer/Settings/index.tsx:71,,Danger Zone,Ζώνη Κινδύνου,
src/components/common/ThemeColorControls/index.tsx:93,,Dark,Σκοτάδι,
src/components/layouts/Admin/index.tsx:13 | src/components/layouts/Event/index.tsx:96 | src/components/routes/organizer/OrganizerDashboard/index.tsx:162,,Dashboard,Ταμπλό,
src/components/layouts/AuthLayout/index.tsx:61,,Data Ownership,Ιδιοκτησία Δεδομένων,
src/components/common/AdminOrdersTable/index.tsx:94 | src/components/common/OrderDetails/index.tsx:39 | src/components/forms/QuestionForm/index.tsx:136 | src/components/routes/organizer/Reports/EventsPerformanceReport/index.tsx:56 | src/components/routes/organizer/Reports/RevenueSummaryReport/index.tsx:24,,Date,Ημερομηνία,
src/components/common/AttendeeTicket/index.tsx:75,,Date & Time,Ημερομηνία & Ώρα,
src/components/common/Editor/Controls/InsertLiquidVariableControl.tsx:35 | src/components/common/Editor/Controls/InsertLiquidVariableControl.tsx:69,,Date of the event,Ημερομηνία της εκδήλωσης,
src/components/common/Editor/Controls/InsertLiquidVariableControl.tsx:23,,Date order was placed,Ημερομηνία υποβολής παραγγελίας,
src/components/forms/CapaciyAssigmentForm/index.tsx:38,,Day one capacity,Χωρητικότητα την πρώτη ημέρα,
src/components/routes/admin/Accounts/AccountDetail/index.tsx:94,,Default,Αθέτηση,
src/components/routes/organizer/Settings/Sections/EventDefaults/index.tsx:82,,Default attendee information collection,Συλλογή προεπιλεγμένων πληροφοριών συμμετεχόντων,
src/components/routes/organizer/Settings/Sections/PlatformFeesSettings/index.tsx:44,,Default Fee Handling,Διαχείριση Προεπιλεγμένων Τελών,
src/components/common/EmailTemplateSettings/EmailTemplateSettingsBase.tsx:215,,Default template will be used,Θα χρησιμοποιηθεί το προεπιλεγμένο πρότυπο,
src/components/routes/event/Settings/Sections/DangerZoneSettings/index.tsx:101 | src/components/routes/organizer/Settings/Sections/DangerZoneSettings/index.tsx:107,,delete,διαγράφω,
src/components/common/ProductsTable/SortableProduct/index.tsx:504 | src/components/common/PromoCodeTable/index.tsx:43 | src/components/common/QuestionsTable/index.tsx:150 | src/components/common/TaxAndFeeList/index.tsx:78 | src/components/routes/admin/FailedJobs/index.tsx:209,,Delete,Διαγράφω,
src/components/common/AffiliateTable/index.tsx:203,,Delete Affiliate,Διαγραφή Συνεργάτη,
src/components/routes/admin/FailedJobs/index.tsx:135,,Delete All,Διαγραφή όλων,
src/components/common/CapacityAssignmentList/index.tsx:161,,Delete Capacity,Διαγραφή χωρητικότητας,
src/components/common/ProductsTable/SortableCategory/index.tsx:150 | src/components/common/ProductsTable/SortableCategory/index.tsx:151,,Delete category,Διαγραφή κατηγορίας,
src/components/common/CheckInListList/index.tsx:181,,Delete Check-In List,Διαγραφή λίστας check-in,
src/components/common/PromoCodeTable/index.tsx:193,,Delete code,Διαγραφή κωδικού,
src/components/routes/event/Settings/Sections/DangerZoneSettings/index.tsx:82 | src/components/routes/event/Settings/Sections/DangerZoneSettings/index.tsx:116,,Delete Event,Διαγραφή συμβάντος,
src/components/common/ImageUploadDropzone/index.tsx:255,,Delete image,Διαγραφή εικόνας,
src/components/routes/admin/FailedJobs/index.tsx:301,,Delete Job,Διαγραφή εργασίας,
src/components/routes/organizer/Settings/Sections/DangerZoneSettings/index.tsx:88 | src/components/routes/organizer/Settings/Sections/DangerZoneSettings/index.tsx:122,,Delete Organizer,Διαγραφή Οργανωτή,
src/components/common/EmailTemplateSettings/EmailTemplateSettingsBase.tsx:123,,Delete Template,Διαγραφή προτύπου,
src/components/common/QuestionsTable/index.tsx:197,,Delete this question? This cannot be undone.,Διαγραφή αυτής της ερώτησης; Δεν είναι δυνατή η αναίρεση αυτής της ενέργειας.,
src/components/common/OrganizerWebhookTable/index.tsx:127 | src/components/common/WebhookTable/index.tsx:127,,Delete webhook,Διαγραφή webhook,
src/components/forms/ProductForm/index.tsx:280 | src/components/forms/TaxAndFeeForm/index.tsx:81 | src/components/modals/DuplicateEventModal/index.tsx:115 | src/components/routes/event/Settings/Sections/EventDetailsForm/index.tsx:95 | src/components/routes/organizer/Settings/Sections/BasicSettings/index.tsx:86,,Description,Περιγραφή,
src/components/forms/CheckInListForm/index.tsx:52,,Description for check-in staff,Περιγραφή για το προσωπικό check-in,
src/components/modals/DuplicateEventModal/index.tsx:149,,Deselect All,Αποεπιλογή όλων,
src/components/routes/event/TicketDesigner/index.tsx:122,,Design Elements,Στοιχεία Σχεδίασης,
src/components/common/ProgressStepper/index.tsx:18 | src/components/common/ProgressStepper/index.tsx:23,,Details,Λεπτομέρειες,
src/components/routes/welcome/index.tsx:193,,Didn't receive the code?,Δεν λάβατε τον κωδικό;,
src/components/forms/CapaciyAssigmentForm/index.tsx:27,,Disabling this capacity will track sales but not stop them when the limit is reached,"Η απενεργοποίηση αυτής της χωρητικότητας θα παρακολουθεί τις πωλήσεις, αλλά δεν θα τις σταματά όταν επιτευχθεί το όριο.",
src/components/routes/organizer/Settings/Sections/SocialLinks/index.tsx:71,,Discord,Διχόνοια,
src/components/common/PromoCodeTable/index.tsx:75,,Discount,Εκπτωση,
src/components/forms/PromoCodeForm/index.tsx:93,,Discount %,% έκπτωσης,
src/components/forms/PromoCodeForm/index.tsx:93,,Discount in {0},Έκπτωση σε {0},
src/components/forms/PromoCodeForm/index.tsx:73,,Discount Type,Τύπος έκπτωσης,
src/components/routes/event/Settings/Sections/HomepageAndCheckoutSettings/index.tsx:132,,Display a checkbox allowing customers to opt-in to receive marketing communications from this event organizer.,Εμφάνιση ενός πλαισίου ελέγχου που επιτρέπει στους πελάτες να επιλέξουν να λαμβάνουν επικοινωνίες μάρκετινγκ από αυτόν τον διοργανωτή εκδήλωσης.,
src/components/routes/event/Settings/Sections/HomepageAndCheckoutSettings/index.tsx:139,,Display a mandatory checkbox requiring customers to consent to data collection policies.,Εμφάνιση ενός υποχρεωτικού πλαισίου ελέγχου που απαιτεί από τους πελάτες να συναινέσουν στις πολιτικές συλλογής δεδομένων.,
src/components/routes/event/Settings/Sections/PaymentSettings/index.tsx:193,,Document Label,Ετικέτα εγγράφου,
src/components/routes/account/ManageAccount/sections/PaymentSettings/index.tsx:692,,Documentation,Απόδειξη με έγγραφα,
src/components/common/AddToCalendarCTA/index.tsx:19,,Don't forget!,Μην το ξεχάσετε!,
src/components/routes/auth/Login/index.tsx:82,,Don't have an account? <0>Sign up</0>,Δεν έχετε λογαριασμό; <0>Εγγραφείτε</0>,
src/components/common/ProductsTable/SortableProduct/index.tsx:308,,Donation,Δωρεά,
src/components/forms/ProductForm/index.tsx:166,,Donation / Pay what you'd like product,Δωρεά / Πληρωμή με το προϊόν που επιθυμείτε,
src/components/modals/CheckInListSuccessModal/index.tsx:59 | src/components/modals/EventLiveCelebrationModal/index.tsx:123,,Done,Γινώμενος,
src/components/common/CalendarOptionsPopover/index.tsx:38,,Download .ics,Λήψη .ics,
src/components/common/DownloadCsvButton/index.tsx:48,,Download CSV,Λήψη CSV,
src/components/common/OrdersTable/index.tsx:158,,Download invoice,Λήψη τιμολογίου,
src/components/layouts/Checkout/index.tsx:253,,Download Invoice,Λήψη Τιμολογίου,
src/components/modals/ShareModal/index.tsx:228,,Download QR Code,Λήψη κωδικού QR,
src/components/routes/event/Reports/index.tsx:38,,"Download sales, attendee, and financial reports for all completed orders.","Λήψη αναφορών πωλήσεων, συμμετεχόντων και οικονομικών στοιχείων για όλες τις ολοκληρωμένες παραγγελίες.",
src/components/common/OrdersTable/index.tsx:97 | src/components/layouts/Checkout/index.tsx:104,,Downloading Invoice,Λήψη τιμολογίου,
src/components/common/EventCard/index.tsx:86 | src/components/layouts/Event/index.tsx:193 | src/components/layouts/OrganizerLayout/index.tsx:214,,Draft,Προσχέδιο,
src/components/forms/QuestionForm/index.tsx:124,,Dropdown selection,Αναπτυσσόμενη επιλογή,
src/components/common/EmailTemplateSettings/EmailTemplateSettingsBase.tsx:353,,"Due to the high risk of spam, you must connect a Stripe account before you can modify email templates. This is to ensure that all event organizers are verified and accountable.","Λόγω του υψηλού κινδύνου ανεπιθύμητης αλληλογραφίας, πρέπει να συνδέσετε έναν λογαριασμό Stripe προτού μπορέσετε να τροποποιήσετε πρότυπα email. Αυτό γίνεται για να διασφαλιστεί ότι όλοι οι διοργανωτές εκδηλώσεων είναι επαληθευμένοι και υπόλογοι.",
src/components/modals/SendMessageModal/index.tsx:241,,"Due to the high risk of spam, you must connect a Stripe account before you can send messages to attendees.\nThis is to ensure that all event organizers are verified and accountable.","Λόγω του υψηλού κινδύνου ανεπιθύμητης αλληλογραφίας, πρέπει να συνδέσετε έναν λογαριασμό Stripe προτού μπορέσετε να στείλετε μηνύματα στους συμμετέχοντες.\nΑυτό γίνεται για να διασφαλιστεί ότι όλοι οι διοργανωτές της εκδήλωσης είναι επαληθευμένοι και υπόλογοι.",
src/components/common/ProductsTable/SortableProduct/index.tsx:494,,Duplicate,Αντίγραφο,
src/components/common/EventCard/index.tsx:144,,Duplicate event,Διπλότυπο συμβάν,
src/components/modals/DuplicateEventModal/index.tsx:100 | src/components/modals/DuplicateEventModal/index.tsx:177,,Duplicate Event,Διπλότυπο συμβάν,
src/components/modals/DuplicateEventModal/index.tsx:135,,Duplicate Options,Διπλότυπες επιλογές,
src/components/modals/DuplicateProductModal/index.tsx:113 | src/components/modals/DuplicateProductModal/index.tsx:117,,Duplicate Product,Διπλότυπο προϊόν,
src/components/common/LanguageSwitcher/index.tsx:28,,Dutch,Ολλανδός,
src/components/routes/event/Settings/Sections/WaitlistSettings/index.tsx:71,,e.g. 180 (3 hours),π.χ. 180 (3 ώρες),
src/components/routes/event/HomepageDesigner/index.tsx:254,,"e.g., Get Tickets, Register Now","π.χ., Αποκτήστε εισιτήρια, Εγγραφείτε τώρα",
src/components/modals/SendMessageModal/index.tsx:348,,"e.g., Important update about your tickets","π.χ., Σημαντική ενημέρωση σχετικά με τα εισιτήριά σας",
src/components/routes/admin/Configurations/index.tsx:221,,"e.g., Standard, Premium, Enterprise","π.χ., Τυπικό, Premium, Επιχείρηση",
src/components/modals/OfferWaitlistModal/index.tsx:129,,Each person will receive an email with a reserved spot to complete their purchase.,Κάθε άτομο θα λάβει ένα email με μια δεσμευμένη θέση για να ολοκληρώσει την αγορά του.,
src/components/forms/ProductForm/index.tsx:86,,Early bird,Πρώιμο πουλί,
src/components/common/QuestionsTable/index.tsx:142 | src/components/common/TaxAndFeeList/index.tsx:70 | src/components/modals/ManageAttendeeModal/index.tsx:221 | src/components/modals/ManageOrderModal/index.tsx:203 | src/components/routes/admin/Accounts/AccountDetail/index.tsx:268 | src/components/routes/product-widget/OrderSummaryAndProducts/index.tsx:235,,Edit,Εκδίδω,
src/components/common/ProductsTable/SortableProduct/index.tsx:488 | src/components/modals/EditTaxOrFeeModal/index.tsx:52,,Edit {0},Επεξεργασία {0},
src/components/common/EmailTemplateEditor/EmailTemplateEditor.tsx:106,,Edit {0} Template,Επεξεργασία προτύπου {0},
src/components/common/AffiliateTable/index.tsx:175 | src/components/modals/EditAffiliateModal/index.tsx:81 | src/components/modals/EditAffiliateModal/index.tsx:93,,Edit Affiliate,Επεξεργασία Συνεργάτη,
src/components/common/QuestionAndAnswerList/index.tsx:159,,Edit Answer,Επεξεργασία απάντησης,
src/components/modals/EditAccountConfigurationModal/index.tsx:85,,Edit Application Fees,Επεξεργασία τελών αίτησης,
src/components/routes/product-widget/OrderSummaryAndProducts/index.tsx:123,,Edit Attendee,Επεξεργασία Στοιχείων Συμμετέχοντος,
src/components/routes/product-widget/OrderSummaryAndProducts/EditAttendeeModal/index.tsx:45,,Edit Attendee Details,Επεξεργασία στοιχείων συμμετέχοντα,
src/components/common/CapacityAssignmentList/index.tsx:148,,Edit Capacity,Επεξεργασία χωρητικότητας,
src/components/modals/EditCapacityAssignmentModal/index.tsx:66 | src/components/modals/EditCapacityAssignmentModal/index.tsx:74,,Edit Capacity Assignment,Επεξεργασία ανάθεσης χωρητικότητας,
src/components/common/ProductsTable/SortableCategory/index.tsx:141 | src/components/common/ProductsTable/SortableCategory/index.tsx:142,,Edit category,Επεξεργασία κατηγορίας,
src/components/common/CheckInListList/index.tsx:150 | src/components/modals/EditCheckInListModal/index.tsx:71 | src/components/modals/EditCheckInListModal/index.tsx:97,,Edit Check-In List,Επεξεργασία λίστας check-in,
src/components/common/PromoCodeTable/index.tsx:176,,Edit Code,Επεξεργασία κώδικα,
src/components/routes/admin/Configurations/index.tsx:206,,Edit Configuration,Επεξεργασία διαμόρφωσης,
src/components/routes/product-widget/OrderSummaryAndProducts/EditOrderModal/index.tsx:45,,Edit Order Details,Επεξεργασία λεπτομερειών παραγγελίας,
src/components/modals/EditOrganizerModal/index.tsx:63,,Edit Organizer,Επεξεργασία Οργανωτή,
src/components/modals/EditProductModal/index.tsx:106 | src/components/modals/EditProductModal/index.tsx:114,,Edit Product,Επεξεργασία προϊόντος,
src/components/modals/EditProductCategoryModal/index.tsx:62 | src/components/modals/EditProductCategoryModal/index.tsx:70,,Edit Product Category,Επεξεργασία κατηγορίας προϊόντος,
src/components/modals/EditPromoCodeModal/index.tsx:79 | src/components/modals/EditPromoCodeModal/index.tsx:84,,Edit Promo Code,Επεξεργασία κωδικού προσφοράς,
src/components/modals/EditQuestionModal/index.tsx:95 | src/components/modals/EditQuestionModal/index.tsx:101,,Edit Question,Επεξεργασία ερώτησης,
src/components/routes/account/ManageAccount/sections/Users/index.tsx:120,,Edit user,Επεξεργασία χρήστη,
src/components/modals/EditUserModal/index.tsx:68 | src/components/modals/EditUserModal/index.tsx:126,,Edit User,Επεξεργασία χρήστη,
src/components/modals/EditAccountVatSettingsModal/index.tsx:111,,Edit VAT Settings,Επεξεργασία ρυθμίσεων ΦΠΑ,
src/components/common/OrganizerWebhookTable/index.tsx:104 | src/components/common/WebhookTable/index.tsx:104,,Edit webhook,Επεξεργασία webhook,
src/components/modals/EditOrganizerWebhookModal/index.tsx:65 | src/components/modals/EditOrganizerWebhookModal/index.tsx:86 | src/components/modals/EditWebhookModal/index.tsx:66 | src/components/modals/EditWebhookModal/index.tsx:87,,Edit Webhook,Επεξεργασία Webhook,
src/components/common/EmailTemplateEditor/EmailTemplateEditor.tsx:136,,Editor,Συντάκτης,
src/constants/eventCategories.ts:19,,Education,Εκπαίδευση,
src/components/forms/TaxAndFeeForm/index.tsx:74,,eg. 2.50 for $2.50,"π.χ. 2,50 για 2,50 $",
src/components/forms/TaxAndFeeForm/index.tsx:74,,eg. 23.5 for 23.5%,"π.χ. 23,5 για 23,5%",
src/components/routes/admin/Messages/index.tsx:324,,Eligibility Failures,Αποτυχίες επιλεξιμότητας,
src/components/common/CheckInStatusModal/index.tsx:162,,Eligible Check-In Lists,Λίστες επιλέξιμων ατόμων για check-in,
src/components/common/AttendeeDetails/index.tsx:22 | src/components/common/OrderDetails/index.tsx:31 | src/components/common/QuestionsTable/index.tsx:253 | src/components/forms/AffiliateForm/index.tsx:89 | src/components/modals/EditUserModal/index.tsx:86 | src/components/modals/InviteUserModal/index.tsx:67 | src/components/modals/JoinWaitlistModal/index.tsx:171 | src/components/routes/admin/Accounts/AccountDetail/index.tsx:128 | src/components/routes/admin/Dashboard/index.tsx:401 | src/components/routes/auth/AcceptInvitation/index.tsx:112 | src/components/routes/auth/ForgotPassword/index.tsx:65 | src/components/routes/auth/Login/index.tsx:93 | src/components/routes/auth/Register/index.tsx:104 | src/components/routes/organizer/Settings/Sections/BasicSettings/index.tsx:78 | src/components/routes/product-widget/OrderSummaryAndProducts/EditAttendeeModal/index.tsx:68 | src/components/routes/product-widget/OrderSummaryAndProducts/EditOrderModal/index.tsx:68 | src/components/routes/product-widget/OrderSummaryAndProducts/index.tsx:251 | src/components/routes/profile/ManageProfile/index.tsx:156,,Email,Ηλεκτρονική Διεύθυνση,
src/components/routes/event/Settings/Sections/EmailSettings/GeneralEmailSettings.tsx:58,,Email & Notification Settings,Ρυθμίσεις ηλεκτρονικού ταχυδρομείου και ειδοποιήσεων,
src/components/routes/event/Settings/index.tsx:64,,Email & Templates,Ηλεκτρονικό ταχυδρομείο και πρότυπα,
src/components/modals/CreateAttendeeModal/index.tsx:143 | src/components/modals/ManageAttendeeModal/index.tsx:114 | src/components/modals/ManageOrderModal/index.tsx:157,,Email address,Ηλεκτρονική Διεύθυνση,
src/components/routes/product-widget/CollectInformation/index.tsx:454 | src/components/routes/product-widget/CollectInformation/index.tsx:455 | src/components/routes/product-widget/CollectInformation/index.tsx:678 | src/components/routes/product-widget/CollectInformation/index.tsx:679,,Email Address,Ηλεκτρονική Διεύθυνση,
src/components/common/AttendeeTable/index.tsx:118 | src/components/common/OrdersTable/index.tsx:114,,Email address copied to clipboard,Η διεύθυνση ηλεκτρονικού ταχυδρομείου αντιγράφηκε στο πρόχειρο,
src/components/routes/product-widget/CollectInformation/index.tsx:113 | src/components/routes/product-widget/CollectInformation/index.tsx:124,,Email addresses do not match,Οι διευθύνσεις ηλεκτρονικού ταχυδρομείου δεν ταιριάζουν,
src/components/common/EmailTemplateEditor/EmailTemplateEditor.tsx:149,,Email Body,Σώμα μηνύματος ηλεκτρονικού ταχυδρομείου,
src/components/routes/profile/ManageProfile/index.tsx:87,,Email change cancelled successfully,Η αλλαγή email ακυρώθηκε με επιτυχία.,
src/components/routes/profile/ManageProfile/index.tsx:126,,Email change pending,Εκκρεμεί αλλαγή email,
src/components/routes/profile/ManageProfile/index.tsx:169,,Email confirmation resent,Αποστολή επιβεβαίωσης μέσω email ξανά,
src/components/layouts/Event/index.tsx:76 | src/components/layouts/OrganizerLayout/index.tsx:104 | src/components/routes/profile/ManageProfile/index.tsx:100,,Email confirmation resent successfully,Η επιβεβαίωση μέσω email επαναλήφθηκε με επιτυχία,
src/components/routes/event/Settings/Sections/EmailSettings/GeneralEmailSettings.tsx:70,,Email footer message,Μήνυμα υποσέλιδου email,
src/components/common/ContactOrganizerModal/index.tsx:34 | src/components/routes/product-widget/OrderSummaryAndProducts/EditAttendeeModal/index.tsx:32 | src/components/routes/product-widget/OrderSummaryAndProducts/EditOrderModal/index.tsx:32,,Email is required,Απαιτείται email,
src/components/routes/profile/ManageProfile/index.tsx:159,,Email not verified,Η διεύθυνση ηλεκτρονικού ταχυδρομείου δεν επαληθεύτηκε,
src/components/common/EmailTemplateEditor/EmailTemplatePreviewPane.tsx:27,,Email Preview,Προεπισκόπηση ηλεκτρονικού ταχυδρομείου,
src/components/common/EmailTemplateSettings/EmailTemplateSettingsBase.tsx:338 | src/components/routes/organizer/Settings/index.tsx:65,,Email Templates,Πρότυπα ηλεκτρονικού ταχυδρομείου,
src/components/layouts/OrganizerLayout/index.tsx:290,,Email Verification Required,Απαιτείται επαλήθευση email,
src/components/routes/welcome/index.tsx:97,,Email verified successfully!,Το email επαληθεύτηκε με επιτυχία!,
src/components/common/WidgetEditor/index.tsx:246 | src/components/common/WidgetEditor/index.tsx:275,,Embed Code,Ενσωμάτωση κώδικα,
src/components/common/WidgetEditor/index.tsx:262,,Embed Script,Ενσωμάτωση σεναρίου,
src/components/modals/EventLiveCelebrationModal/index.tsx:113,,Embed Widget,Ενσωμάτωση γραφικού στοιχείου,
src/components/common/SelfServiceSettings/index.tsx:19,,Enable attendee self-service,Ενεργοποίηση αυτοεξυπηρέτησης συμμετεχόντων,
src/components/common/SelfServiceSettings/index.tsx:18,,Enable attendee self-service by default,Ενεργοποίηση αυτοεξυπηρέτησης συμμετεχόντων από προεπιλογή,
src/components/routes/event/Settings/Sections/PaymentSettings/index.tsx:184,,Enable Invoicing,Ενεργοποίηση τιμολόγησης,
src/components/forms/CapaciyAssigmentForm/index.tsx:21,,Enable this capacity to stop product sales when the limit is reached,Ενεργοποιήστε αυτήν τη δυνατότητα για διακοπή των πωλήσεων προϊόντων όταν επιτευχθεί το όριο,
src/components/common/EmailTemplateEditor/EmailTemplateEditor.tsx:191,,Enable this template for sending emails,Ενεργοποίηση αυτού του προτύπου για την αποστολή μηνυμάτων ηλεκτρονικού ταχυδρομείου,
src/components/forms/ProductForm/index.tsx:493,,Enable Waitlist,Ενεργοποίηση λίστας αναμονής,
src/components/forms/WebhookForm/index.tsx:22,,Enabled,Ενεργοποιημένο,
src/components/common/AdminEventsTable/index.tsx:107 | src/components/modals/DuplicateEventModal/index.tsx:129 | src/components/routes/event/Settings/Sections/EventDetailsForm/index.tsx:109,,End Date,Ημερομηνία λήξης,
src/components/modals/CreateEventModal/index.tsx:232,,End Date & Time (optional),Ημερομηνία και ώρα λήξης (προαιρετικά),
src/components/modals/CreateEventModal/index.tsx:43 | src/components/routes/welcome/index.tsx:236,,End date must be after start date,Η ημερομηνία λήξης πρέπει να είναι μετά την ημερομηνία έναρξης,
src/components/routes/welcome/index.tsx:385,,End time (optional),Ώρα λήξης (προαιρετικό),
src/components/common/EventCard/index.tsx:83 | src/components/common/EventsDashboardStatusButtons/index.tsx:26 | src/components/common/EventStatusBadge/index.tsx:14 | src/components/common/ProductsTable/SortableProduct/index.tsx:89 | src/components/common/ProductsTable/SortableProduct/index.tsx:438,,Ended,Τελείωσε,
src/components/common/LanguageSwitcher/index.tsx:18 | src/components/common/LanguageSwitcher/index.tsx:60 | src/components/modals/CreateAttendeeModal/index.tsx:156,,English,αγγλικός,
src/components/forms/CheckInListForm/index.tsx:61,,Enter a password to protect this list,Εισαγάγετε έναν κωδικό πρόσβασης για να προστατεύσετε αυτήν τη λίστα,
src/components/common/EmailTemplateEditor/EmailTemplatePreviewPane.tsx:58,,Enter a subject and body to see the preview,Εισαγάγετε ένα θέμα και ένα σώμα για να δείτε την προεπισκόπηση,
src/components/forms/AffiliateForm/index.tsx:91,,Enter affiliate email (optional),Εισαγάγετε email συνεργάτη (προαιρετικό),
src/components/forms/AffiliateForm/index.tsx:83,,Enter affiliate name,Εισαγάγετε όνομα συνεργάτη,
src/components/modals/CreateAttendeeModal/index.tsx:181,,Enter an amount excluding taxes and fees.,Εισαγάγετε ένα ποσό χωρίς φόρους και τέλη.,
src/components/modals/EditAccountVatSettingsModal/index.tsx:149,,Enter business address,Εισαγάγετε τη διεύθυνση της επιχείρησης,
src/components/modals/EditAccountVatSettingsModal/index.tsx:142,,Enter business name,Εισαγάγετε το όνομα της επιχείρησης,
src/components/routes/product-widget/OrderSummaryAndProducts/EditAttendeeModal/index.tsx:69 | src/components/routes/product-widget/OrderSummaryAndProducts/EditOrderModal/index.tsx:69,,Enter email,Εισαγάγετε email,
src/components/common/EmailTemplateEditor/EmailTemplateEditor.tsx:128,,Enter email subject...,Εισαγάγετε θέμα email...,
src/components/routes/product-widget/OrderSummaryAndProducts/EditAttendeeModal/index.tsx:54 | src/components/routes/product-widget/OrderSummaryAndProducts/EditOrderModal/index.tsx:54,,Enter first name,Εισαγάγετε το μικρό σας όνομα,
src/components/routes/product-widget/OrderSummaryAndProducts/EditAttendeeModal/index.tsx:61 | src/components/routes/product-widget/OrderSummaryAndProducts/EditOrderModal/index.tsx:61,,Enter last name,Εισαγάγετε επώνυμο,
src/components/routes/auth/ResetPassword/index.tsx:65,,Enter new password,Εισαγάγετε νέο κωδικό πρόσβασης,
src/components/modals/EditAccountVatSettingsModal/index.tsx:124,,Enter the VAT number including country code,Εισαγάγετε τον ΑΦΜ συμπεριλαμβανομένου του κωδικού χώρας,
src/components/forms/AffiliateForm/index.tsx:39,,Enter unique affiliate code,Εισαγάγετε τον μοναδικό κωδικό συνεργάτη,
src/components/common/ContactOrganizerModal/index.tsx:80 | src/components/routes/auth/Login/index.tsx:150 | src/components/routes/my-tickets/index.tsx:192,,Enter your email,Εισαγάγετε το email σας,
src/components/routes/auth/ForgotPassword/index.tsx:58,,Enter your email and we'll send you instructions to reset your password.,Εισαγάγετε το email σας και θα σας στείλουμε οδηγίες για να επαναφέρετε τον κωδικό πρόσβασής σας.,
src/components/common/ContactOrganizerModal/index.tsx:74,,Enter your name,Εισαγάγετε το όνομά σας,
src/components/routes/account/ManageAccount/sections/PaymentSettings/VatSettings/VatSettingsForm.tsx:217,,"Enter your VAT number including the country code, without spaces (e.g., IE1234567A, DE123456789)","Εισαγάγετε τον ΑΦΜ σας συμπεριλαμβανομένου του κωδικού χώρας, χωρίς κενά (π.χ., IE1234567A, DE123456789)",
src/components/common/WaitlistTable/index.tsx:240,,Entries will appear here when customers join the waitlist for sold out products.,Οι καταχωρίσεις θα εμφανίζονται εδώ όταν οι πελάτες εγγραφούν στη λίστα αναμονής για εξαντλημένα προϊόντα.,
src/components/common/OrdersTable/index.tsx:105 | src/components/common/OrganizerWebhookTable/index.tsx:149 | src/components/layouts/Checkout/index.tsx:112,,Error,Σφάλμα,
src/components/routes/profile/ConfirmEmailAddress/index.tsx:27,,Error confirming email address,Σφάλμα επιβεβαίωσης διεύθυνσης ηλεκτρονικού ταχυδρομείου κατά την επιβεβαίωση της διεύθυνσης ηλεκτρονικού ταχυδρομείου,
src/components/routes/profile/ConfirmEmailChange/index.tsx:35,,Error confirming email change,Σφάλμα επιβεβαίωσης αλλαγής email κατά την επιβεβαίωση αλλαγής email,
src/components/modals/OrganizerWebhookLogsModal/index.tsx:152 | src/components/modals/WebhookLogsModal/index.tsx:166,,Error loading logs,Σφάλμα φόρτωσης αρχείων καταγραφής,
src/components/routes/account/ManageAccount/sections/PaymentSettings/VatSettings/index.tsx:68 | src/components/routes/account/ManageAccount/sections/PaymentSettings/VatSettings/VatSettingsModal.tsx:30,,EU VAT-registered businesses: Reverse charge mechanism applies (0% - Article 196 of VAT Directive 2006/112/EC),Επιχειρήσεις εγγεγραμμένες στο ΦΠΑ της ΕΕ: ​​Ισχύει μηχανισμός αντιστροφής της χρέωσης (0% - Άρθρο 196 της οδηγίας ΦΠΑ 2006/112/ΕΚ),
src/components/routes/account/ManageAccount/sections/AccountSettings/index.tsx:74 | src/components/routes/event/Settings/Sections/EventDetailsForm/index.tsx:118 | src/components/routes/organizer/Settings/Sections/BasicSettings/index.tsx:117,,EUR,ευρώ,
src/components/common/AdminOrdersTable/index.tsx:72 | src/components/common/Editor/Controls/InsertLiquidVariableControl.tsx:34 | src/components/common/Editor/Controls/InsertLiquidVariableControl.tsx:35 | src/components/common/Editor/Controls/InsertLiquidVariableControl.tsx:36 | src/components/common/Editor/Controls/InsertLiquidVariableControl.tsx:37 | src/components/common/Editor/Controls/InsertLiquidVariableControl.tsx:38 | src/components/common/Editor/Controls/InsertLiquidVariableControl.tsx:39 | src/components/common/Editor/Controls/InsertLiquidVariableControl.tsx:40 | src/components/common/Editor/Controls/InsertLiquidVariableControl.tsx:68 | src/components/common/Editor/Controls/InsertLiquidVariableControl.tsx:69 | src/components/common/Editor/Controls/InsertLiquidVariableControl.tsx:70 | src/components/common/Editor/Controls/InsertLiquidVariableControl.tsx:71 | src/components/common/Editor/Controls/InsertLiquidVariableControl.tsx:72 | src/components/common/Editor/Controls/InsertLiquidVariableControl.tsx:73 | src/components/common/Editor/Controls/InsertLiquidVariableControl.tsx:74 | src/components/routes/admin/Dashboard/index.tsx:256 | src/components/routes/admin/Dashboard/index.tsx:305 | src/components/routes/admin/Messages/index.tsx:163 | src/components/routes/admin/Messages/index.tsx:277 | src/components/routes/events/Dashboard/index.tsx:184 | src/components/routes/organizer/Reports/CheckInSummaryReport/index.tsx:19 | src/components/routes/organizer/Reports/EventsPerformanceReport/index.tsx:41 | src/components/routes/organizer/Reports/PlatformFeesReport/index.tsx:43 | src/components/routes/organizer/Reports/TaxSummaryReport/index.tsx:23,,Event,Συμβάν,
src/components/forms/WebhookForm/index.tsx:55,,Event Archived,Αρχειοθετήθηκε το συμβάν,
src/components/routes/event/Settings/Sections/DangerZoneSettings/index.tsx:54,,Event archived successfully,Η αρχειοθέτηση του συμβάντος ολοκληρώθηκε με επιτυχία.,
src/components/modals/CreateEventModal/index.tsx:185,,Event Category,Κατηγορία Εκδήλωσης,
src/components/modals/DuplicateEventModal/index.tsx:30,,Event Cover Image,Εικόνα εξωφύλλου εκδήλωσης,
src/components/forms/WebhookForm/index.tsx:43,,Event Created,Δημιουργήθηκε συμβάν,
src/components/common/EmailTemplateSettings/EmailTemplateSettingsBase.tsx:225,,Event custom template,Προσαρμοσμένο πρότυπο συμβάντος,
src/components/common/Editor/Controls/InsertLiquidVariableControl.tsx:35 | src/components/common/Editor/Controls/InsertLiquidVariableControl.tsx:69 | src/components/routes/my-tickets/index.tsx:62 | src/components/routes/organizer/Reports/CheckInSummaryReport/index.tsx:29 | src/components/routes/product-widget/OrderSummaryAndProducts/index.tsx:306,,Event Date,Ημερομηνία Εκδήλωσης,
src/components/routes/account/ManageAccount/sections/EventDefaultsSettings/index.tsx:5 | src/components/routes/organizer/Settings/index.tsx:35 | src/components/routes/organizer/Settings/Sections/EventDefaults/index.tsx:73,,Event Defaults,Προεπιλογές συμβάντων,
src/components/routes/event/Settings/Sections/DangerZoneSettings/index.tsx:34,,Event deleted successfully,Η εκδήλωση διαγράφηκε με επιτυχία.,
src/components/common/Editor/Controls/InsertLiquidVariableControl.tsx:38 | src/components/common/Editor/Controls/InsertLiquidVariableControl.tsx:72 | src/components/modals/CreateEventModal/index.tsx:197,,Event Description,Περιγραφή συμβάντος,
src/components/common/Editor/Controls/InsertLiquidVariableControl.tsx:38 | src/components/common/Editor/Controls/InsertLiquidVariableControl.tsx:72,,Event details,Λεπτομέρειες συμβάντος,
src/components/routes/event/Settings/index.tsx:40 | src/components/routes/event/Settings/Sections/EventDetailsForm/index.tsx:70 | src/components/routes/product-widget/OrderSummaryAndProducts/index.tsx:605,,Event Details,Λεπτομέρειες Εκδήλωσης,
src/components/modals/DuplicateEventModal/index.tsx:89,,Event duplicated successfully,Η εκδήλωση αντιγράφηκε με επιτυχία,
src/components/common/Editor/Controls/InsertLiquidVariableControl.tsx:37,,Event Full Address,Πλήρης Διεύθυνση Εκδήλωσης,
src/components/layouts/Checkout/index.tsx:197,,Event Homepage,Αρχική Σελίδα Εκδήλωσης,
src/components/common/Editor/Controls/InsertLiquidVariableControl.tsx:71,,Event Location,Τοποθεσία Εκδήλωσης,
src/components/routes/event/Settings/Sections/LocationSettings/index.tsx:88,,Event location & venue details,Τοποθεσία και λεπτομέρειες χώρου εκδήλωσης,
src/components/layouts/AuthLayout/index.tsx:84,,Event Management Platform,Πλατφόρμα Διαχείρισης Εκδηλώσεων,
src/components/routes/welcome/index.tsx:352,,Event name,Όνομα συμβάντος,
src/components/modals/CreateEventModal/index.tsx:176,,Event Name,Όνομα συμβάντος,
src/components/routes/welcome/index.tsx:232,,Event name is required,Απαιτείται το όνομα του συμβάντος,
src/components/modals/CreateEventModal/index.tsx:40,,Event name should be less than 150 characters,Το όνομα του συμβάντος πρέπει να έχει μήκος μικρότερο από 150 χαρακτήρες,
src/components/layouts/EventHomepage/EventNotAvailable/index.tsx:9 | src/components/layouts/EventHomepage/EventNotAvailable/index.tsx:11,,Event Not Available,Η εκδήλωση δεν είναι διαθέσιμη,
src/components/common/Editor/Controls/InsertLiquidVariableControl.tsx:44 | src/components/common/Editor/Controls/InsertLiquidVariableControl.tsx:77,,Event organizer name,Όνομα διοργανωτή εκδήλωσης,
src/components/layouts/Event/index.tsx:248,,Event Page,Σελίδα Εκδήλωσης,
src/components/routes/event/Settings/Sections/DangerZoneSettings/index.tsx:54,,Event restored successfully,Η συμβάν αποκαταστάθηκε με επιτυχία.,
src/components/layouts/Event/index.tsx:106 | src/components/routes/event/Settings/index.tsx:159,,Event Settings,Ρυθμίσεις συμβάντος,
src/components/common/EventCard/index.tsx:72 | src/components/common/StatusToggle/index.tsx:65 | src/components/layouts/Event/index.tsx:172 | src/components/routes/event/EventDashboard/index.tsx:90 | src/components/routes/event/GettingStarted/index.tsx:68,,Event status update failed. Please try again later,Η ενημέρωση κατάστασης συμβάντος απέτυχε. Δοκιμάστε ξανά αργότερα.,
src/components/common/EventCard/index.tsx:69 | src/components/common/StatusToggle/index.tsx:57 | src/components/layouts/Event/index.tsx:168 | src/components/routes/event/EventDashboard/index.tsx:87 | src/components/routes/event/GettingStarted/index.tsx:65,,Event status updated,Η κατάσταση του συμβάντος ενημερώθηκε,
src/components/common/Editor/Controls/InsertLiquidVariableControl.tsx:36 | src/components/common/Editor/Controls/InsertLiquidVariableControl.tsx:70,,Event Time,Ώρα συμβάντος,
src/components/common/Editor/Controls/InsertLiquidVariableControl.tsx:39 | src/components/common/Editor/Controls/InsertLiquidVariableControl.tsx:73,,Event timezone,Ζώνη ώρας συμβάντος,
src/components/common/Editor/Controls/InsertLiquidVariableControl.tsx:39 | src/components/common/Editor/Controls/InsertLiquidVariableControl.tsx:73,,Event Timezone,Ζώνη ώρας συμβάντος,
src/components/common/AdminEventsTable/index.tsx:84 | src/components/common/Editor/Controls/InsertLiquidVariableControl.tsx:34 | src/components/common/Editor/Controls/InsertLiquidVariableControl.tsx:68,,Event Title,Τίτλος συμβάντος,
src/components/routes/admin/Messages/index.tsx:77,,Event Too New,Το συμβάν είναι πολύ νέο,
src/components/common/OrganizerWebhookTable/index.tsx:237 | src/components/common/WebhookTable/index.tsx:237 | src/components/forms/WebhookForm/index.tsx:143,,Event Types,Τύποι συμβάντων,
src/components/forms/WebhookForm/index.tsx:49,,Event Updated,Ενημερώθηκε το συμβάν,
src/components/common/Editor/Controls/InsertLiquidVariableControl.tsx:40 | src/components/common/Editor/Controls/InsertLiquidVariableControl.tsx:74,,Event Venue,Χώρος Εκδήλωσης,
src/components/common/AdminAccountsTable/index.tsx:82 | src/components/layouts/Admin/index.tsx:16 | src/components/layouts/OrganizerLayout/index.tsx:89 | src/components/routes/admin/Accounts/AccountDetail/index.tsx:159 | src/components/routes/admin/Attribution/index.tsx:133 | src/components/routes/admin/Dashboard/index.tsx:403 | src/components/routes/admin/Events/index.tsx:77 | src/components/routes/organizer/Events/index.tsx:45,,Events,Εκδηλώσεις,
src/components/routes/organizer/Reports/EventsPerformanceReport/index.tsx:120 | src/components/routes/organizer/Reports/index.tsx:23,,Events Performance,Εκδηλώσεις Παράσταση,
src/components/routes/admin/Dashboard/index.tsx:450,,Events Starting in Next 24 Hours,Εκδηλώσεις που ξεκινούν στις επόμενες 24 ώρες,
src/components/common/EmailTemplateEditor/CTAConfiguration.tsx:23,,Every email template must include a call-to-action button that links to the appropriate page,Κάθε πρότυπο email πρέπει να περιλαμβάνει ένα κουμπί παρότρυνσης για δράση που να συνδέεται με την κατάλληλη σελίδα.,
src/components/common/QuestionsTable/index.tsx:494,,"Examples: \""How did you hear about us?\"", \""Company name for invoice\""","Παραδείγματα: \""Πώς μάθατε για εμάς;\"", \""Όνομα εταιρείας για τιμολόγιο\""",
src/components/common/QuestionsTable/index.tsx:495,,"Examples: \""T-shirt size\"", \""Meal preference\"", \""Job title\""","Παραδείγματα: \""Μέγεθος μπλουζάκι\"", \""Προτίμηση γεύματος\"", \""Θέση εργασίας\""",
src/components/routes/admin/FailedJobs/index.tsx:166 | src/components/routes/admin/FailedJobs/index.tsx:265,,Exception,Εξαίρεση,
src/components/forms/CheckInListForm/index.tsx:89,,Expiration date,Ημερομηνία λήξης,
src/components/common/WaitlistTable/index.tsx:28 | src/components/routes/event/SoldOutWaitlist/index.tsx:74,,Expired,Λήξη,
src/components/common/PromoCodeTable/index.tsx:78,,Expires,Λήγει,
src/components/forms/PromoCodeForm/index.tsx:109,,Expiry Date,Ημερομηνία λήξης,
src/components/routes/event/Affiliates/index.tsx:84 | src/components/routes/event/attendees.tsx:209 | src/components/routes/event/orders.tsx:142,,Export,Εξαγωγή,
src/components/common/QuestionsTable/index.tsx:403,,Export Answers,Εξαγωγή απαντήσεων,
src/components/common/OrganizerReportTable/index.tsx:347,,Export CSV,Εξαγωγή CSV,
src/mutations/useExportAnswers.ts:39,,Export failed. Please try again.,Η εξαγωγή απέτυχε. Δοκιμάστε ξανά.,
src/mutations/useExportAnswers.ts:17,,Export started. Preparing file...,Η εξαγωγή ξεκίνησε. Προετοιμασία αρχείου...,
src/components/common/OrganizerReportTable/index.tsx:204,,Export successful,Η εξαγωγή ήταν επιτυχής.,
src/components/routes/event/Affiliates/index.tsx:45,,Exporting Affiliates,Εξαγωγή Συνεργατών,
src/components/routes/event/attendees.tsx:129,,Exporting Attendees,Εξαγωγή συμμετεχόντων,
src/mutations/useExportAnswers.ts:33,,Exporting complete. Downloading file...,Η εξαγωγή ολοκληρώθηκε. Λήψη αρχείου...,
src/components/routes/event/orders.tsx:90,,Exporting Orders,Εξαγωγή παραγγελιών,
src/components/routes/organizer/Settings/Sections/SocialLinks/index.tsx:46,,Facebook,Facebook,
src/components/routes/admin/Messages/index.tsx:127,,Failed,Αποτυχημένος,
src/components/routes/admin/FailedJobs/index.tsx:165 | src/components/routes/admin/FailedJobs/index.tsx:261,,Failed At,Αποτυχία στο,
src/components/layouts/Admin/index.tsx:20 | src/components/routes/admin/FailedJobs/index.tsx:114,,Failed Jobs,Αποτυχημένες εργασίες,
src/components/layouts/Checkout/index.tsx:127,,Failed to abandon order. Please try again.,Η εγκατάλειψη της παραγγελίας απέτυχε. Δοκιμάστε ξανά.,
src/components/routes/admin/Accounts/AccountDetail/index.tsx:43,,Failed to assign configuration,Αποτυχία αντιστοίχισης διαμόρφωσης,
src/components/common/AttendeeTable/index.tsx:103,,Failed to cancel attendee,Η ακύρωση του συμμετέχοντα απέτυχε,
src/components/routes/event/messages.tsx:43,,Failed to cancel message,Η ακύρωση του μηνύματος απέτυχε,
src/components/modals/CancelOrderModal/index.tsx:46,,Failed to cancel order,Η ακύρωση της παραγγελίας απέτυχε,
src/components/modals/CreateAffiliateModal/index.tsx:62,,Failed to create affiliate,Αποτυχία δημιουργίας συνεργάτη,
src/components/routes/admin/Configurations/index.tsx:199,,Failed to create configuration,Η δημιουργία διαμόρφωσης απέτυχε,
src/components/common/EmailTemplateSettings/EmailTemplateSettingsBase.tsx:184 | src/components/common/EmailTemplateSettings/EmailTemplateSettingsBase.tsx:187,,Failed to create template,Η δημιουργία προτύπου απέτυχε,
src/components/routes/admin/Configurations/index.tsx:42,,Failed to delete configuration,Η διαγραφή της διαμόρφωσης απέτυχε,
src/components/routes/event/Settings/Sections/DangerZoneSettings/index.tsx:38,,Failed to delete event,Η διαγραφή του συμβάντος απέτυχε,
src/components/routes/admin/FailedJobs/index.tsx:68,,Failed to delete job,Η διαγραφή της εργασίας απέτυχε,
src/components/routes/admin/FailedJobs/index.tsx:93,,Failed to delete jobs,Η διαγραφή εργασιών απέτυχε,
src/components/routes/organizer/Settings/Sections/DangerZoneSettings/index.tsx:44,,Failed to delete organizer,Η διαγραφή του οργανωτή απέτυχε.,
src/components/common/QuestionsTable/index.tsx:203,,Failed to delete question,Η διαγραφή της ερώτησης απέτυχε,
src/components/common/EmailTemplateSettings/EmailTemplateSettingsBase.tsx:118 | src/components/common/EmailTemplateSettings/EmailTemplateSettingsBase.tsx:119,,Failed to delete template,Η διαγραφή του προτύπου απέτυχε,
src/components/common/OrdersTable/index.tsx:106 | src/components/layouts/Checkout/index.tsx:113,,Failed to download invoice. Please try again.,Αποτυχία λήψης τιμολογίου. Δοκιμάστε ξανά.,
src/components/routes/event/Affiliates/index.tsx:54,,Failed to export affiliates,Αποτυχία εξαγωγής συνεργατών,
src/components/routes/event/attendees.tsx:138,,Failed to export attendees,Η εξαγωγή των συμμετεχόντων απέτυχε,
src/components/routes/event/orders.tsx:99,,Failed to export orders,Η εξαγωγή παραγγελιών απέτυχε,
src/components/common/OrganizerReportTable/index.tsx:206,,Failed to export report. Please try again.,Η εξαγωγή της αναφοράς απέτυχε. Δοκιμάστε ξανά.,
src/components/modals/EditCheckInListModal/index.tsx:81,,Failed to load Check-In List,Αποτυχία φόρτωσης λίστας check-in,
src/components/modals/MessageRecipientsModal/index.tsx:48,,Failed to load recipients,Η φόρτωση των παραληπτών απέτυχε,
src/components/modals/EditOrganizerWebhookModal/index.tsx:74 | src/components/modals/EditWebhookModal/index.tsx:75,,Failed to load Webhook,Αποτυχία φόρτωσης Webhook,
src/components/common/WaitlistTable/index.tsx:127,,Failed to offer spot,Αποτυχία προσφοράς θέσης,
src/components/modals/OfferWaitlistModal/index.tsx:68,,Failed to offer tickets,Αποτυχία προσφοράς εισιτηρίων,
src/components/common/WaitlistTable/index.tsx:107,,Failed to remove from waitlist,Η κατάργηση από τη λίστα αναμονής απέτυχε,
src/components/common/QuestionsTable/index.tsx:184,,Failed to reorder questions,Η αναδιάταξη των ερωτήσεων απέτυχε,
src/components/routes/product-widget/OrderSummaryAndProducts/index.tsx:530,,Failed to resend order confirmation,Αποτυχία επανάληψης αποστολής επιβεβαίωσης παραγγελίας,
src/components/routes/product-widget/OrderSummaryAndProducts/index.tsx:506,,Failed to resend ticket,Αποτυχία επαναποστολής εισιτηρίου,
src/components/common/AttendeeTable/index.tsx:76,,Failed to resend ticket email,Αποτυχία επανάληψης αποστολής email με το αίτημα,
src/components/routes/welcome/index.tsx:125,,Failed to resend verification code,Αποτυχία επανάληψης αποστολής κωδικού επαλήθευσης,
src/components/routes/admin/FailedJobs/index.tsx:56,,Failed to retry job,Αποτυχία επανάληψης εργασίας,
src/components/routes/admin/FailedJobs/index.tsx:79,,Failed to retry jobs,Αποτυχία επανάληψης εργασιών,
src/components/common/EmailTemplateSettings/EmailTemplateSettingsBase.tsx:150 | src/components/common/EmailTemplateSettings/EmailTemplateSettingsBase.tsx:153 | src/components/common/EmailTemplateSettings/EmailTemplateSettingsBase.tsx:156 | src/components/common/EmailTemplateSettings/EmailTemplateSettingsBase.tsx:181,,Failed to save template,Η αποθήκευση του προτύπου απέτυχε,
src/components/routes/account/ManageAccount/sections/PaymentSettings/VatSettings/VatSettingsForm.tsx:182,,Failed to save VAT settings. Please try again.,Αποτυχία αποθήκευσης ρυθμίσεων ΦΠΑ. Δοκιμάστε ξανά.,
src/components/common/ContactOrganizerModal/index.tsx:57,,Failed to send message. Please try again.,Αποτυχία αποστολής μηνύματος. Δοκιμάστε ξανά.,
src/components/common/ProductsTable/SortableProduct/index.tsx:231,,Failed to sort products,Αποτυχία ταξινόμησης προϊόντων,
src/mutations/useExportAnswers.ts:15,,Failed to start export job,Αποτυχία έναρξης εργασίας εξαγωγής,
src/components/routes/admin/Accounts/index.tsx:48 | src/components/routes/admin/Events/index.tsx:68 | src/components/routes/admin/Users/index.tsx:48,,Failed to start impersonation. Please try again.,Αποτυχία έναρξης πλαστοπροσωπίας. Δοκιμάστε ξανά.,
src/components/common/ImpersonationBanner/index.tsx:29,,Failed to stop impersonation. Please try again.,Αποτυχία διακοπής της πλαστοπροσωπίας. Δοκιμάστε ξανά.,
src/components/modals/EditAccountConfigurationModal/index.tsx:77,,Failed to update account configuration,Η ενημέρωση της διαμόρφωσης λογαριασμού απέτυχε,
src/components/modals/EditAffiliateModal/index.tsx:70,,Failed to update affiliate,Αποτυχία ενημέρωσης συνεργάτη,
src/components/common/QuestionAndAnswerList/index.tsx:102,,Failed to update answer.,Η ενημέρωση της απάντησης απέτυχε.,
src/components/routes/product-widget/OrderSummaryAndProducts/index.tsx:446,,Failed to update attendee,Αποτυχία ενημέρωσης συμμετέχοντα,
src/components/routes/admin/Configurations/index.tsx:199,,Failed to update configuration,Η ενημέρωση της διαμόρφωσης απέτυχε,
src/components/routes/event/Settings/Sections/DangerZoneSettings/index.tsx:57,,Failed to update event status,Η ενημέρωση της κατάστασης του συμβάντος απέτυχε,
src/components/routes/admin/Accounts/AccountDetail/index.tsx:53,,Failed to update messaging tier,Η ενημέρωση του επιπέδου ανταλλαγής μηνυμάτων απέτυχε,
src/components/routes/product-widget/OrderSummaryAndProducts/index.tsx:481,,Failed to update order,Η ενημέρωση της παραγγελίας απέτυχε,
src/components/routes/organizer/Settings/Sections/DangerZoneSettings/index.tsx:63,,Failed to update organizer status,Η ενημέρωση της κατάστασης του διοργανωτή απέτυχε,
src/components/common/QuestionsTable/index.tsx:374,,Failed to update setting,Η ενημέρωση της ρύθμισης απέτυχε,
src/components/modals/EditAccountVatSettingsModal/index.tsx:103,,Failed to update VAT settings,Αποτυχία ενημέρωσης ρυθμίσεων ΦΠΑ,
src/components/common/Editor/Controls/InsertImageControl/index.tsx:66,,Failed to upload image.,Αποτυχία μεταφόρτωσης εικόνας.,
src/components/common/ImageUploadDropzone/index.tsx:103,,Failed to upload image. Please try again.,Η μεταφόρτωση της εικόνας απέτυχε. Δοκιμάστε ξανά.,
src/components/routes/welcome/index.tsx:102,,Failed to verify email,Αποτυχία επαλήθευσης διεύθυνσης ηλεκτρονικού ταχυδρομείου,
src/components/forms/TaxAndFeeForm/index.tsx:18 | src/components/forms/TaxAndFeeForm/index.tsx:39 | src/components/modals/CreateTaxOrFeeModal/index.tsx:36 | src/components/modals/CreateTaxOrFeeModal/index.tsx:59 | src/components/modals/EditTaxOrFeeModal/index.tsx:42 | src/components/modals/EditTaxOrFeeModal/index.tsx:52 | src/components/modals/EditTaxOrFeeModal/index.tsx:59,,Fee,Αμοιβή,
src/components/routes/admin/Configurations/index.tsx:227,,Fee Currency,Νόμισμα τελών,
src/components/routes/event/Settings/Sections/PlatformFeesSettings/index.tsx:50,,Fee Handling,Διαχείριση τελών,
src/components/common/InlineOrderSummary/index.tsx:147 | src/components/common/OrdersTable/index.tsx:352 | src/components/forms/ProductForm/index.tsx:409 | src/components/routes/organizer/Reports/RevenueSummaryReport/index.tsx:54,,Fees,Δικαιώματα,
src/components/routes/account/ManageAccount/sections/PaymentSettings/index.tsx:291,,Fees are subject to change. You will be notified of any changes to your fee structure.,Οι χρεώσεις υπόκεινται σε αλλαγές. Θα ειδοποιηθείτε για τυχόν αλλαγές στη δομή των χρεώσεών σας.,
src/components/routes/admin/Configurations/index.tsx:88,,Fees Bypassed,Παράκαμψη τελών,
src/constants/eventCategories.ts:5,,Festival,Φεστιβάλ,
src/components/common/ImageUploadDropzone/index.tsx:58,,File is too large. Maximum size is 5MB.,Το αρχείο είναι πολύ μεγάλο. Το μέγιστο μέγεθος είναι 5MB.,
src/components/routes/product-widget/CollectInformation/index.tsx:473 | src/components/routes/product-widget/CollectInformation/index.tsx:493,,Fill in your details above first,Συμπληρώστε πρώτα τα στοιχεία σας παραπάνω,
src/components/routes/event/attendees.tsx:185,,Filter Attendees,Φιλτράρισμα συμμετεχόντων,
src/components/routes/organizer/Reports/PlatformFeesReport/index.tsx:123,,Filter by Event,Φιλτράρισμα κατά συμβάν,
src/components/routes/event/orders.tsx:123,,Filter Orders,Φιλτράρισμα παραγγελιών,
src/components/common/FilterModal/index.tsx:87 | src/components/common/FilterModal/index.tsx:254,,Filters,Φίλτρα,
src/components/common/FilterModal/index.tsx:254,,Filters ({activeFilterCount}),Φίλτρα ({activeFilterCount}),
src/components/routes/account/ManageAccount/sections/PaymentSettings/index.tsx:214,,Finish Setup,Ολοκλήρωση εγκατάστασης,
src/components/routes/account/ManageAccount/sections/PaymentSettings/index.tsx:425 | src/components/routes/account/ManageAccount/sections/PaymentSettings/index.tsx:672,,Finish Stripe Setup,Ολοκλήρωση εγκατάστασης λωρίδας,
src/components/routes/product-widget/CollectInformation/index.tsx:504,,First attendee,Πρώτος συμμετέχων,
src/components/routes/event/Settings/Sections/PaymentSettings/index.tsx:209,,First Invoice Number,Πρώτος Αριθμός Τιμολογίου,
src/components/modals/CreateAttendeeModal/index.tsx:129 | src/components/modals/ManageAttendeeModal/index.tsx:110 | src/components/modals/ManageOrderModal/index.tsx:144 | src/components/routes/product-widget/CollectInformation/index.tsx:439 | src/components/routes/product-widget/CollectInformation/index.tsx:663,,First name,Όνομα,
src/components/common/QuestionsTable/index.tsx:251 | src/components/modals/EditUserModal/index.tsx:77 | src/components/modals/InviteUserModal/index.tsx:63 | src/components/modals/JoinWaitlistModal/index.tsx:161 | src/components/routes/auth/AcceptInvitation/index.tsx:97 | src/components/routes/auth/Register/index.tsx:90 | src/components/routes/product-widget/CollectInformation/index.tsx:438 | src/components/routes/product-widget/CollectInformation/index.tsx:662 | src/components/routes/product-widget/OrderSummaryAndProducts/EditAttendeeModal/index.tsx:53 | src/components/routes/product-widget/OrderSummaryAndProducts/EditOrderModal/index.tsx:53 | src/components/routes/profile/ManageProfile/index.tsx:152,,First Name,Όνομα,
src/components/modals/JoinWaitlistModal/index.tsx:46 | src/components/routes/product-widget/OrderSummaryAndProducts/EditAttendeeModal/index.tsx:29 | src/components/routes/product-widget/OrderSummaryAndProducts/EditOrderModal/index.tsx:29,,First name is required,Απαιτείται το όνομα,
src/components/routes/auth/AcceptInvitation/index.tsx:30,,First name must be between 1 and 50 characters,Το όνομα πρέπει να έχει μήκος μεταξύ 1 και 50 χαρακτήρων,
src/components/routes/event/Reports/PromoCodesReport/index.tsx:64,,First Used,Πρώτη χρήση,
src/components/forms/TaxAndFeeForm/index.tsx:33,,Fixed,Σταθερός,
src/components/forms/PromoCodeForm/index.tsx:85,,Fixed amount,Σταθερό ποσό,
src/components/modals/EditAccountConfigurationModal/index.tsx:89 | src/components/routes/admin/Accounts/AccountDetail/index.tsx:191 | src/components/routes/admin/Configurations/index.tsx:93 | src/components/routes/admin/Configurations/index.tsx:235,,Fixed Fee,Σταθερή χρέωση,
src/components/modals/EditAccountConfigurationModal/index.tsx:90,,Fixed fee amount in {currencyCode},Σταθερό ποσό χρέωσης σε {currencyCode},
src/components/routes/admin/Configurations/index.tsx:236,,Fixed fee charged per transaction,Σταθερή χρέωση ανά συναλλαγή,
src/components/modals/EditAccountConfigurationModal/index.tsx:40 | src/components/routes/admin/Configurations/index.tsx:172,,Fixed fee must be 0 or greater,Η σταθερή χρέωση πρέπει να είναι 0 ή μεγαλύτερη,
src/components/routes/account/ManageAccount/sections/PaymentSettings/index.tsx:276,,Fixed Fee:,Σταθερή χρέωση:,
src/components/common/AttendeeCheckInTable/QrScanner.tsx:138,,Flash is not available on this device,Το φλας δεν είναι διαθέσιμο σε αυτήν τη συσκευή,
src/components/layouts/AuthLayout/index.tsx:26,,Flexible Ticketing,Ευέλικτη έκδοση εισιτηρίων,
src/constants/eventCategories.ts:14,,Food & Drink,Φαγητό & Ποτό,
src/components/routes/event/TicketDesigner/index.tsx:160,,Footer Text,Κείμενο υποσέλιδου,
src/components/routes/auth/Login/index.tsx:108,,Forgot password?,Ξεχάσατε τον κωδικό πρόσβασης;,
src/components/common/AttendeeTicket/index.tsx:64 | src/components/common/Currency/index.tsx:90 | src/components/common/InlineOrderSummary/index.tsx:57 | src/components/common/OrderSummary/index.tsx:46 | src/components/common/OrderSummary/index.tsx:99 | src/components/common/ProductsTable/SortableProduct/index.tsx:115 | src/components/common/ProductsTable/SortableProduct/index.tsx:125 | src/components/layouts/OrganizerHomepage/EventCard/index.tsx:180 | src/components/routes/product-widget/SelectProducts/Prices/Tiered/index.tsx:53,,Free,Δωρεάν,
src/components/forms/ProductForm/index.tsx:160,,Free Product,Δωρεάν προϊόν,
src/components/forms/ProductForm/index.tsx:162,,"Free product, no payment information required","Δωρεάν προϊόν, δεν απαιτούνται στοιχεία πληρωμής",
src/components/common/LanguageSwitcher/index.tsx:22,,French,Γάλλος,
src/components/modals/RefundOrderModal/index.tsx:109,,Full refund,Πλήρης επιστροφή χρημάτων,
src/components/forms/ProductForm/index.tsx:145,,General,Γενικός,
src/components/routes/event/TicketDesigner/TicketDesignerPrint.tsx:36 | src/components/routes/event/TicketDesigner/TicketPreview.tsx:41,,General Admission,Γενική Είσοδος,
src/components/routes/organizer/Settings/Sections/BasicSettings/index.tsx:64,,General information about your organizer,Γενικές πληροφορίες σχετικά με τον οργανωτή σας,
src/components/forms/AffiliateForm/index.tsx:57 | src/components/forms/PromoCodeForm/index.tsx:56,,Generate,Παράγω,
src/components/forms/AffiliateForm/index.tsx:53 | src/components/forms/AffiliateForm/index.tsx:60 | src/components/forms/PromoCodeForm/index.tsx:52 | src/components/forms/PromoCodeForm/index.tsx:59,,Generate code,Δημιουργία κώδικα,
src/components/forms/CheckInListForm/index.tsx:73,,Generate random password,Δημιουργία τυχαίου κωδικού πρόσβασης,
src/components/common/LanguageSwitcher/index.tsx:16,,German,Γερμανός,
src/components/layouts/EventHomepage/index.tsx:420,,Get Directions,Λήψη Οδηγιών,
src/components/layouts/AuthLayout/index.tsx:37,,Get paid immediately via Stripe Connect,Πληρωθείτε άμεσα μέσω του Stripe Connect,
src/components/routes/auth/Register/index.tsx:73,,Get started,Ξεκινήστε,
src/components/layouts/EventHomepage/index.tsx:619,,Get Tickets,Αποκτήστε Εισιτήρια,
src/components/routes/event/EventDashboard/index.tsx:163,,Get your event ready,Ετοιμάστε την εκδήλωσή σας,
src/components/layouts/Event/index.tsx:92,,Getting Started,Ξεκινώντας,
src/components/routes/organizer/Settings/Sections/SocialLinks/index.tsx:102,,GitHub,GitHub,
src/components/routes/profile/ConfirmEmailChange/index.tsx:23 | src/components/routes/profile/ConfirmEmailChange/index.tsx:42,,Go back to profile,Επιστροφή στο προφίλ,
src/components/routes/product-widget/CollectInformation/index.tsx:381,,Go to Event Page,Μετάβαση στη σελίδα της εκδήλωσης,
src/components/common/ErrorDisplay/index.tsx:67,,Go to home page,Μετάβαση στην αρχική σελίδα,
src/components/common/ThemeColorControls/index.tsx:113,,Good readability,Καλή αναγνωσιμότητα,
src/components/common/CalendarOptionsPopover/index.tsx:29,,Google Calendar,Ημερολόγιο Google,
src/components/common/EventCard/index.tsx:234,,Gross revenue,Ακαθάριστα έσοδα,
src/components/routes/organizer/Reports/EventsPerformanceReport/index.tsx:73,,Gross Revenue,Ακαθάριστα Έσοδα,
src/components/common/StatBoxes/index.tsx:63,,Gross sales,Μικτές πωλήσεις,
src/components/routes/admin/Dashboard/index.tsx:259 | src/components/routes/event/EventDashboard/index.tsx:314 | src/components/routes/organizer/OrganizerDashboard/index.tsx:121 | src/components/routes/organizer/Reports/RevenueSummaryReport/index.tsx:30,,Gross Sales,Μικτές πωλήσεις,
src/components/layouts/Event/index.tsx:119,,Guest Management,Διαχείριση επισκεπτών,
src/components/routes/product-widget/OrderSummaryAndProducts/index.tsx:616,,Guests,Καλεσμένοι,
src/components/routes/product-widget/SelectProducts/index.tsx:560,,Have a promo code?,Έχετε κωδικό προσφοράς;,
src/components/routes/admin/Dashboard/index.tsx:74,,"Hello {0}, manage your platform from here.","Γεια σου {0}, διαχειρίσου την πλατφόρμα σου από εδώ.",
src/components/forms/OrganizerForm/index.tsx:36 | src/components/routes/organizer/Settings/Sections/BasicSettings/index.tsx:81,,hello@awesome-events.com,hello@awesome-events.com,
src/components/routes/my-tickets/index.tsx:238,,Here are all the tickets associated with your email address.,Εδώ είναι όλα τα εισιτήρια που σχετίζονται με τη διεύθυνση email σας.,
src/components/common/WidgetEditor/index.tsx:303,,Here is an example of how you can use the component in your application.,Ακολουθεί ένα παράδειγμα για το πώς μπορείτε να χρησιμοποιήσετε το στοιχείο στην εφαρμογή σας.,
src/components/common/WidgetEditor/index.tsx:290,,Here is the React component you can use to embed the widget in your application.,Εδώ είναι το στοιχείο React που μπορείτε να χρησιμοποιήσετε για να ενσωματώσετε το γραφικό στοιχείο στην εφαρμογή σας.,
src/components/common/AffiliateTable/index.tsx:235,,Here is your affiliate link,Εδώ είναι ο σύνδεσμος συνεργατών σας,
src/components/routes/account/ManageAccount/sections/PaymentSettings/index.tsx:84,,Here's what to expect:,Να τι να περιμένετε:,
src/components/routes/event/EventDashboard/index.tsx:115,,Hi {0} 👋,Γεια σου {0} 👋,
src/components/routes/organizer/Reports/PlatformFeesReport/index.tsx:75,,Hi.Events Fee,Χρέωση Hi.Events,
src/components/routes/organizer/Reports/index.tsx:42,,Hi.Events platform fees and VAT breakdown by transaction,Ανάλυση χρεώσεων πλατφόρμας Hi.Events και ΦΠΑ ανά συναλλαγή,
src/components/common/ProductsTable/SortableProduct/index.tsx:92 | src/components/common/ProductsTable/SortableProduct/index.tsx:325,,Hidden,Κεκρυμμένος,
src/components/common/QuestionsTable/index.tsx:112,,Hidden from attendees - only visible to organizers,Κρυφό από τους συμμετέχοντες - ορατό μόνο στους διοργανωτές,
src/components/common/ProductsTable/SortableProduct/index.tsx:103 | src/components/common/ProductsTable/SortableProduct/index.tsx:314,,Hidden from public view,Κρυμμένο από την κοινή θέα,
src/components/forms/QuestionForm/index.tsx:218,,Hidden questions are only visible to the event organizer and not to the customer.,Οι κρυφές ερωτήσεις είναι ορατές μόνο στον διοργανωτή της εκδήλωσης και όχι στον πελάτη.,
src/components/routes/product-widget/SelectProducts/index.tsx:425 | src/components/routes/product-widget/SelectProducts/index.tsx:525,,Hide,Κρύβω,
src/components/common/AttendeeList/index.tsx:84,,Hide Answers,Απόκρυψη απαντήσεων,
src/components/routes/event/Settings/Sections/MiscSettings/index.tsx:95,,Hide getting started page,Απόκρυψη σελίδας έναρξης,
src/components/forms/ProductForm/index.tsx:376,,Hide Options,Απόκρυψη επιλογών,
src/components/forms/ProductForm/index.tsx:471,,Hide product after sale end date,Απόκρυψη ημερομηνίας λήξης προϊόντος μετά την πώληση,
src/components/forms/ProductForm/index.tsx:469,,Hide product before sale start date,Απόκρυψη προϊόντος πριν από την ημερομηνία έναρξης της πώλησης,
src/components/forms/ProductForm/index.tsx:483,,Hide product unless user has applicable promo code,Απόκρυψη προϊόντος εκτός εάν ο χρήστης έχει τον κατάλληλο κωδικό προσφοράς,
src/components/forms/ProductForm/index.tsx:477,,Hide product when sold out,Απόκρυψη προϊόντος όταν εξαντληθεί,
src/components/routes/event/Settings/Sections/MiscSettings/index.tsx:96,,Hide the getting started page from the sidebar,Απόκρυψη της σελίδας έναρξης από την πλαϊνή γραμμή,
src/components/forms/ProductForm/index.tsx:488,,Hide this product from customers,Απόκρυψη αυτού του προϊόντος από τους πελάτες,
src/components/forms/QuestionForm/index.tsx:219,,Hide this question,Απόκρυψη αυτής της ερώτησης,
src/components/forms/ProductForm/index.tsx:112,,Hide this tier from users,Απόκρυψη αυτού του επιπέδου από τους χρήστες,
src/components/forms/ProductForm/index.tsx:110,,Hiding a product will prevent users from seeing it on the event page.,Η απόκρυψη ενός προϊόντος θα εμποδίσει τους χρήστες να το δουν στη σελίδα του συμβάντος.,
src/components/forms/ProductForm/index.tsx:501,,Highlight,Αποκορύφωμα,
src/components/forms/ProductForm/index.tsx:513,,Highlight Message,Επισημάνετε το μήνυμα,
src/components/forms/ProductForm/index.tsx:506,,Highlight this product,Επισημάνετε αυτό το προϊόν,
src/components/common/ProductsTable/SortableProduct/index.tsx:340 | src/components/forms/ProductForm/index.tsx:386,,Highlighted,Επισημασμένο,
src/components/forms/ProductForm/index.tsx:507,,Highlighted products will have a different background color to make them stand out on the event page.,Τα επισημασμένα προϊόντα θα έχουν διαφορετικό χρώμα φόντου για να ξεχωρίζουν στη σελίδα της εκδήλωσης.,
src/components/routes/event/HomepageDesigner/index.tsx:160 | src/components/routes/organizer/OrganizerHomepageDesigner/index.tsx:170,,Homepage Design,Σχεδιασμός Αρχικής Σελίδας,
src/components/layouts/Event/index.tsx:107 | src/components/layouts/OrganizerLayout/index.tsx:93,,Homepage Designer,Σχεδιαστής αρχικής σελίδας,
src/components/routes/event/HomepageDesigner/index.tsx:278 | src/components/routes/organizer/OrganizerHomepageDesigner/index.tsx:289,,Homepage Preview,Προεπισκόπηση αρχικής σελίδας,
src/components/modals/ManageAttendeeModal/index.tsx:110 | src/components/modals/ManageOrderModal/index.tsx:145,,Homer,Όμηρος,
src/components/routes/event/Settings/Sections/WaitlistSettings/index.tsx:70,,How long a customer has to complete their purchase after receiving an offer. Leave empty for no timeout.,Πόσο χρόνο έχει στη διάθεσή του ένας πελάτης για να ολοκληρώσει την αγορά του μετά τη λήψη μιας προσφοράς. Αφήστε το κενό για να μην υπάρχει χρονικό όριο.,
src/components/routes/event/Settings/Sections/HomepageAndCheckoutSettings/index.tsx:125,,How many minutes the customer has to complete their order. We recommend at least 15 minutes,Πόσα λεπτά έχει ο πελάτης για να ολοκληρώσει την παραγγελία του. Συνιστούμε τουλάχιστον 15 λεπτά.,
src/components/forms/PromoCodeForm/index.tsx:114,,How many times can this code be used?,Πόσες φορές μπορεί να χρησιμοποιηθεί αυτός ο κωδικός;,
src/components/common/Editor/Controls/InsertLiquidVariableControl.tsx:49 | src/components/common/Editor/Controls/InsertLiquidVariableControl.tsx:82,,How to pay offline,Πώς να πληρώσετε εκτός σύνδεσης,
src/components/common/Editor/index.tsx:94,,HTML character limit exceeded: {htmlLength}/{maxLength},Υπέρβαση ορίου χαρακτήρων HTML: {htmlLength}/{maxLength},
src/components/routes/organizer/Settings/Sections/BasicSettings/index.tsx:104,,https://awesome-events.com,https://awesome-events.com,
src/components/routes/event/Settings/Sections/LocationSettings/index.tsx:163,,https://example-maps-service.com/...,https://example-maps-service.com/...,
src/components/forms/WebhookForm/index.tsx:139,,https://webhook-domain.com/webhook,https://webhook-domain.com/webhook,
src/components/common/LanguageSwitcher/index.tsx:14,,Hungarian,ουγγρικός,
src/components/modals/JoinWaitlistModal/index.tsx:177,,I agree to receive email notifications related to this event,Συμφωνώ να λαμβάνω ειδοποιήσεις μέσω email σχετικά με αυτό το συμβάν,
src/components/routes/auth/AcceptInvitation/index.tsx:142,,I agree to the <0>terms and conditions</0>,Συμφωνώ με τους <0>όρους και προϋποθέσεις</0>,
src/components/routes/product-widget/CollectInformation/index.tsx:573,,I confirm that I am 18 years of age and consent to the collection and use of my information for this registration in accordance with {event.organizer} Privacy Policy and Terms of Use.,Επιβεβαιώνω ότι είμαι 18 ετών και συναινώ στη συλλογή και χρήση των στοιχείων μου για αυτήν την εγγραφή σύμφωνα με την Πολιτική Απορρήτου και τους Όρους Χρήσης του {event.organizer}.,
src/components/layouts/Checkout/CheckoutFooter/index.tsx:42,,I confirm that I am 18 years of age and consent to the collection and use of my information for this registration in accordance with Science of Spirituality’s Privacy Policy and Terms of Use. I agree to receive updates and communications related to this event and understand that I may opt out anytime.,Επιβεβαιώνω ότι είμαι 18 ετών και συναινώ στη συλλογή και χρήση των πληροφοριών μου για αυτήν την εγγραφή σύμφωνα με την Πολιτική Απορρήτου και τους Όρους Χρήσης του Science of Spirituality. Συμφωνώ να λαμβάνω ενημερώσεις και ανακοινώσεις σχετικά με αυτήν την εκδήλωση και κατανοώ ότι μπορώ να εξαιρεθώ ανά πάσα στιγμή.,
src/components/modals/SendMessageModal/index.tsx:439,,I confirm this is a transactional message related to this event,Επιβεβαιώνω ότι αυτό είναι ένα μήνυμα συναλλαγής που σχετίζεται με αυτό το συμβάν,
src/components/routes/product-widget/SelectProducts/index.tsx:384,,"If a new tab did not open automatically, please click the button below to continue to checkout.","Εάν δεν άνοιξε αυτόματα μια νέα καρτέλα, κάντε κλικ στο παρακάτω κουμπί για να συνεχίσετε με την ολοκλήρωση της αγοράς.",
src/components/routes/event/Settings/Sections/LocationSettings/index.tsx:161,,"If blank, the address will be used to generate a Google Maps link","Εάν είναι κενή, η διεύθυνση θα χρησιμοποιηθεί για τη δημιουργία ενός συνδέσμου Χαρτών Google",
src/components/routes/event/Settings/Sections/PaymentSettings/index.tsx:161,,"If enabled, check-in staff can either mark attendees as checked in or mark the order as paid and check in the attendees. If disabled, attendees associated with unpaid orders cannot be checked in.","Εάν είναι ενεργοποιημένη, το προσωπικό check-in μπορεί είτε να επισημάνει τους συμμετέχοντες ως check-in είτε να επισημάνει την παραγγελία ως πληρωμένη και να κάνει check-in στους συμμετέχοντες. Εάν είναι απενεργοποιημένη, οι συμμετέχοντες που σχετίζονται με απλήρωτες παραγγελίες δεν μπορούν να κάνουν check-in.",
src/components/routes/event/Settings/Sections/EmailSettings/GeneralEmailSettings.tsx:80,,"If enabled, the organizer will receive an email notification when a new order is placed","Εάν ενεργοποιηθεί, ο διοργανωτής θα λαμβάνει ειδοποίηση μέσω email όταν υποβάλλεται μια νέα παραγγελία",
src/components/routes/account/ManageAccount/sections/PaymentSettings/VatSettings/index.tsx:79,,"If registered, provide your VAT number for validation","Εάν είστε εγγεγραμμένος/η, δώστε τον ΑΦΜ σας για επικύρωση.",
src/components/routes/profile/ManageProfile/index.tsx:132,,"If you did not request this change, please immediately change your password.","Εάν δεν ζητήσατε αυτήν την αλλαγή, αλλάξτε αμέσως τον κωδικό πρόσβασής σας.",
src/components/routes/auth/ForgotPassword/index.tsx:44,,"If you have an account with us, you will receive an email with instructions on how to reset your password.","Εάν έχετε λογαριασμό σε εμάς, θα λάβετε ένα email με οδηγίες για το πώς να επαναφέρετε τον κωδικό πρόσβασής σας.",
src/components/common/ImageUploadDropzone/index.tsx:124,,Image deleted successfully,Η εικόνα διαγράφηκε με επιτυχία.,
src/components/common/ImageUploadDropzone/index.tsx:86,,Image uploaded successfully,Η εικόνα μεταφορτώθηκε με επιτυχία.,
src/components/common/Editor/Controls/InsertImageControl/index.tsx:110,,Image URL,URL εικόνας,
src/components/routes/event/HomepageDesigner/index.tsx:173 | src/components/routes/organizer/OrganizerHomepageDesigner/index.tsx:183,,Images,Εικόνες,
src/components/common/AdminAccountsTable/index.tsx:133 | src/components/common/AdminUsersTable/index.tsx:84 | src/components/common/AdminUsersTable/index.tsx:96,,Impersonate,Υποδύομαι,
src/components/common/AdminEventsTable/index.tsx:166,,Impersonate User,Μίμηση χρήστη,
src/components/routes/admin/Accounts/index.tsx:38 | src/components/routes/admin/Events/index.tsx:58 | src/components/routes/admin/Users/index.tsx:38,,Impersonation started,Η πλαστοπροσωπία ξεκίνησε,
src/components/common/ImpersonationBanner/index.tsx:23,,Impersonation stopped,Η πλαστοπροσωπία διακόπηκε,
src/components/routes/organizer/Reports/PlatformFeesReport/index.tsx:114,,Important Notice,Σημαντική ειδοποίηση,
src/components/routes/product-widget/OrderSummaryAndProducts/EditOrderModal/index.tsx:78,,Important: Changing your email address will update the link to access this order. You will be redirected to the new order link after saving.,Σημαντικό: Η αλλαγή της διεύθυνσης email σας θα ενημερώσει τον σύνδεσμο για την πρόσβαση σε αυτήν την παραγγελία. Θα ανακατευθυνθείτε στον νέο σύνδεσμο παραγγελίας μετά την αποθήκευση.,
src/components/routes/event/EventDashboard/index.tsx:131,,Important: Stripe reconnection required,Σημαντικό: Απαιτείται επανασύνδεση Stripe,
src/components/routes/admin/Dashboard/index.tsx:44,,In {diffHours} hours,Σε {diffHours} ώρες,
src/components/routes/admin/Dashboard/index.tsx:42,,In {diffMinutes} minutes,Σε {diffMinutes} λεπτά,
src/components/common/AffiliateTable/index.tsx:136 | src/components/common/CheckInListList/index.tsx:118 | src/components/common/EmailTemplateSettings/EmailTemplateSettingsBase.tsx:269 | src/components/forms/AffiliateForm/index.tsx:27 | src/components/forms/CapaciyAssigmentForm/index.tsx:25 | src/components/modals/EditUserModal/index.tsx:117,,Inactive,Αδρανής,
src/components/modals/EditUserModal/index.tsx:113,,Inactive users cannot log in.,Οι ανενεργοί χρήστες δεν μπορούν να συνδεθούν.,
src/components/routes/event/Settings/Sections/LocationSettings/index.tsx:105,,Include connection details for your online event. These details will be shown on the order summary page and attendee ticket page.,Συμπεριλάβετε λεπτομέρειες σύνδεσης για την ηλεκτρονική σας εκδήλωση. Αυτές οι λεπτομέρειες θα εμφανίζονται στη σελίδα σύνοψης παραγγελίας και στη σελίδα δελτίου συμμετοχής.,
src/components/routes/event/Settings/Sections/MiscSettings/index.tsx:60,,Include tax and fees in the price,Συμπεριλάβετε φόρους και τέλη στην τιμή,
src/components/common/CheckInListList/index.tsx:105,,Includes {0} products,Περιλαμβάνει {0} προϊόντα,
src/components/common/CheckInListList/index.tsx:106,,Includes 1 product,Περιλαμβάνει 1 προϊόν,
src/components/routes/account/ManageAccount/sections/PaymentSettings/VatSettings/index.tsx:78,,Indicate whether you're VAT-registered in the EU,Υποδείξτε εάν είστε εγγεγραμμένος στο μητρώο ΦΠΑ στην ΕΕ,
src/components/common/MessageList/index.tsx:28,,Individual attendees,Μεμονωμένοι συμμετέχοντες,
src/components/common/Editor/Controls/InsertImageControl/index.tsx:99 | src/components/common/Editor/Controls/InsertImageControl/index.tsx:120 | src/components/common/Editor/Controls/InsertImageControl/index.tsx:143,,Insert Image,Εισαγωγή εικόνας,
src/components/common/Editor/Controls/LiquidTokenControl.tsx:40 | src/components/common/Editor/Controls/LiquidTokenControl.tsx:41,,Insert Liquid Token,Εισαγωγή υγρού διακριτικού,
src/components/common/Editor/Controls/InsertLiquidVariableControl.tsx:110 | src/components/common/Editor/Controls/InsertLiquidVariableControl.tsx:111,,Insert Variable,Εισαγωγή μεταβλητής,
src/components/routes/organizer/Settings/Sections/SocialLinks/index.tsx:53,,Instagram,Instagram,
src/components/layouts/AuthLayout/index.tsx:36,,Instant Payouts,Άμεσες Πληρωμές,
src/components/layouts/Event/index.tsx:127 | src/components/layouts/OrganizerLayout/index.tsx:95,,Integrations,Ενσωματώσεις,
src/components/routes/admin/Accounts/AccountDetail/index.tsx:289,,Invalid,Ακυρος,
src/components/common/ContactOrganizerModal/index.tsx:35 | src/components/routes/product-widget/OrderSummaryAndProducts/EditAttendeeModal/index.tsx:33 | src/components/routes/product-widget/OrderSummaryAndProducts/EditOrderModal/index.tsx:33,,Invalid email,Μη έγκυρο email,
src/components/modals/CreateAffiliateModal/index.tsx:38 | src/components/modals/EditAffiliateModal/index.tsx:36,,Invalid email format,Μη έγκυρη μορφή email,
src/components/common/ImageUploadDropzone/index.tsx:61,,Invalid file type. Please upload an image.,Μη έγκυρος τύπος αρχείου. Παρακαλώ μεταφορτώστε μια εικόνα.,
src/components/common/EmailTemplateSettings/EmailTemplateSettingsBase.tsx:146 | src/components/common/EmailTemplateSettings/EmailTemplateSettingsBase.tsx:177,,Invalid Liquid syntax. Please correct it and try again.,Μη έγκυρη σύνταξη Liquid. Διορθώστε την και προσπαθήστε ξανά.,
src/components/layouts/CheckIn/index.tsx:98,,Invalid password provided,Μη έγκυρος κωδικός πρόσβασης που παρέχεται,
src/components/routes/account/ManageAccount/sections/PaymentSettings/VatSettings/VatSettingsForm.tsx:157,,Invalid VAT number format,Μη έγκυρη μορφή αριθμού ΦΠΑ,
src/components/routes/account/ManageAccount/sections/Users/index.tsx:39,,Invitation resent!,Η πρόσκληση επαναστείλαμε!,
src/components/routes/account/ManageAccount/sections/Users/index.tsx:53,,Invitation revoked!,Η πρόσκληση ανακλήθηκε!,
src/components/modals/InviteUserModal/index.tsx:60,,Invite a team member,Προσκαλέστε ένα μέλος της ομάδας,
src/components/modals/InviteUserModal/index.tsx:80,,Invite Team Member,Πρόσκληση μέλους ομάδας,
src/components/layouts/OrganizerLayout/index.tsx:172,,Invite Team Members,Πρόσκληση μελών ομάδας,
src/components/layouts/AuthLayout/index.tsx:57,,Invite unlimited team members with custom roles,Προσκαλέστε απεριόριστα μέλη ομάδας με προσαρμοσμένους ρόλους,
src/components/routes/account/ManageAccount/sections/Users/index.tsx:145,,Invite User,Πρόσκληση χρήστη,
src/components/layouts/OrganizerLayout/index.tsx:169,,Invite Your Team,Προσκαλέστε την ομάδα σας,
src/components/common/OrdersTable/index.tsx:294,,Invoice,Τιμολόγιο,
src/components/common/OrdersTable/index.tsx:102 | src/components/layouts/Checkout/index.tsx:109,,Invoice downloaded successfully,Η λήψη του τιμολογίου ολοκληρώθηκε με επιτυχία.,
src/components/routes/event/Settings/Sections/PaymentSettings/index.tsx:255,,Invoice Notes,Σημειώσεις Τιμολογίου,
src/components/routes/event/Settings/Sections/PaymentSettings/index.tsx:200,,Invoice Numbering,Αρίθμηση Τιμολογίων,
src/components/routes/event/Settings/Sections/PaymentSettings/index.tsx:180,,Invoice Settings,Ρυθμίσεις τιμολογίου,
src/components/routes/account/ManageAccount/sections/PaymentSettings/VatNotice/index.tsx:42,,Irish VAT at 23% will be applied to platform fees (domestic supply).,Ο ιρλανδικός ΦΠΑ ύψους 23% θα εφαρμόζεται στα τέλη πλατφόρμας (εγχώρια προμήθεια).,
src/components/modals/EditAccountVatSettingsModal/index.tsx:116,,Is this account VAT registered in the EU?,Είναι αυτός ο λογαριασμός εγγεγραμμένος στο ΦΠΑ στην ΕΕ;,
src/components/common/LanguageSwitcher/index.tsx:24,,Italian,ιταλικά,
src/components/routes/product-widget/CollectInformation/index.tsx:643,,Item,Είδος,
src/components/common/OrdersTable/index.tsx:333,,item(s),στοιχείο(α),
src/components/common/OrdersTable/index.tsx:315,,Items,Αντικείμενα,
src/components/common/LanguageSwitcher/index.tsx:26,,Japanese,Ιαπωνικά,
src/components/routes/admin/FailedJobs/index.tsx:163,,Job,Δουλειά,
src/components/routes/admin/FailedJobs/index.tsx:65,,Job deleted,Η εργασία διαγράφηκε,
src/components/routes/admin/FailedJobs/index.tsx:242,,Job Details,Λεπτομέρειες εργασίας,
src/components/routes/admin/FailedJobs/index.tsx:248,,Job Name,Όνομα θέσης εργασίας,
src/components/routes/admin/FailedJobs/index.tsx:53,,Job queued for retry,Η εργασία έχει τοποθετηθεί σε ουρά για επανάληψη,
src/components/routes/auth/AcceptInvitation/index.tsx:98 | src/components/routes/auth/Register/index.tsx:91,,John,Γιάννης,
src/components/modals/CreateAttendeeModal/index.tsx:137,,Johnson,Τζόνσον,
src/components/layouts/EventHomepage/index.tsx:348,,Join from anywhere,Εγγραφείτε από οπουδήποτε,
src/components/common/JoinWaitlistButton/index.tsx:30 | src/components/modals/JoinWaitlistModal/index.tsx:189,,Join Waitlist,Εγγραφή στη λίστα αναμονής,
src/components/modals/JoinWaitlistModal/index.tsx:143,,Join Waitlist for {productDisplayName},Εγγραφείτε στη λίστα αναμονής για το {productDisplayName},
src/components/common/JoinWaitlistButton/index.tsx:30 | src/components/common/WaitlistTable/index.tsx:197,,Joined,Έγινε μέλος,
src/components/routes/account/ManageAccount/sections/PaymentSettings/index.tsx:120,,Just click the button below to reconnect your Stripe account.,Απλώς κάντε κλικ στο παρακάτω κουμπί για να επανασυνδέσετε τον λογαριασμό σας Stripe.,
src/components/routes/auth/Login/index.tsx:121,,Just looking for your tickets?,Απλώς ψάχνετε τα εισιτήριά σας;,
src/components/routes/product-widget/CollectInformation/index.tsx:583,,Keep me updated on news and events from {0},Να με ενημερώνετε για νέα και εκδηλώσεις από {0},
src/components/forms/ProductForm/index.tsx:85,,Label,Επιγραφή,
src/components/common/AttendeeDetails/index.tsx:38 | src/components/modals/CreateAttendeeModal/index.tsx:155 | src/components/routes/profile/ManageProfile/index.tsx:196,,Language,Γλώσσα,
src/components/common/OrganizerReportTable/index.tsx:60 | src/components/common/ReportTable/index.tsx:52,,Last 12 months,Τελευταίοι 12 μήνες,
src/components/common/OrganizerReportTable/index.tsx:55 | src/components/common/ReportTable/index.tsx:47,,Last 14 days,Τελευταίες 14 ημέρες,
src/components/routes/admin/Dashboard/index.tsx:159,,Last 14 Days,Τελευταίες 14 ημέρες,
src/components/common/OrganizerReportTable/index.tsx:52 | src/components/common/ReportTable/index.tsx:44,,Last 24 hours,Τελευταίες 24 ώρες,
src/components/common/OrganizerReportTable/index.tsx:56 | src/components/common/ReportTable/index.tsx:48,,Last 30 days,Τελευταίες 30 ημέρες,
src/components/common/OrganizerReportTable/index.tsx:53 | src/components/common/ReportTable/index.tsx:45,,Last 48 hours,Τελευταίες 48 ώρες,
src/components/common/OrganizerReportTable/index.tsx:58 | src/components/common/ReportTable/index.tsx:50,,Last 6 months,Τελευταίοι 6 μήνες,
src/components/common/OrganizerReportTable/index.tsx:54 | src/components/common/ReportTable/index.tsx:46,,Last 7 days,Τελευταίες 7 ημέρες,
src/components/common/OrganizerReportTable/index.tsx:57 | src/components/common/ReportTable/index.tsx:49,,Last 90 days,Τελευταίες 90 ημέρες,
src/components/routes/account/ManageAccount/sections/Users/index.tsx:157,,Last login,Τελευταία σύνδεση,
src/components/modals/CreateAttendeeModal/index.tsx:136 | src/components/modals/ManageAttendeeModal/index.tsx:111 | src/components/modals/ManageOrderModal/index.tsx:150,,Last name,Επώνυμο,
src/components/common/QuestionsTable/index.tsx:252 | src/components/modals/EditUserModal/index.tsx:78 | src/components/modals/InviteUserModal/index.tsx:64 | src/components/modals/JoinWaitlistModal/index.tsx:166 | src/components/routes/auth/AcceptInvitation/index.tsx:102 | src/components/routes/auth/Register/index.tsx:96 | src/components/routes/product-widget/CollectInformation/index.tsx:444 | src/components/routes/product-widget/CollectInformation/index.tsx:445 | src/components/routes/product-widget/CollectInformation/index.tsx:668 | src/components/routes/product-widget/CollectInformation/index.tsx:669 | src/components/routes/product-widget/OrderSummaryAndProducts/EditAttendeeModal/index.tsx:60 | src/components/routes/product-widget/OrderSummaryAndProducts/EditOrderModal/index.tsx:60 | src/components/routes/profile/ManageProfile/index.tsx:154,,Last Name,Επώνυμο,
src/components/routes/product-widget/OrderSummaryAndProducts/EditAttendeeModal/index.tsx:30 | src/components/routes/product-widget/OrderSummaryAndProducts/EditOrderModal/index.tsx:30,,Last name is required,Απαιτείται το επώνυμο,
src/components/common/OrganizerWebhookTable/index.tsx:239 | src/components/common/WebhookTable/index.tsx:239,,Last Response,Τελευταία απάντηση,
src/components/common/OrganizerWebhookTable/index.tsx:240 | src/components/common/WebhookTable/index.tsx:240,,Last Triggered,Τελευταία ενεργοποίηση,
src/components/routes/event/Reports/PromoCodesReport/index.tsx:70,,Last Used,Τελευταία χρήση,
src/components/routes/event/Settings/Sections/PaymentSettings/index.tsx:194,,"Leave blank to use the default word \""Invoice\""","Αφήστε κενό για να χρησιμοποιήσετε την προεπιλεγμένη λέξη \""Τιμολόγιο\""",
src/components/modals/EditAccountVatSettingsModal/index.tsx:141,,Legal business name for VAT purposes,Νόμιμη επωνυμία επιχείρησης για σκοπούς ΦΠΑ,
src/components/common/ThemeColorControls/index.tsx:84,,Light,Φως,
src/components/routes/my-tickets/index.tsx:160,,Link Expired or Invalid,Ο σύνδεσμος έχει λήξει ή είναι μη έγκυρος,
src/components/common/Editor/Controls/InsertLiquidVariableControl.tsx:27,,Link to order details,Σύνδεσμος για λεπτομέρειες παραγγελίας,
src/components/common/Editor/Controls/InsertLiquidVariableControl.tsx:60,,Link to ticket,Σύνδεσμος προς το εισιτήριο,
src/components/routes/event/EventDashboard/index.tsx:232,,Link your Stripe account to receive funds from ticket sales.,Συνδέστε τον λογαριασμό σας Stripe για να λάβετε χρήματα από τις πωλήσεις εισιτηρίων.,
src/components/routes/organizer/Settings/Sections/SocialLinks/index.tsx:61,,LinkedIn,LinkedIn,
src/components/routes/admin/Accounts/AccountDetail/index.tsx:248,,Links Allowed,Επιτρεπόμενοι σύνδεσμοι,
src/components/common/EventCard/index.tsx:89 | src/components/layouts/Event/index.tsx:195 | src/components/layouts/OrganizerLayout/index.tsx:216,,Live,Ζω,
src/components/layouts/OrganizerHomepage/EventCard/index.tsx:111,,LIVE,ΖΩ,
src/components/routes/admin/Attribution/index.tsx:134 | src/components/routes/admin/Dashboard/index.tsx:122,,Live Events,Ζωντανές Εκδηλώσεις,
src/components/routes/event/TicketDesigner/TicketPreview.tsx:34,,Loading preview...,Φόρτωση προεπισκόπησης...,
src/components/common/Editor/Controls/LiquidTokenControl.tsx:25 | src/components/common/Editor/Controls/LiquidTokenControl.tsx:26,,Loading tokens...,Φόρτωση διακριτικών...,
src/components/modals/OrganizerWebhookLogsModal/index.tsx:144,,Loading webhook logs...,Φόρτωση αρχείων καταγραφής webhook...,
src/components/routes/event/Webhooks/index.tsx:21 | src/components/routes/organizer/Webhooks/index.tsx:22,,Loading Webhooks,Φόρτωση webhooks,
src/components/common/OrganizerReportTable/index.tsx:265 | src/components/common/ReportTable/index.tsx:210 | src/components/routes/event/Settings/Sections/DangerZoneSettings/index.tsx:86 | src/components/routes/organizer/Settings/Sections/DangerZoneSettings/index.tsx:92,,Loading...,Φόρτωση...,
src/components/common/AttendeeTicket/index.tsx:91 | src/components/layouts/EventHomepage/index.tsx:402 | src/components/routes/event/Settings/index.tsx:46 | src/components/routes/event/Settings/Sections/LocationSettings/index.tsx:87 | src/components/routes/my-tickets/index.tsx:73 | src/components/routes/product-widget/OrderSummaryAndProducts/index.tsx:312,,Location,Τοποθεσία,
src/components/routes/auth/Login/index.tsx:104 | src/components/routes/auth/Register/index.tsx:78,,Log in,Σύνδεση,
src/components/routes/auth/Login/index.tsx:104,,Logging in,Σύνδεση,
src/components/routes/event/TicketDesigner/index.tsx:138 | src/components/routes/organizer/OrganizerHomepageDesigner/index.tsx:211 | src/components/routes/organizer/Settings/Sections/ImageAssetSettings/index.tsx:26,,Logo,Λογότυπο,
src/components/routes/organizer/Settings/Sections/ImageAssetSettings/index.tsx:23,,Logo & Cover,Λογότυπο & Εξώφυλλο,
src/components/routes/organizer/Settings/Sections/ImageAssetSettings/index.tsx:24,,Logo and cover image for your organizer,Λογότυπο και εικόνα εξωφύλλου για τον οργανωτή σας,
src/components/routes/organizer/OrganizerHomepageDesigner/index.tsx:225,,Logo will be displayed in the header,Το λογότυπο θα εμφανίζεται στην κεφαλίδα,
src/components/routes/event/TicketDesigner/index.tsx:153,,Logo will be displayed on the ticket,Το λογότυπο θα εμφανίζεται στο εισιτήριο,
src/components/common/GlobalMenu/index.tsx:89,,Logout,Αποσύνδεση,
src/components/routes/product-widget/OrderSummaryAndProducts/LinkExpiredMessage/index.tsx:37,,Look Up My Tickets,Αναζήτηση εισιτηρίων,
src/components/common/WidgetEditor/index.tsx:341,,"Lorem ipsum dolor sit amet, consectetur adipiscing elit. Nam placerat elementum...","Lorem ipsum dolor sit amet, consectetur adipiscing elit. Nam placerat elementum...",
src/components/routes/event/Settings/Sections/PaymentSettings/index.tsx:173,,Make billing address mandatory during checkout,Υποχρεωτική η διεύθυνση χρέωσης κατά την ολοκλήρωση της αγοράς,
src/components/forms/QuestionForm/index.tsx:212,,Make this question mandatory,Κάντε αυτήν την ερώτηση υποχρεωτική,
src/components/routes/event/EventDashboard/index.tsx:186,,Make your event live,Κάντε την εκδήλωσή σας ζωντανή,
src/components/common/CapacityAssignmentList/index.tsx:145 | src/components/common/CheckInListList/index.tsx:147 | src/components/common/OrdersTable/index.tsx:150 | src/components/common/OrganizerWebhookTable/index.tsx:96 | src/components/common/ProductsTable/SortableProduct/index.tsx:465 | src/components/common/PromoCodeTable/index.tsx:172 | src/components/layouts/OrganizerLayout/index.tsx:88,,Manage,Διαχειρίζομαι,
src/components/common/AttendeeTable/index.tsx:349,,Manage attendee,Διαχείριση συμμετέχοντα,
src/components/common/EventCard/index.tsx:139,,Manage event,Διαχείριση συμβάντος,
src/components/common/OrdersTable/index.tsx:152,,Manage order,Διαχείριση παραγγελίας,
src/components/routes/event/Settings/Sections/PaymentSettings/index.tsx:102,,Manage payment and invoicing settings for this event.,Διαχείριση ρυθμίσεων πληρωμής και τιμολόγησης για αυτό το συμβάν.,
src/components/routes/profile/ManageProfile/index.tsx:111,,Manage Profile,Διαχείριση προφίλ,
src/components/routes/account/ManageAccount/sections/TaxSettings/index.tsx:19,,Manage taxes and fees which can be applied to your products,Διαχειριστείτε φόρους και τέλη που μπορούν να εφαρμοστούν στα προϊόντα σας,
src/components/modals/CreateAttendeeModal/index.tsx:117,,Manage tickets,Διαχείριση εισιτηρίων,
src/components/routes/account/ManageAccount/sections/AccountSettings/index.tsx:54,,Manage your account details and default settings,Διαχειριστείτε τα στοιχεία του λογαριασμού σας και τις προεπιλεγμένες ρυθμίσεις,
src/components/routes/event/SoldOutWaitlist/index.tsx:48,,"Manage your event's waitlist, view stats, and offer tickets to attendees.","Διαχειριστείτε τη λίστα αναμονής της εκδήλωσής σας, δείτε στατιστικά στοιχεία και προσφέρετε εισιτήρια στους συμμετέχοντες.",
src/components/routes/account/ManageAccount/sections/PaymentSettings/index.tsx:817,,Manage your payment processing and view platform fees,Διαχειριστείτε την επεξεργασία πληρωμών σας και δείτε τις χρεώσεις της πλατφόρμας,
src/components/routes/account/ManageAccount/sections/Users/index.tsx:144,,Manage your users and their permissions,Διαχειριστείτε τους χρήστες σας και τα δικαιώματά τους,
src/components/forms/QuestionForm/index.tsx:211,,Mandatory questions must be answered before the customer can checkout.,Οι υποχρεωτικές ερωτήσεις πρέπει να απαντηθούν πριν ο πελάτης ολοκληρώσει την αγορά.,
src/components/modals/OfferWaitlistModal/index.tsx:104,,Manual offer,Μη αυτόματη προσφορά,
src/components/common/AttendeeTable/index.tsx:410,,Manually add an Attendee,Προσθήκη συμμετέχοντα με μη αυτόματο τρόπο,
src/components/modals/CreateAttendeeModal/index.tsx:108 | src/components/modals/CreateAttendeeModal/index.tsx:124,,Manually Add Attendee,Προσθήκη συμμετέχοντα με μη αυτόματο τρόπο,
src/components/common/OrdersTable/index.tsx:163,,Mark as paid,Επισήμανση ως πληρωμένου,
src/components/routes/admin/Accounts/AccountDetail/index.tsx:236,,Max Messages / 24h,Μέγιστος αριθμός μηνυμάτων / 24 ώρες,
src/components/routes/admin/Accounts/AccountDetail/index.tsx:242,,Max Recipients / Message,Μέγιστος αριθμός παραληπτών / μήνυμα,
src/components/forms/ProductForm/index.tsx:442,,Maximum Per Order,Μέγιστο ανά παραγγελία,
src/components/routes/admin/Attribution/index.tsx:108,,Medium,Μέσον,
src/components/common/AttendeeTable/index.tsx:188 | src/components/common/ContactOrganizerModal/index.tsx:88 | src/components/common/OrdersTable/index.tsx:247 | src/components/modals/SendMessageModal/index.tsx:353,,Message,Μήνυμα,
src/components/routes/admin/Messages/index.tsx:36,,Message approved successfully,Το μήνυμα εγκρίθηκε με επιτυχία.,
src/components/common/AttendeeTable/index.tsx:354,,Message attendee,Μήνυμα στον συμμετέχοντα,
src/components/common/ProductsTable/SortableProduct/index.tsx:478,,Message Attendees,Μήνυμα στους συμμετέχοντες,
src/components/modals/SendMessageModal/index.tsx:310,,Message attendees with specific tickets,"Στείλτε μήνυμα στους συμμετέχοντες με συγκεκριμένα εισιτήρια, στέλνοντάς τους συγκεκριμένα μηνύματα στους συμμετέχοντες.",
src/components/common/OrdersTable/index.tsx:154,,Message buyer,Μήνυμα αγοραστή,
src/components/routes/event/messages.tsx:42,,Message cancelled,Το μήνυμα ακυρώθηκε,
src/components/common/ContactOrganizerModal/index.tsx:39,,Message cannot exceed 5000 characters,Το μήνυμα δεν μπορεί να υπερβαίνει τους 5000 χαρακτήρες,
src/components/routes/admin/Messages/index.tsx:314,,Message Content,Περιεχόμενο μηνύματος,
src/components/routes/admin/Messages/index.tsx:266,,Message Details,Λεπτομέρειες μηνύματος,
src/components/modals/SendMessageModal/index.tsx:94,,Message individual attendees,"Στείλτε μήνυμα σε μεμονωμένους συμμετέχοντες, στέλνοντας μήνυμα σε μεμονωμένους συμμετέχοντες.",
src/components/common/ContactOrganizerModal/index.tsx:41,,Message is required,Απαιτείται μήνυμα,
src/components/modals/SendMessageModal/index.tsx:322,,Message order owners with specific products,Στείλτε μήνυμα στους κατόχους παραγγελιών με συγκεκριμένα προϊόντα,
src/components/modals/SendMessageModal/index.tsx:194,,Message Scheduled,Προγραμματισμένο μήνυμα,
src/components/modals/SendMessageModal/index.tsx:194,,Message Sent,Το μήνυμα στάλθηκε,
src/components/layouts/Admin/index.tsx:18 | src/components/layouts/Event/index.tsx:122 | src/components/routes/event/messages.tsx:228,,Messages,Μηνύματα,
src/components/common/AdminAccountsTable/index.tsx:96 | src/components/routes/admin/Accounts/AccountDetail/index.tsx:215,,Messaging Tier,Επίπεδο ανταλλαγής μηνυμάτων,
src/components/routes/admin/Accounts/AccountDetail/index.tsx:52,,Messaging tier updated successfully,Το επίπεδο ανταλλαγής μηνυμάτων ενημερώθηκε με επιτυχία.,
src/components/forms/ProductForm/index.tsx:440,,Minimum Per Order,Ελάχιστο ανά παραγγελία,
src/components/forms/ProductForm/index.tsx:307,,Minimum Price,Κατώτατη τιμή,
src/components/routes/event/Settings/Sections/WaitlistSettings/index.tsx:74,,minutes,πρακτικά,
src/components/routes/event/Settings/index.tsx:70,,Miscellaneous,Ανάμικτος,
src/components/routes/event/Settings/Sections/MiscSettings/index.tsx:75,,Miscellaneous Settings,Διάφορες ρυθμίσεις,
src/components/layouts/AuthLayout/index.tsx:51,,Mobile Optimized,Βελτιστοποιημένο για κινητά,
src/components/layouts/AuthLayout/index.tsx:32,,Mobile scanner with offline support and real-time tracking,Κινητός σαρωτής με υποστήριξη εκτός σύνδεσης και παρακολούθηση σε πραγματικό χρόνο,
src/components/routes/admin/Dashboard/index.tsx:163,,Monetary values are approximate totals across all currencies,Οι χρηματικές τιμές είναι κατά προσέγγιση σύνολα σε όλα τα νομίσματα,
src/components/routes/admin/FailedJobs/index.tsx:115,,Monitor and manage failed background jobs,Παρακολούθηση και διαχείριση αποτυχημένων εργασιών παρασκηνίου,
src/components/routes/admin/Dashboard/index.tsx:294,,Most Viewed Events (Last 14 Days),Εκδηλώσεις με τις περισσότερες προβολές (Τελευταίες 14 ημέρες),
src/components/forms/QuestionForm/index.tsx:106,,Multi line text box,Πλαίσιο κειμένου πολλαπλών γραμμών,
src/components/forms/ProductForm/index.tsx:174,,Multiple price options. Perfect for early bird products etc.,Πολλαπλές επιλογές τιμών. Ιδανικό για προϊόντα early bird κ.λπ.,
src/constants/eventCategories.ts:7,,Music,Μουσική,
src/components/routes/event/Settings/Sections/SeoSettings/index.tsx:74 | src/components/routes/organizer/Settings/Sections/SeoSettings/index.tsx:71,,My amazing event description...,Η καταπληκτική περιγραφή της εκδήλωσής μου...,
src/components/routes/event/Settings/Sections/SeoSettings/index.tsx:68 | src/components/routes/organizer/Settings/Sections/SeoSettings/index.tsx:65,,My amazing event title...,Ο καταπληκτικός τίτλος της εκδήλωσής μου...,
src/components/common/GlobalMenu/index.tsx:42,,My Profile,Το προφίλ μου,
src/components/routes/my-tickets/index.tsx:236,,My Tickets,Τα εισιτήριά μου,
src/components/common/QuestionAndAnswerList/index.tsx:178,,N/A,Δ/Υ,
src/components/common/WidgetEditor/index.tsx:364,,Nam placerat elementum...,Ναμ placerat elementum...,
src/components/common/AttendeeDetails/index.tsx:14 | src/components/common/OrderDetails/index.tsx:23 | src/components/forms/AffiliateForm/index.tsx:81 | src/components/forms/CapaciyAssigmentForm/index.tsx:37 | src/components/forms/CheckInListForm/index.tsx:37 | src/components/forms/ProductForm/index.tsx:274 | src/components/forms/TaxAndFeeForm/index.tsx:61 | src/components/modals/DuplicateEventModal/index.tsx:109 | src/components/routes/account/ManageAccount/sections/AccountSettings/index.tsx:63 | src/components/routes/admin/Configurations/index.tsx:219 | src/components/routes/event/Settings/Sections/EventDetailsForm/index.tsx:77 | src/components/routes/product-widget/OrderSummaryAndProducts/index.tsx:230,,Name,Όνομα,
src/components/common/ContactOrganizerModal/index.tsx:32 | src/components/modals/CreateAffiliateModal/index.tsx:28 | src/components/modals/EditAffiliateModal/index.tsx:33 | src/components/routes/admin/Configurations/index.tsx:168,,Name is required,Απαιτείται όνομα,
src/components/routes/admin/Configurations/index.tsx:169,,Name must be less than 255 characters,Το όνομα πρέπει να έχει λιγότερους από 255 χαρακτήρες,
src/components/common/Editor/Controls/InsertLiquidVariableControl.tsx:34 | src/components/common/Editor/Controls/InsertLiquidVariableControl.tsx:68,,Name of the event,Όνομα της εκδήλωσης,
src/components/common/QuestionAndAnswerList/index.tsx:181 | src/components/common/QuestionAndAnswerList/index.tsx:289,,Navigate to Attendee,Πλοήγηση στον Συμμετέχοντα,
src/components/routes/organizer/Reports/EventsPerformanceReport/index.tsx:85 | src/components/routes/organizer/Reports/RevenueSummaryReport/index.tsx:36,,Net Revenue,Καθαρά Έσοδα,
src/components/common/OrganizerWebhookTable/index.tsx:266 | src/components/common/PromoCodeTable/index.tsx:163 | src/components/common/WebhookTable/index.tsx:266 | src/components/routes/account/ManageAccount/sections/Users/index.tsx:102,,Never,Ποτέ,
src/components/routes/auth/ResetPassword/index.tsx:64 | src/components/routes/profile/ManageProfile/index.tsx:232,,New Password,Νέος κωδικός πρόσβασης,
src/components/routes/admin/Dashboard/index.tsx:225,,New Signups,Νέες Εγγραφές,
src/constants/eventCategories.ts:4,,Nightlife,Νυχτερινή ζωή,
src/components/routes/admin/Accounts/AccountDetail/index.tsx:250 | src/components/routes/admin/Accounts/AccountDetail/index.tsx:277,,No,Οχι,
src/components/routes/account/ManageAccount/sections/PaymentSettings/VatSettings/VatSettingsForm.tsx:204,,No - I'm an individual or non-VAT registered business,Όχι - Είμαι ατομική επιχείρηση ή επιχείρηση χωρίς ΦΠΑ,
src/components/common/AdminUsersTable/index.tsx:143,,No accounts,Δεν υπάρχουν λογαριασμοί,
src/components/common/AdminAccountsTable/index.tsx:21,,No accounts found,Δεν βρέθηκαν λογαριασμοί,
src/components/routes/event/Webhooks/index.tsx:22 | src/components/routes/organizer/Webhooks/index.tsx:23,,No Active Webhooks,Δεν υπάρχουν ενεργά webhooks,
src/components/common/AffiliateTable/index.tsx:58,,No Affiliates to show,Δεν υπάρχουν Συνεργάτες προς εμφάνιση,
src/components/common/NoEventsBlankSlate/index.tsx:23,,No archived events to show.,Δεν υπάρχουν αρχειοθετημένα συμβάντα προς εμφάνιση.,
src/components/common/QuestionsTable/index.tsx:490,,No attendee questions yet,Δεν υπάρχουν ακόμη ερωτήσεις από τους συμμετέχοντες,
src/components/common/AttendeeList/index.tsx:23,,No attendees found for this order.,Δεν βρέθηκαν συμμετέχοντες για αυτήν την παραγγελία.,
src/components/modals/ManageOrderModal/index.tsx:132,,No attendees have been added to this order.,Δεν έχουν προστεθεί συμμετέχοντες σε αυτήν την παραγγελία.,
src/components/common/AttendeeTable/index.tsx:399,,No Attendees to show,Δεν υπάρχουν συμμετέχοντες προς εμφάνιση,
src/components/routes/admin/Attribution/index.tsx:121,,No attribution data found,Δεν βρέθηκαν δεδομένα απόδοσης,
src/components/modals/OfferWaitlistModal/index.tsx:187,,No capacity,Δεν υπάρχει χωρητικότητα,
src/components/common/CapacityAssignmentList/index.tsx:45,,No Capacity Assignments,Δεν υπάρχουν εκχωρήσεις χωρητικότητας,
src/components/common/CheckInListList/index.tsx:46,,No Check-In Lists,Δεν υπάρχουν λίστες check-in,
src/components/common/CheckInStatusModal/index.tsx:154,,No check-in lists available for this event.,Δεν υπάρχουν διαθέσιμες λίστες check-in για αυτήν την εκδήλωση.,
src/components/routes/admin/Configurations/index.tsx:126,,No configurations found,Δεν βρέθηκαν διαμορφώσεις,
src/components/common/ReportTable/index.tsx:218,,No data available,Δεν υπάρχουν διαθέσιμα δεδομένα,
src/components/common/OrganizerReportTable/index.tsx:272,,No data found for the selected filters. Try adjusting the date range or currency.,Δεν βρέθηκαν δεδομένα για τα επιλεγμένα φίλτρα. Δοκιμάστε να προσαρμόσετε το εύρος ημερομηνιών ή το νόμισμα.,
src/components/common/ReportTable/index.tsx:214,,No data to show. Please select a date range,Δεν υπάρχουν δεδομένα προς εμφάνιση. Επιλέξτε ένα εύρος ημερομηνιών,
src/components/forms/PromoCodeForm/index.tsx:77,,No Discount,Χωρίς έκπτωση,
src/components/common/ProductsTable/SortableProduct/index.tsx:443,,No end date,Χωρίς ημερομηνία λήξης,
src/components/common/NoEventsBlankSlate/index.tsx:22,,No ended events to show.,Δεν υπάρχουν ολοκληρωμένα συμβάντα προς εμφάνιση.,
src/components/common/AdminEventsTable/index.tsx:22,,No events found,Δεν βρέθηκαν συμβάντα,
src/components/routes/admin/Dashboard/index.tsx:489,,No events starting in the next 24 hours,Δεν υπάρχουν εκδηλώσεις που ξεκινούν τις επόμενες 24 ώρες,
src/components/common/NoEventsBlankSlate/index.tsx:16,,No events to show,Δεν υπάρχουν εκδηλώσεις προς εμφάνιση,
src/components/routes/organizer/OrganizerDashboard/index.tsx:250,,No events yet,Δεν υπάρχουν ακόμη εκδηλώσεις,
src/components/routes/admin/FailedJobs/index.tsx:155,,No failed jobs,Καμία αποτυχημένη εργασία,
src/components/common/FilterModal/index.tsx:261,,No filters available,Δεν υπάρχουν διαθέσιμα φίλτρα,
src/components/routes/account/ManageAccount/sections/PaymentSettings/index.tsx:86,,No impact on your current or past transactions,Δεν υπάρχει καμία επίπτωση στις τρέχουσες ή προηγούμενες συναλλαγές σας,
src/components/common/OrdersTable/index.tsx:299,,No invoice,Δεν υπάρχει τιμολόγιο,
src/components/modals/OrganizerWebhookLogsModal/index.tsx:163 | src/components/modals/WebhookLogsModal/index.tsx:177,,No logs found,Δεν βρέθηκαν αρχεία καταγραφής,
src/components/routes/admin/Messages/index.tsx:154,,No messages found,Δεν βρέθηκαν μηνύματα,
src/components/routes/event/messages.tsx:328,,No messages to show,Δεν υπάρχουν μηνύματα προς εμφάνιση,
src/components/common/QuestionsTable/index.tsx:489,,No order questions yet,Δεν υπάρχουν ακόμη ερωτήσεις σχετικά με την παραγγελία,
src/components/common/AdminOrdersTable/index.tsx:20,,No orders found,Δεν βρέθηκαν παραγγελίες,
src/components/common/OrdersTable/index.tsx:459,,No orders to show,Δεν υπάρχουν παραγγελίες προς εμφάνιση,
src/components/routes/organizer/OrganizerDashboard/index.tsx:323,,No orders yet,Δεν υπάρχουν ακόμη παραγγελίες,
src/components/routes/admin/Dashboard/index.tsx:377,,No organizer activity in the last 14 days,Καμία δραστηριότητα διοργανωτή τις τελευταίες 14 ημέρες,
src/components/modals/SwitchOrganizerModal/index.tsx:57,,No other organizers available,Δεν υπάρχουν άλλοι διαθέσιμοι διοργανωτές,
src/components/routes/admin/Messages/index.tsx:75,,No Paid Orders,Δεν υπάρχουν πληρωμένες παραγγελίες,
src/components/layouts/OrganizerHomepage/index.tsx:286,,No past events,Δεν υπάρχουν παλαιότερα συμβάντα,
src/components/routes/product-widget/Payment/index.tsx:87,,No payment methods are currently available. Please contact the event organizer for assistance.,Δεν υπάρχουν διαθέσιμες μέθοδοι πληρωμής αυτήν τη στιγμή. Επικοινωνήστε με τον διοργανωτή της εκδήλωσης για βοήθεια.,
src/components/routes/product-widget/OrderSummaryAndProducts/index.tsx:55,,No Payment Required,Δεν απαιτείται πληρωμή,
src/components/routes/admin/Dashboard/index.tsx:282,,No popular events in the last 14 days,Δεν υπάρχουν δημοφιλείς εκδηλώσεις τις τελευταίες 14 ημέρες,
src/components/modals/ManageAttendeeModal/index.tsx:177,,No product associated with this attendee.,Δεν υπάρχει προϊόν που να σχετίζεται με αυτόν τον συμμετέχοντα.,
src/components/common/ProductSelector/index.tsx:33,,No products available for selection,Δεν υπάρχουν διαθέσιμα προϊόντα για επιλογή,
src/components/modals/CreateProductCategoryModal/index.tsx:22,,No products available in this category.,Δεν υπάρχουν διαθέσιμα προϊόντα σε αυτήν την κατηγορία.,
src/components/modals/OfferWaitlistModal/index.tsx:134,,No products have waiting entries,Δεν υπάρχουν καταχωρήσεις σε αναμονή για προϊόντα,
src/components/common/ProductsTable/ProductsBlankSlate/index.tsx:41,,No Products Yet,Δεν υπάρχουν ακόμη προϊόντα,
src/components/common/PromoCodeTable/index.tsx:49,,No Promo Codes to show,Δεν υπάρχουν κωδικοί προσφοράς προς εμφάνιση,
src/components/modals/ManageAttendeeModal/index.tsx:193,,No questions answered by this attendee.,Δεν απαντήθηκαν ερωτήσεις από αυτόν τον συμμετέχοντα.,
src/components/modals/ManageOrderModal/index.tsx:119,,No questions have been asked for this order.,Δεν έχουν υποβληθεί ερωτήσεις για αυτήν την παραγγελία.,
src/components/routes/admin/Dashboard/index.tsx:438,,No recent account signups,Δεν υπάρχουν πρόσφατες εγγραφές λογαριασμού,
src/components/modals/MessageRecipientsModal/index.tsx:54,,No recipients found,Δεν βρέθηκαν παραλήπτες,
src/components/common/OrganizerWebhookTable/index.tsx:174 | src/components/common/WebhookTable/index.tsx:174,,No response,Καμία απάντηση,
src/components/modals/OrganizerWebhookLogsModal/index.tsx:79,,No Response,Καμία απάντηση,
src/components/common/OrganizerWebhookTable/index.tsx:141 | src/components/common/WebhookTable/index.tsx:141,,No responses yet,Δεν υπάρχουν ακόμη απαντήσεις,
src/components/common/NoResultsSplash/index.tsx:24,,No results,Δεν υπάρχουν αποτελέσματα,
src/components/common/ProductsTable/ProductsBlankSlate/index.tsx:22,,No Search Results,Δεν υπάρχουν αποτελέσματα αναζήτησης,
src/components/common/NoResultsSplash/index.tsx:29,,No search results.,Δεν υπάρχουν αποτελέσματα αναζήτησης.,
src/components/common/TaxAndFeeList/index.tsx:105,,No Taxes or Fees have been added.,Δεν έχουν προστεθεί φόροι ή τέλη.,
src/components/routes/my-tickets/index.tsx:220,,No Tickets Found,Δεν βρέθηκαν εισιτήρια,
src/components/layouts/OrganizerHomepage/index.tsx:286,,No upcoming events,Δεν υπάρχουν επερχόμενες εκδηλώσεις,
src/components/common/AdminUsersTable/index.tsx:18,,No users found,Δεν βρέθηκαν χρήστες,
src/components/routes/admin/Accounts/AccountDetail/index.tsx:308,,No VAT settings configured,Δεν έχουν ρυθμιστεί ρυθμίσεις ΦΠΑ,
src/components/routes/admin/Dashboard/index.tsx:329,,No viewed events in the last 14 days,Δεν έχουν προβληθεί συμβάντα τις τελευταίες 14 ημέρες,
src/components/common/WaitlistTable/index.tsx:236,,No waitlist entries,Δεν υπάρχουν καταχωρήσεις σε λίστα αναμονής,
src/components/modals/OrganizerWebhookLogsModal/index.tsx:166 | src/components/modals/WebhookLogsModal/index.tsx:180,,No webhook events have been recorded for this endpoint yet. Events will appear here once they are triggered.,Δεν έχουν καταγραφεί ακόμη συμβάντα webhook για αυτό το τελικό σημείο. Τα συμβάντα θα εμφανίζονται εδώ μόλις ενεργοποιηθούν.,
src/components/common/OrganizerWebhookTable/index.tsx:201 | src/components/common/WebhookTable/index.tsx:201,,No Webhooks,Χωρίς webhooks,
src/components/layouts/Checkout/index.tsx:315,,"No, keep me here","Όχι, παραμονή στη σελίδα",
src/components/routes/account/ManageAccount/sections/PaymentSettings/VatSettings/index.tsx:69 | src/components/routes/account/ManageAccount/sections/PaymentSettings/VatSettings/VatSettingsModal.tsx:31,,Non-VAT registered businesses or individuals: Irish VAT at 23% applies,Επιχειρήσεις ή φυσικά πρόσωπα που δεν είναι εγγεγραμμένα στον ΦΠΑ: Ισχύει ΦΠΑ 23% στην Ιρλανδία,
src/components/common/PromoCodeTable/index.tsx:87 | src/components/routes/product-widget/CollectInformation/index.tsx:503,,None,Κανένας,
src/components/common/ProductPriceAvailability/index.tsx:37 | src/components/common/ProductPriceAvailability/index.tsx:66,,Not available,Δεν είναι διαθέσιμο,
src/components/common/AttendeeTable/index.tsx:327 | src/components/common/CheckInStatusModal/index.tsx:110,,Not Checked In,Δεν έχει κάνει check-in,
src/components/common/CheckInStatusModal/index.tsx:118,,Not Eligible,Δεν είναι επιλέξιμο,
src/components/modals/ManageAttendeeModal/index.tsx:130 | src/components/modals/ManageOrderModal/index.tsx:164,,Notes,Σημειώσεις,
src/components/common/ReportTable/index.tsx:240,,Nothing to show yet,Δεν υπάρχει τίποτα προς εμφάνιση ακόμα,
src/components/routes/event/Settings/Sections/EmailSettings/GeneralEmailSettings.tsx:76,,Notification Settings,Ρυθμίσεις ειδοποιήσεων,
src/components/routes/event/Settings/Sections/EmailSettings/GeneralEmailSettings.tsx:79,,Notify organizer of new orders,Ειδοποιήστε τον διοργανωτή για νέες παραγγελίες,
src/components/routes/event/Settings/Sections/PaymentSettings/index.tsx:220,,Number of days allowed for payment (leave blank to omit payment terms from invoices),Αριθμός ημερών που επιτρέπονται για πληρωμή (αφήστε κενό για να παραλείψετε τους όρους πληρωμής από τα τιμολόγια),
src/components/routes/event/Settings/Sections/PaymentSettings/index.tsx:202,,Number Prefix,Πρόθεμα αριθμού,
src/components/common/OrganizerReportTable/index.tsx:356,,of,του,
src/components/common/WaitlistTable/index.tsx:132 | src/components/modals/OfferWaitlistModal/index.tsx:221,,Offer,Προσφορά,
src/components/common/WaitlistTable/index.tsx:69,,Offer Spot,Προσφορά σημείου,
src/components/modals/OfferWaitlistModal/index.tsx:82 | src/components/modals/OfferWaitlistModal/index.tsx:126 | src/components/routes/event/SoldOutWaitlist/index.tsx:86,,Offer Tickets,Προσφορά Εισιτηρίων,
src/components/routes/event/Settings/Sections/WaitlistSettings/index.tsx:69,,Offer Timeout,Λήξη χρονικού ορίου προσφοράς,
src/components/common/WaitlistStats/index.tsx:13 | src/components/common/WaitlistTable/index.tsx:25 | src/components/routes/event/SoldOutWaitlist/index.tsx:72,,Offered,Προσφέρεται,
src/components/modals/OfferWaitlistModal/index.tsx:91 | src/components/modals/OfferWaitlistModal/index.tsx:130,,Offers expire after {timeoutHours} hours.,Οι προσφορές λήγουν μετά από {timeoutHours} ώρες.,
src/components/routes/organizer/Settings/Sections/AddressSettings/index.tsx:74 | src/components/routes/organizer/Settings/Sections/AddressSettings/index.tsx:75,,Office or venue name,Όνομα γραφείου ή χώρου,
src/components/common/OrdersTable/index.tsx:382 | src/components/routes/product-widget/Payment/index.tsx:131,,Offline,Εκτός σύνδεσης,
src/components/routes/event/Settings/Sections/PaymentSettings/index.tsx:148,,Offline orders are not reflected in event statistics until the order is marked as paid.,Οι παραγγελίες εκτός σύνδεσης δεν αντικατοπτρίζονται στα στατιστικά στοιχεία συμβάντων μέχρι η παραγγελία να επισημανθεί ως πληρωμένη.,
src/components/common/Editor/Controls/InsertLiquidVariableControl.tsx:31 | src/components/common/Editor/Controls/InsertLiquidVariableControl.tsx:65,,Offline Payment,Πληρωμή εκτός σύνδεσης,
src/components/routes/product-widget/Payment/index.tsx:77,,Offline payment failed. Please try again or contact the event organizer.,Η πληρωμή εκτός σύνδεσης απέτυχε. Δοκιμάστε ξανά ή επικοινωνήστε με τον διοργανωτή της εκδήλωσης.,
src/components/common/Editor/Controls/InsertLiquidVariableControl.tsx:49 | src/components/common/Editor/Controls/InsertLiquidVariableControl.tsx:82 | src/components/routes/event/Settings/Sections/PaymentSettings/index.tsx:154,,Offline Payment Instructions,Οδηγίες πληρωμής εκτός σύνδεσης,
src/components/routes/event/Settings/Sections/PaymentSettings/index.tsx:93,,Offline Payments,Πληρωμές εκτός σύνδεσης,
src/components/routes/event/Settings/Sections/PaymentSettings/index.tsx:142,,Offline Payments Information,Πληροφορίες πληρωμών εκτός σύνδεσης,
src/components/routes/event/Settings/Sections/PaymentSettings/index.tsx:137,,Offline Payments Settings,Ρυθμίσεις πληρωμών εκτός σύνδεσης,
src/components/common/EventCard/index.tsx:91 | src/components/common/ProductsTable/SortableProduct/index.tsx:95 | src/components/routes/organizer/Reports/EventsPerformanceReport/index.tsx:32,,On Sale,Εκπτώσεις,
src/components/common/ProductsTable/SortableProduct/index.tsx:101,,On sale {0},Σε προσφορά {0},
src/components/routes/account/ManageAccount/sections/PaymentSettings/index.tsx:553,,"Once you complete the upgrade, your old account will only be used for refunds.","Μόλις ολοκληρώσετε την αναβάθμιση, ο παλιός σας λογαριασμός θα χρησιμοποιείται μόνο για επιστροφές χρημάτων.",
src/components/common/NoEventsBlankSlate/index.tsx:21,,"Once you create an event, you'll see it here.","Μόλις δημιουργήσετε ένα συμβάν, θα το δείτε εδώ.",
src/components/common/ReportTable/index.tsx:245,,"Once you start collecting data, you'll see it here.","Μόλις ξεκινήσετε τη συλλογή δεδομένων, θα τα δείτε εδώ.",
src/components/routes/event/GettingStarted/index.tsx:184,,"Once you're ready, set your event live and start selling products.","Μόλις είστε έτοιμοι, ορίστε την εκδήλωσή σας ζωντανά και ξεκινήστε την πώληση προϊόντων.",
src/components/common/EventStatusBadge/index.tsx:18 | src/components/routes/organizer/Reports/EventsPerformanceReport/index.tsx:31,,Ongoing,Σε εξέλιξη,
src/components/common/EventCard/index.tsx:95 | src/components/routes/product-widget/Payment/index.tsx:123,,Online,Διαδικτυακά,
src/components/layouts/EventHomepage/index.tsx:346 | src/components/layouts/OrganizerHomepage/EventCard/index.tsx:167,,Online Event,Διαδικτυακή Εκδήλωση,
src/components/common/OnlineEventDetails/index.tsx:9,,Online Event Details,Λεπτομέρειες διαδικτυακής εκδήλωσης,
src/components/routes/event/Settings/Sections/DangerZoneSettings/index.tsx:72,,Only account administrators can delete or archive events. Contact your account admin for assistance.,Μόνο οι διαχειριστές λογαριασμών μπορούν να διαγράψουν ή να αρχειοθετήσουν συμβάντα. Επικοινωνήστε με τον διαχειριστή του λογαριασμού σας για βοήθεια.,
src/components/routes/organizer/Settings/Sections/DangerZoneSettings/index.tsx:78,,Only account administrators can delete or archive organizers. Contact your account admin for assistance.,Μόνο οι διαχειριστές λογαριασμών μπορούν να διαγράψουν ή να αρχειοθετήσουν τους διοργανωτές. Επικοινωνήστε με τον διαχειριστή του λογαριασμού σας για βοήθεια.,
src/components/modals/SendMessageModal/index.tsx:330,,Only send to orders with these statuses,Αποστολή μόνο σε παραγγελίες με αυτές τις καταστάσεις,
src/components/common/ProductsTable/SortableProduct/index.tsx:315,,Only visible with promo code,Ορατό μόνο με κωδικό προσφοράς,
src/components/common/CheckInListList/index.tsx:169 | src/components/modals/CheckInListSuccessModal/index.tsx:56,,Open Check-In Page,Άνοιγμα σελίδας check-in,
src/components/layouts/AppLayout/index.tsx:29,,Open sidebar,Άνοιγμα πλευρικής γραμμής,
src/components/routes/account/ManageAccount/sections/PaymentSettings/index.tsx:196 | src/components/routes/account/ManageAccount/sections/PaymentSettings/index.tsx:405 | src/components/routes/account/ManageAccount/sections/PaymentSettings/index.tsx:642,,Open Stripe Dashboard,Άνοιγμα πίνακα ελέγχου Stripe,
src/components/forms/QuestionForm/index.tsx:45,,Option {i},Επιλογή {i},
src/components/routes/event/Settings/Sections/PaymentSettings/index.tsx:256,,"Optional additional information to appear on all invoices (e.g., payment terms, late payment fees, return policy)","Προαιρετικές πρόσθετες πληροφορίες που θα εμφανίζονται σε όλα τα τιμολόγια (π.χ. όροι πληρωμής, τέλη καθυστέρησης πληρωμής, πολιτική επιστροφών)",
src/components/routes/event/Settings/Sections/PaymentSettings/index.tsx:203,,"Optional prefix for invoice numbers (e.g., INV-)","Προαιρετικό πρόθεμα για αριθμούς τιμολογίων (π.χ., INV-)",
src/components/routes/event/TicketDesigner/index.tsx:161,,"Optional text for disclaimers, contact info, or thank you notes (single line only)","Προαιρετικό κείμενο για δηλώσεις αποποίησης ευθύνης, στοιχεία επικοινωνίας ή ευχαριστήριες σημειώσεις (μόνο μία γραμμή)",
src/components/forms/CheckInListForm/index.tsx:64,,"Optional. If set, staff will be prompted for this password before they can access the list.","Προαιρετικό. Εάν οριστεί, θα ζητηθεί από το προσωπικό να εισαγάγει αυτόν τον κωδικό πρόσβασης πριν αποκτήσει πρόσβαση στη λίστα.",
src/components/common/QuestionsTable/index.tsx:125,,options,επιλογές,
src/components/forms/QuestionForm/index.tsx:28,,Options,Επιλογές,
src/components/modals/CreateEventModal/index.tsx:164,,or,ή,
src/components/common/Editor/Controls/InsertLiquidVariableControl.tsx:21 | src/components/common/Editor/Controls/InsertLiquidVariableControl.tsx:22 | src/components/common/Editor/Controls/InsertLiquidVariableControl.tsx:23 | src/components/common/Editor/Controls/InsertLiquidVariableControl.tsx:24 | src/components/common/Editor/Controls/InsertLiquidVariableControl.tsx:25 | src/components/common/Editor/Controls/InsertLiquidVariableControl.tsx:26 | src/components/common/Editor/Controls/InsertLiquidVariableControl.tsx:27 | src/components/common/Editor/Controls/InsertLiquidVariableControl.tsx:28 | src/components/common/Editor/Controls/InsertLiquidVariableControl.tsx:29 | src/components/common/Editor/Controls/InsertLiquidVariableControl.tsx:30 | src/components/common/Editor/Controls/InsertLiquidVariableControl.tsx:31 | src/components/common/Editor/Controls/InsertLiquidVariableControl.tsx:63 | src/components/common/Editor/Controls/InsertLiquidVariableControl.tsx:64 | src/components/common/Editor/Controls/InsertLiquidVariableControl.tsx:65 | src/components/common/QuestionsTable/index.tsx:294 | src/components/common/QuestionsTable/index.tsx:447 | src/components/routes/my-tickets/index.tsx:53,,Order,Παραγγελία,
src/components/common/AttendeeTable/index.tsx:240,,Order & Ticket,Παραγγελία & Εισιτήριο,
src/components/routes/product-widget/CollectInformation/index.tsx:361 | src/components/routes/product-widget/OrderSummaryAndProducts/index.tsx:353,,Order cancelled,Η παραγγελία ακυρώθηκε,
src/components/forms/WebhookForm/index.tsx:97,,Order Cancelled,Η παραγγελία ακυρώθηκε,
src/components/routes/product-widget/OrderSummaryAndProducts/index.tsx:363,,Order complete,Η παραγγελία ολοκληρώθηκε,
src/components/common/EmailTemplateEditor/EmailTemplateEditor.tsx:94 | src/components/common/EmailTemplateSettings/EmailTemplateSettingsBase.tsx:202,,Order Confirmation,Επιβεβαίωση παραγγελίας,
src/components/routes/product-widget/OrderSummaryAndProducts/index.tsx:524,,Order confirmation resent successfully,Η επιβεβαίωση παραγγελίας επαναλήφθηκε με επιτυχία,
src/components/forms/WebhookForm/index.tsx:73,,Order Created,Η παραγγελία δημιουργήθηκε,
src/components/common/Editor/Controls/InsertLiquidVariableControl.tsx:30,,Order Currency,Νόμισμα παραγγελίας,
src/components/common/Editor/Controls/InsertLiquidVariableControl.tsx:23 | src/components/routes/product-widget/OrderSummaryAndProducts/index.tsx:267,,Order Date,Ημερομηνία Εγγραφής,
src/components/common/OrdersTable/index.tsx:270 | src/components/modals/ManageAttendeeModal/index.tsx:166 | src/components/modals/ManageOrderModal/index.tsx:86 | src/components/routes/product-widget/OrderSummaryAndProducts/index.tsx:591,,Order Details,Στοιχεία Εγγραφής,
src/components/common/Editor/Controls/InsertLiquidVariableControl.tsx:26,,Order Email,Ηλεκτρονικό ταχυδρομείο παραγγελίας,
src/components/common/Editor/Controls/InsertLiquidVariableControl.tsx:24,,Order First Name,Όνομα παραγγελίας,
src/components/modals/CancelOrderModal/index.tsx:40,,Order has been canceled and refunded. The order owner has been notified.,Η παραγγελία ακυρώθηκε και τα χρήματα επιστράφηκαν. Ο κάτοχος της παραγγελίας έχει ειδοποιηθεί.,
src/components/modals/CancelOrderModal/index.tsx:41,,Order has been canceled and the order owner has been notified.,Η παραγγελία ακυρώθηκε και ο κάτοχος της παραγγελίας έχει ειδοποιηθεί.,
src/components/routes/admin/Messages/index.tsx:88 | src/components/routes/admin/Messages/index.tsx:138,,Order Holders,Κάτοχοι Παραγγελιών,
src/components/common/AdminOrdersTable/index.tsx:67,,Order ID,Αναγνωριστικό παραγγελίας,
src/components/common/Editor/Controls/InsertLiquidVariableControl.tsx:28,,Order Is Awaiting Offline Payment,Η παραγγελία αναμένει πληρωμή εκτός σύνδεσης,
src/components/common/Editor/Controls/InsertLiquidVariableControl.tsx:25,,Order Last Name,Επώνυμο παραγγελίας,
src/components/forms/ProductForm/index.tsx:436,,Order Limits,Όρια Παραγγελιών,
src/components/forms/ProductForm/index.tsx:384,,Order limits set,Ορισμένα όρια παραγγελιών,
src/components/common/Editor/Controls/InsertLiquidVariableControl.tsx:29,,Order Locale,Τοπικές ρυθμίσεις παραγγελίας,
src/components/common/OrdersTable/index.tsx:77,,Order marked as paid,Η παραγγελία επισημάνθηκε ως πληρωμένη,
src/components/forms/WebhookForm/index.tsx:85,,Order Marked as Paid,Η παραγγελία επισημάνθηκε ως πληρωμένη,
src/components/routes/product-widget/CollectInformation/index.tsx:376,,Order not found,Η παραγγελία δεν βρέθηκε,
src/components/routes/product-widget/OrderSummaryAndProducts/index.tsx:541,,Order Not Found,Η παραγγελία δεν βρέθηκε,
src/components/modals/ManageOrderModal/index.tsx:92,,Order Notes,Σημειώσεις παραγγελίας,
src/components/common/Editor/Controls/InsertLiquidVariableControl.tsx:21,,Order Number,Αριθμός παραγγελίας,
src/components/common/MessageList/index.tsx:31,,Order owner,Κάτοχος παραγγελίας,
src/components/modals/SendMessageModal/index.tsx:294,,Order owners with a specific product,Κατόχους παραγγελιών με ένα συγκεκριμένο προϊόν,
src/components/common/MessageList/index.tsx:27,,Order owners with products,Παραγγελία κατόχων με προϊόντα,
src/components/common/Editor/Controls/InsertLiquidVariableControl.tsx:63,,Order Payment Pending,Πληρωμή παραγγελίας σε εκκρεμότητα,
src/components/routes/organizer/Reports/PlatformFeesReport/index.tsx:59,,Order Ref,Αναφ. Παραγγελίας,
src/components/routes/product-widget/OrderSummaryAndProducts/index.tsx:246,,Order Reference,Κωδικός Εγγραφής,
src/components/forms/WebhookForm/index.tsx:91,,Order Refunded,Επιστροφή χρημάτων για την παραγγελία,
src/components/common/Editor/Controls/InsertLiquidVariableControl.tsx:64 | src/components/common/Editor/Controls/InsertLiquidVariableControl.tsx:64 | src/components/routes/event/orders.tsx:45,,Order Status,Κατάσταση παραγγελίας,
src/components/modals/SendMessageModal/index.tsx:331,,Order statuses,Καταστάσεις παραγγελίας,
src/components/common/InlineOrderSummary/index.tsx:54 | src/components/modals/ManageOrderModal/index.tsx:105,,Order Summary,Σύνοψη Εγγραφής,
src/components/routes/event/Settings/Sections/HomepageAndCheckoutSettings/index.tsx:124,,Order timeout,Χρονικό όριο παραγγελίας,
src/components/common/Editor/Controls/InsertLiquidVariableControl.tsx:22 | src/components/modals/RefundOrderModal/index.tsx:78,,Order Total,Σύνολο Παραγγελίας,
src/components/forms/WebhookForm/index.tsx:79,,Order Updated,Η παραγγελία ενημερώθηκε,
src/components/routes/product-widget/OrderSummaryAndProducts/index.tsx:463,,Order updated successfully,Η παραγγελία ενημερώθηκε με επιτυχία.,
src/components/common/Editor/Controls/InsertLiquidVariableControl.tsx:27,,Order URL,URL παραγγελίας,
src/components/routes/product-widget/CollectInformation/index.tsx:333,,Order was cancelled,Η παραγγελία ακυρώθηκε,
src/components/layouts/Admin/index.tsx:17 | src/components/layouts/Event/index.tsx:114 | src/components/routes/admin/Attribution/index.tsx:138 | src/components/routes/admin/Orders/index.tsx:44 | src/components/routes/event/orders.tsx:115 | src/components/routes/organizer/Reports/EventsPerformanceReport/index.tsx:103 | src/components/routes/organizer/Reports/RevenueSummaryReport/index.tsx:60 | src/components/routes/organizer/Reports/TaxSummaryReport/index.tsx:55,,Orders,Παραγγελίες,
src/components/routes/admin/Dashboard/index.tsx:189,,Orders Completed,Ολοκληρωμένες παραγγελίες,
src/components/routes/event/orders.tsx:94,,Orders Exported,Εξαγόμενες παραγγελίες,
src/components/routes/admin/Dashboard/index.tsx:207,,Orders Total,Σύνολο παραγγελιών,
src/components/common/AdminEventsTable/index.tsx:142,,Orders:,Παραγγελίες:,
src/components/routes/admin/Attribution/index.tsx:62,,Organic Accounts,Οργανικοί Λογαριασμοί,
src/components/common/Editor/Controls/InsertLiquidVariableControl.tsx:44 | src/components/common/Editor/Controls/InsertLiquidVariableControl.tsx:45 | src/components/common/Editor/Controls/InsertLiquidVariableControl.tsx:77 | src/components/common/Editor/Controls/InsertLiquidVariableControl.tsx:78,,Organization,Οργάνωση,
src/components/routes/event/Settings/Sections/PaymentSettings/index.tsx:238,,Organization Address,Διεύθυνση Οργανισμού,
src/components/routes/event/Settings/Sections/PaymentSettings/index.tsx:229,,Organization Details,Στοιχεία Οργανισμού,
src/components/forms/OrganizerForm/index.tsx:28 | src/components/routes/event/Settings/Sections/PaymentSettings/index.tsx:231,,Organization Name,Όνομα οργανισμού,
src/components/common/AdminEventsTable/index.tsx:87 | src/components/common/AttendeeTicket/index.tsx:82 | src/components/layouts/EventHomepage/index.tsx:495 | src/components/modals/EditUserModal/index.tsx:55 | src/components/modals/InviteUserModal/index.tsx:47 | src/components/routes/admin/Dashboard/index.tsx:257 | src/components/routes/admin/Dashboard/index.tsx:306 | src/components/routes/admin/Dashboard/index.tsx:352 | src/components/routes/events/Dashboard/index.tsx:194 | src/components/routes/product-widget/OrderSummaryAndProducts/index.tsx:331,,Organizer,Διοργανωτής,
src/components/routes/organizer/Settings/Sections/DangerZoneSettings/index.tsx:60,,Organizer archived successfully,Ο οργανωτής αρχειοθετήθηκε με επιτυχία.,
src/components/layouts/Event/index.tsx:86 | src/components/layouts/OrganizerLayout/index.tsx:80 | src/components/routes/organizer/OrganizerDashboard/index.tsx:162,,Organizer Dashboard,Πίνακας ελέγχου διοργανωτή,
src/components/routes/organizer/Settings/Sections/DangerZoneSettings/index.tsx:40,,Organizer deleted successfully,Ο οργανωτής διαγράφηκε με επιτυχία.,
src/components/common/Editor/Controls/InsertLiquidVariableControl.tsx:45 | src/components/common/Editor/Controls/InsertLiquidVariableControl.tsx:78,,Organizer Email,Email διοργανωτή,
src/components/common/Editor/Controls/InsertLiquidVariableControl.tsx:45 | src/components/common/Editor/Controls/InsertLiquidVariableControl.tsx:78,,Organizer email address,Διεύθυνση ηλεκτρονικού ταχυδρομείου διοργανωτή,
src/components/modals/CreateEventModal/index.tsx:48,,Organizer is required,Απαιτείται διοργανωτής,
src/components/common/Editor/Controls/InsertLiquidVariableControl.tsx:44 | src/components/common/Editor/Controls/InsertLiquidVariableControl.tsx:77 | src/components/routes/organizer/Settings/Sections/BasicSettings/index.tsx:72,,Organizer Name,Όνομα διοργανωτή,
src/components/layouts/PublicOrganizer/OrganizerNotFound/index.tsx:8 | src/components/layouts/PublicOrganizer/OrganizerNotFound/index.tsx:10,,Organizer Not Found,Ο οργανωτής δεν βρέθηκε,
src/components/routes/organizer/Settings/Sections/DangerZoneSettings/index.tsx:60,,Organizer restored successfully,Η οργανωτική επιτροπή αποκαταστάθηκε με επιτυχία.,
src/components/routes/organizer/Settings/index.tsx:124,,Organizer Settings,Ρυθμίσεις οργανωτή,
src/components/routes/organizer/OrganizerDashboard/index.tsx:225,,Organizer statistics are not available for the selected currency or an error occurred.,Τα στατιστικά στοιχεία του διοργανωτή δεν είναι διαθέσιμα για το επιλεγμένο νόμισμα ή παρουσιάστηκε σφάλμα.,
src/components/common/StatusToggle/index.tsx:66 | src/components/layouts/OrganizerLayout/index.tsx:143,,Organizer status update failed. Please try again later,Η ενημέρωση κατάστασης του διοργανωτή απέτυχε. Δοκιμάστε ξανά αργότερα.,
src/components/common/StatusToggle/index.tsx:58 | src/components/layouts/OrganizerLayout/index.tsx:140,,Organizer status updated,Η κατάσταση του διοργανωτή ενημερώθηκε,
src/components/common/EmailTemplateSettings/EmailTemplateSettingsBase.tsx:214,,Organizer/default template will be used,Θα χρησιμοποιηθεί το πρότυπο οργάνωσης/προεπιλεγμένο πρότυπο,
src/components/modals/EditUserModal/index.tsx:57 | src/components/modals/InviteUserModal/index.tsx:49,,"Organizers can only manage events and products. They cannot manage users, account settings or billing information.","Οι διοργανωτές μπορούν να διαχειρίζονται μόνο εκδηλώσεις και προϊόντα. Δεν μπορούν να διαχειρίζονται χρήστες, ρυθμίσεις λογαριασμού ή στοιχεία χρέωσης.",
src/components/common/Editor/Controls/InsertLiquidVariableControl.tsx:98 | src/components/common/OrdersTable/index.tsx:387 | src/constants/eventCategories.ts:22,,Other,Αλλος,
src/components/common/CheckInStatusModal/index.tsx:171,,Other Lists (Ticket Not Included),Άλλες λίστες (Δεν περιλαμβάνεται εισιτήριο),
src/components/routes/admin/Messages/index.tsx:107,,Outgoing Messages,Εξερχόμενα μηνύματα,
src/components/layouts/Event/index.tsx:89,,Overview,Επισκόπηση,
src/components/common/WidgetEditor/index.tsx:227,,Padding,Υλικό παραγεμίσματος,
src/components/common/OrganizerReportTable/index.tsx:356,,Page,Σελίδα,
src/components/forms/StripeCheckoutForm/index.tsx:106,,Page no longer available,Η σελίδα δεν είναι πλέον διαθέσιμη,
src/components/common/ErrorDisplay/index.tsx:14,,Page not found,Η σελίδα δεν βρέθηκε,
src/components/modals/ShareModal/index.tsx:236,,Page URL,URL σελίδας,
src/components/common/StatBoxes/index.tsx:69,,Page views,Προβολές σελίδας,
src/components/routes/organizer/Reports/EventsPerformanceReport/index.tsx:113,,Page Views,Προβολές σελίδας,
src/components/modals/CreateAttendeeModal/index.tsx:191,,paid,έμμισθος,
src/components/routes/admin/Attribution/index.tsx:51,,Paid Accounts,Πληρωμένοι Λογαριασμοί,
src/components/forms/ProductForm/index.tsx:154,,Paid Product,Προϊόν επί πληρωμή,
src/components/layouts/AuthLayout/index.tsx:27,,"Paid, free, tiered pricing, and donation-based tickets","Εισιτήρια επί πληρωμή, δωρεάν, κλιμακωτής τιμολόγησης και με βάση δωρεές",
src/components/modals/RefundOrderModal/index.tsx:109,,Partial refund,Μερική επιστροφή χρημάτων,
src/components/routes/event/orders.tsx:30 | src/components/routes/product-widget/OrderSummaryAndProducts/index.tsx:70,,Partially Refunded,Μερική επιστροφή χρημάτων,
src/components/common/OrdersTable/index.tsx:357,,Partially refunded: {0},Μερική επιστροφή χρημάτων: {0},
src/components/common/PlatformFeesSettings/index.tsx:194,,Pass fee to buyer,Μεταβίβαση τέλους στον αγοραστή,
src/components/common/PlatformFeesSettings/index.tsx:209,,Pass to Buyer,Μεταβίβαση στον αγοραστή,
src/components/forms/CheckInListForm/index.tsx:60 | src/components/layouts/CheckIn/index.tsx:389 | src/components/routes/auth/AcceptInvitation/index.tsx:127 | src/components/routes/auth/Login/index.tsx:98 | src/components/routes/auth/Register/index.tsx:112 | src/components/routes/profile/ManageProfile/index.tsx:119,,Password,Σύνθημα,
src/components/routes/auth/AcceptInvitation/index.tsx:31,,Password must be a minimum  of 8 characters,Ο κωδικός πρόσβασης πρέπει να έχει τουλάχιστον 8 χαρακτήρες,
src/components/routes/auth/Register/index.tsx:36,,Password must be at least 8 characters,Ο κωδικός πρόσβασης πρέπει να έχει τουλάχιστον 8 χαρακτήρες,
src/components/layouts/CheckIn/index.tsx:386,,Password Protected,Προστατεύεται με κωδικό πρόσβασης,
src/components/routes/auth/ResetPassword/index.tsx:49,,Password reset successfully. Please login with your new password.,Η επαναφορά του κωδικού πρόσβασης ολοκληρώθηκε με επιτυχία. Συνδεθείτε με τον νέο σας κωδικό πρόσβασης.,
src/components/routes/auth/AcceptInvitation/index.tsx:32 | src/components/routes/auth/Register/index.tsx:37,,Passwords are not the same,Οι κωδικοί πρόσβασης δεν είναι ίδιοι,
src/components/layouts/OrganizerHomepage/index.tsx:278 | src/components/routes/organizer/Reports/EventsPerformanceReport/index.tsx:30,,Past,Το παρελθόν,
src/components/layouts/OrganizerHomepage/index.tsx:265,,Past Events,Προηγούμενα γεγονότα,
src/components/common/WidgetEditor/index.tsx:272,,Paste this where you want the widget to appear.,Επικολλήστε αυτό το σημείο όπου θέλετε να εμφανίζεται το γραφικό στοιχείο.,
src/components/common/Editor/Controls/InsertImageControl/index.tsx:103,,Paste URL,Επικόλληση URL,
src/components/modals/CreateAttendeeModal/index.tsx:130,,Patrick,Πατρίκιος,
src/components/modals/CreateAttendeeModal/index.tsx:144,,patrick@acme.com,patrick@acme.com,
src/components/common/ProductsTable/SortableProduct/index.tsx:96 | src/components/forms/WebhookForm/index.tsx:28,,Paused,Σε παύση,
src/components/routes/product-widget/Payment/index.tsx:146,,Pay,Πληρωμή,
src/components/common/AttendeeTicket/index.tsx:149,,Pay to unlock,Πληρώστε για να ξεκλειδώσετε,
src/components/modals/OrganizerWebhookLogsModal/index.tsx:107 | src/components/routes/admin/FailedJobs/index.tsx:273,,Payload,Φορτίο επί πληρωμή,
src/components/common/OrdersTable/index.tsx:368 | src/components/common/ProgressStepper/index.tsx:19 | src/components/forms/StripeCheckoutForm/index.tsx:127,,Payment,Πληρωμή,
src/components/routes/event/Settings/index.tsx:82,,Payment & Invoicing,Πληρωμή & Τιμολόγηση,
src/components/routes/event/Settings/Sections/PaymentSettings/index.tsx:101,,Payment & Invoicing Settings,Ρυθμίσεις Πληρωμής & Τιμολόγησης,
src/components/routes/account/ManageAccount/index.tsx:38,,Payment & Plan,Πληρωμή & Πρόγραμμα,
src/components/routes/organizer/Reports/PlatformFeesReport/index.tsx:53,,Payment Date,Ημερομηνία πληρωμής,
src/components/routes/event/Settings/Sections/PaymentSettings/index.tsx:219,,Payment Due Period,Περίοδος Πληρωμής,
src/components/routes/product-widget/OrderSummaryAndProducts/index.tsx:57,,Payment Failed,Η πληρωμή απέτυχε,
src/components/routes/product-widget/OrderSummaryAndProducts/index.tsx:389 | src/components/routes/product-widget/Payment/PaymentMethods/Offline/index.tsx:14,,Payment Instructions,Οδηγίες πληρωμής,
src/components/routes/product-widget/Payment/index.tsx:114,,Payment method,Μέθοδος πληρωμής,
src/components/routes/event/Settings/Sections/PaymentSettings/index.tsx:108,,Payment Methods,Μέθοδοι πληρωμής,
src/components/routes/account/ManageAccount/sections/PaymentSettings/index.tsx:474 | src/components/routes/account/ManageAccount/sections/PaymentSettings/index.tsx:486 | src/components/routes/account/ManageAccount/sections/PaymentSettings/index.tsx:620,,Payment Processing,Επεξεργασία Πληρωμών,
src/components/common/OrderDetails/index.tsx:76,,Payment provider,Πάροχος πληρωμών,
src/components/forms/StripeCheckoutForm/index.tsx:94,,Payment received,Η πληρωμή ελήφθη,
src/components/routes/product-widget/OrderSummaryAndProducts/index.tsx:58,,Payment Received,Η πληρωμή ελήφθη,
src/components/routes/account/ManageAccount/sections/PaymentSettings/index.tsx:816,,Payment Settings,Ρυθμίσεις πληρωμής,
src/components/routes/product-widget/OrderSummaryAndProducts/index.tsx:280,,Payment Status,Κατάσταση πληρωμής,
src/components/forms/StripeCheckoutForm/index.tsx:60,,Payment succeeded!,Η πληρωμή ολοκληρώθηκε με επιτυχία!,
src/components/routes/event/Settings/Sections/PaymentSettings/index.tsx:217,,Payment Terms,Όροι πληρωμής,
src/components/routes/product-widget/Payment/PaymentMethods/Stripe/index.tsx:49,,Payments not available,Οι πληρωμές δεν είναι διαθέσιμες,
src/components/routes/account/ManageAccount/sections/PaymentSettings/index.tsx:87,,Payments will continue to flow without interruption,Οι πληρωμές θα συνεχίσουν να διεκπεραιώνονται χωρίς διακοπή,
src/components/routes/admin/Messages/index.tsx:124,,Pending Review,Εκκρεμής αξιολόγηση,
src/components/common/QuestionsTable/index.tsx:315,,Per Attendee,Ανά συμμετέχοντα,
src/components/routes/event/Settings/Sections/HomepageAndCheckoutSettings/index.tsx:50 | src/components/routes/organizer/Settings/Sections/EventDefaults/index.tsx:38,,Per order,Ανά παραγγελία,
src/components/routes/event/Settings/Sections/HomepageAndCheckoutSettings/index.tsx:44 | src/components/routes/organizer/Settings/Sections/EventDefaults/index.tsx:32,,Per ticket,Ανά εισιτήριο,
src/components/forms/PromoCodeForm/index.tsx:81 | src/components/forms/TaxAndFeeForm/index.tsx:27,,Percentage,Ποσοστό,
src/components/forms/TaxAndFeeForm/index.tsx:71,,Percentage Amount,Ποσοστό Ποσοστού,
src/components/modals/EditAccountConfigurationModal/index.tsx:99 | src/components/routes/admin/Accounts/AccountDetail/index.tsx:198 | src/components/routes/admin/Configurations/index.tsx:100 | src/components/routes/admin/Configurations/index.tsx:246,,Percentage Fee,Ποσοστό Χρέωσης,
src/components/modals/EditAccountConfigurationModal/index.tsx:100,,Percentage fee (0-100%),Ποσοστιαία χρέωση (0-100%),
src/components/modals/EditAccountConfigurationModal/index.tsx:46,,Percentage fee must be between 0 and 100,Το ποσοστό χρέωσης πρέπει να είναι μεταξύ 0 και 100,
src/components/routes/admin/Configurations/index.tsx:174,,Percentage must be between 0 and 100,Το ποσοστό πρέπει να είναι μεταξύ 0 και 100,
src/components/routes/admin/Configurations/index.tsx:247,,Percentage of transaction amount,Ποσοστό του ποσού συναλλαγής,
src/components/common/AffiliateTable/index.tsx:89,,Performance,Εκτέλεση,
src/components/routes/event/Settings/Sections/DangerZoneSettings/index.tsx:85,,Permanently delete this event and all its associated data.,Διαγραφή οριστικής αυτού του συμβάντος και όλων των συσχετισμένων δεδομένων του.,
src/components/routes/organizer/Settings/Sections/DangerZoneSettings/index.tsx:91,,Permanently delete this organizer and all its events.,Οριστική διαγραφή αυτού του διοργανωτή και όλων των συμβάντων του.,
src/components/routes/profile/ManageProfile/index.tsx:147,,Personal Information,Προσωπικές Πληροφορίες,
src/components/routes/organizer/Settings/Sections/BasicSettings/index.tsx:97,,Phone,Τηλέφωνο,
src/components/routes/organizer/Settings/Sections/SocialLinks/index.tsx:82,,Pinterest,Pinterest,
src/components/common/WidgetEditor/index.tsx:259,,Place this in the <head> of your website.,Τοποθετήστε αυτό στο <head> του ιστότοπού σας.,
src/components/common/PoweredByFooter/index.tsx:48,,Planning an event?,Σχεδιάζετε μια εκδήλωση;,
src/components/common/PlatformFeesSettings/index.tsx:57 | src/components/common/PlatformFeesSettings/index.tsx:155,,Platform fee,Τέλος πλατφόρμας,
src/components/common/PlatformFeesSettings/index.tsx:73,,Platform fee of {0} deducted from your payout,Χρέωση πλατφόρμας ύψους {0} αφαιρέθηκε από την πληρωμή σας,
src/components/routes/account/ManageAccount/sections/PaymentSettings/index.tsx:248 | src/components/routes/event/Settings/index.tsx:98 | src/components/routes/event/Settings/Sections/PlatformFeesSettings/index.tsx:48 | src/components/routes/organizer/Reports/index.tsx:41 | src/components/routes/organizer/Settings/index.tsx:81 | src/components/routes/organizer/Settings/Sections/PlatformFeesSettings/index.tsx:42,,Platform Fees,Τέλη πλατφόρμας,
src/components/routes/organizer/Reports/PlatformFeesReport/index.tsx:134,,Platform Fees Report,Αναφορά τελών πλατφόρμας,
src/components/routes/admin/Dashboard/index.tsx:171,,Platform Revenue,Έσοδα πλατφόρμας,
src/components/forms/QuestionForm/index.tsx:31,,Please add at least one option,Προσθέστε τουλάχιστον μία επιλογή,
src/hooks/useFormErrorResponseHandler.tsx:18,,Please check the provided information is correct,Παρακαλώ ελέγξτε αν οι παρεχόμενες πληροφορίες είναι σωστές,
src/components/routes/auth/Login/index.tsx:53,,Please check your email and password and try again,Ελέγξτε το email και τον κωδικό πρόσβασής σας και προσπαθήστε ξανά,
src/components/routes/auth/AcceptInvitation/index.tsx:33 | src/components/routes/auth/Register/index.tsx:38,,Please check your email is valid,Παρακαλώ ελέγξτε αν το email σας είναι έγκυρο,
src/components/routes/profile/ManageProfile/index.tsx:170,,Please check your email to confirm your email address,Ελέγξτε το email σας για να επιβεβαιώσετε τη διεύθυνση email σας,
src/components/modals/CreateCapacityAssignmentModal/index.tsx:47,,Please create a product,Παρακαλώ δημιουργήστε ένα προϊόν,
src/components/modals/CreateCheckInListModal/index.tsx:53,,Please create a ticket,Παρακαλώ δημιουργήστε ένα εισιτήριο,
src/components/modals/JoinWaitlistModal/index.tsx:47,,Please enter a valid email address,Παρακαλώ εισάγετε μια έγκυρη διεύθυνση ηλεκτρονικού ταχυδρομείου,
src/components/common/Editor/Controls/InsertImageControl/index.tsx:46,,Please enter a valid image URL that points to an image.,Εισαγάγετε μια έγκυρη διεύθυνση URL εικόνας που να παραπέμπει σε μια εικόνα.,
src/components/modals/CreateOrganizerWebhookModal/index.tsx:30 | src/components/modals/CreateWebhookModal/index.tsx:30,,Please enter a valid URL,Παρακαλώ εισάγετε μια έγκυρη διεύθυνση URL,
src/components/routes/welcome/index.tsx:69,,Please enter the 5-digit code,Παρακαλώ εισάγετε τον 5ψήφιο κωδικό,
src/components/routes/account/ManageAccount/sections/PaymentSettings/VatSettings/VatSettingsForm.tsx:149,,Please enter your VAT number,Παρακαλώ εισάγετε τον ΑΦΜ σας,
src/components/modals/CancelOrderModal/index.tsx:65,,Please Note,Παρακαλώ σημειώστε,
src/components/common/Editor/Controls/InsertImageControl/index.tsx:35,,Please provide an image.,Παρακαλώ δώστε μια εικόνα.,
src/components/routes/product-widget/Payment/PaymentMethods/Stripe/index.tsx:65,,Please restart the checkout process.,Παρακαλώ επανεκκινήστε τη διαδικασία ολοκλήρωσης αγοράς.,
src/components/layouts/Checkout/index.tsx:284,,Please return to the event page to start over.,Επιστρέψτε στη σελίδα της εκδήλωσης για να ξεκινήσετε από την αρχή.,
src/components/common/OrganizerReportTable/index.tsx:269,,Please select a date range,Επιλέξτε ένα εύρος ημερομηνιών,
src/components/common/Editor/Controls/InsertImageControl/index.tsx:54,,Please select an image.,Επιλέξτε μια εικόνα.,
src/components/routes/product-widget/SelectProducts/index.tsx:285,,Please select at least one product,Επιλέξτε τουλάχιστον ένα προϊόν,
src/components/routes/event/Affiliates/index.tsx:55 | src/components/routes/event/attendees.tsx:139 | src/components/routes/event/orders.tsx:100,,Please try again.,Παρακαλώ δοκιμάστε ξανά.,
src/components/routes/profile/ManageProfile/index.tsx:160,,Please verify your email address to access all features,Επαληθεύστε τη διεύθυνση email σας για να αποκτήσετε πρόσβαση σε όλες τις λειτουργίες,
src/components/routes/welcome/index.tsx:123,,Please wait before requesting another code,Παρακαλώ περιμένετε πριν ζητήσετε άλλον κωδικό,
src/components/routes/event/Affiliates/index.tsx:46,,Please wait while we prepare your affiliates for export...,Παρακαλώ περιμένετε όσο προετοιμάζουμε τους συνεργάτες σας για εξαγωγή...,
src/components/routes/event/attendees.tsx:130,,Please wait while we prepare your attendees for export...,Παρακαλούμε περιμένετε όσο προετοιμάζουμε τους συμμετέχοντες για εξαγωγή...,
src/components/common/OrdersTable/index.tsx:98 | src/components/layouts/Checkout/index.tsx:105,,Please wait while we prepare your invoice...,Παρακαλούμε περιμένετε όσο ετοιμάζουμε το τιμολόγιό σας...,
src/components/routes/event/orders.tsx:91,,Please wait while we prepare your orders for export...,Παρακαλούμε περιμένετε όσο προετοιμάζουμε τις παραγγελίες σας για εξαγωγή...,
src/components/common/LanguageSwitcher/index.tsx:42,,Polish,Στίλβωση,
src/components/routes/admin/Dashboard/index.tsx:245,,Popular Events (Last 14 Days),Δημοφιλή Γεγονότα (Τελευταίες 14 Ημέρες),
src/components/common/LanguageSwitcher/index.tsx:30,,Portuguese,Πορτογάλος,
src/components/routes/event/Settings/Sections/HomepageAndCheckoutSettings/index.tsx:100,,Post Checkout message,Δημοσίευση μηνύματος ολοκλήρωσης αγοράς,
src/components/common/Editor/Controls/InsertLiquidVariableControl.tsx:50 | src/components/common/Editor/Controls/InsertLiquidVariableControl.tsx:83,,Post Checkout Message,Μήνυμα Δημοσίευσης Ολοκλήρωσης Αγοράς,
src/components/common/PoweredByFooter/index.tsx:60,,Powered by,Με την υποστήριξη,
src/components/routes/event/Settings/Sections/HomepageAndCheckoutSettings/index.tsx:93,,Pre Checkout message,Μήνυμα πριν από την ολοκλήρωση της αγοράς,
src/components/routes/event/CapacityAssignments/index.tsx:35,,Prevent overselling by sharing inventory across multiple ticket types.,"Αποτρέψτε την υπερβολική πώληση, μοιράζοντας το απόθεμα σε πολλαπλούς τύπους εισιτηρίων.",
src/components/common/EmailTemplateEditor/EmailTemplateEditor.tsx:139 | src/components/routes/event/TicketDesigner/index.tsx:197,,Preview,Πρεμιέρα,
src/components/common/QuestionsTable/index.tsx:285,,Preview checkout form,Προεπισκόπηση φόρμας ολοκλήρωσης αγοράς,
src/components/layouts/Event/index.tsx:241 | src/components/layouts/Event/index.tsx:245,,Preview Event page,Σελίδα προεπισκόπησης συμβάντος,
src/components/common/ProductsTable/SortableProduct/index.tsx:364 | src/components/forms/ProductForm/index.tsx:81 | src/components/forms/ProductForm/index.tsx:307,,Price,Τιμή,
src/components/routes/event/Settings/Sections/MiscSettings/index.tsx:84,,Price display mode,Λειτουργία εμφάνισης τιμών,
src/components/common/ProductsTable/SortableProduct/index.tsx:110,,Price not set,Η τιμή δεν έχει οριστεί,
src/components/common/Editor/Controls/InsertLiquidVariableControl.tsx:59,,Price of the ticket,Τιμή εισιτηρίου,
src/components/forms/ProductForm/index.tsx:343,,Price Tiers,Επίπεδα τιμών,
src/components/forms/ProductForm/index.tsx:249,,Price Type,Τύπος τιμής,
src/components/common/WidgetEditor/index.tsx:187,,Primary Color,Κύριο χρώμα,
src/components/common/WidgetEditor/index.tsx:193,,Primary Text Color,Κύριο χρώμα κειμένου,
src/components/routes/product-widget/OrderSummaryAndProducts/index.tsx:625,,Print All Tickets,Εκτύπωση Όλων Των Εισιτηρίων,
src/components/routes/event/TicketDesigner/index.tsx:204,,Print Preview,Προεπισκόπηση εκτύπωσης,
src/components/routes/product-widget/OrderSummaryAndProducts/index.tsx:113,,Print Ticket,Εκτύπωση Εισιτηρίου,
src/components/layouts/Checkout/index.tsx:241 | src/components/routes/my-tickets/index.tsx:119,,Print Tickets,Εκτύπωση Εισιτηρίων,
src/components/common/AttendeeTicket/index.tsx:196,,Print to PDF,Εκτύπωση σε PDF,
src/components/layouts/EventHomepage/index.tsx:599 | src/components/layouts/OrganizerHomepage/index.tsx:328,,Privacy Policy,Πολιτική Απορρήτου,
src/components/modals/RefundOrderModal/index.tsx:150,,Process Refund,Επεξεργασία Επιστροφής Χρημάτων,
src/components/routes/product-widget/OrderSummaryAndProducts/index.tsx:372,,Processing order,Επεξεργασία παραγγελίας,
src/components/common/AttendeeDetails/index.tsx:30 | src/components/common/ProductsTable/SortableProduct/index.tsx:289 | src/components/common/ProductsTable/SortableProduct/index.tsx:488 | src/components/common/WaitlistTable/index.tsx:170 | src/components/modals/ManageAttendeeModal/index.tsx:119 | src/components/modals/OfferWaitlistModal/index.tsx:161,,Product,Προϊόν,
src/components/forms/ProductForm/index.tsx:288,,Product Category,Κατηγορία προϊόντος,
src/components/modals/EditProductCategoryModal/index.tsx:53,,Product category updated successfully.,Η κατηγορία προϊόντος ενημερώθηκε με επιτυχία.,
src/components/forms/WebhookForm/index.tsx:37,,Product Created,Προϊόν που δημιουργήθηκε,
src/components/forms/WebhookForm/index.tsx:67,,Product Deleted,Το προϊόν διαγράφηκε,
src/components/common/ProductsTable/SortableProduct/index.tsx:71,,Product deleted successfully,Το προϊόν διαγράφηκε με επιτυχία.,
src/components/forms/ProductForm/index.tsx:257,,Product Price Type,Τύπος τιμής προϊόντος,
src/components/routes/event/EventDashboard/index.tsx:255 | src/components/routes/event/Reports/index.tsx:17,,Product Sales,Πωλήσεις προϊόντων,
src/components/routes/event/Reports/index.tsx:18,,"Product sales, revenue, and tax breakdown","Πωλήσεις προϊόντων, έσοδα και ανάλυση φόρων",
src/components/common/ProductSelector/index.tsx:63,,Product Tier,Επίπεδο προϊόντος,
src/components/forms/ProductForm/index.tsx:234 | src/components/forms/ProductForm/index.tsx:242,,Product Type,Τύπος προϊόντος,
src/components/forms/WebhookForm/index.tsx:61,,Product Updated,Ενημερώθηκε το προϊόν,
src/components/common/PromoCodeTable/index.tsx:153,,Product(s),Προϊόν(τα),
src/components/common/PromoCodeTable/index.tsx:77 | src/components/modals/DuplicateEventModal/index.tsx:24,,Products,Προϊόντα,
src/components/common/StatBoxes/index.tsx:51,,Products sold,Προϊόντα που πωλήθηκαν,
src/components/routes/admin/Dashboard/index.tsx:258 | src/components/routes/admin/Dashboard/index.tsx:355 | src/components/routes/event/EventDashboard/index.tsx:276 | src/components/routes/organizer/OrganizerDashboard/index.tsx:127 | src/components/routes/organizer/Reports/EventsPerformanceReport/index.tsx:68,,Products Sold,Πωληθέντα προϊόντα,
src/components/common/ProductsTable/SortableProduct/index.tsx:230,,Products sorted successfully,Τα προϊόντα ταξινομήθηκαν με επιτυχία,
src/components/routes/profile/ManageProfile/index.tsx:116,,Profile,Προφίλ,
src/components/routes/profile/ManageProfile/index.tsx:69,,Profile updated successfully,Το προφίλ ενημερώθηκε με επιτυχία.,
src/components/routes/product-widget/SelectProducts/index.tsx:226,,Promo {promo_code} code applied,Εφαρμόστηκε ο κωδικός προσφοράς {promo_code},
src/components/common/OrderDetails/index.tsx:86,,Promo code,Κωδικός προσφοράς,
src/components/routes/event/Reports/PromoCodesReport/index.tsx:20,,Promo Code,Κωδικός προσφοράς,
src/components/forms/ProductForm/index.tsx:481,,Promo Code page,Σελίδα κωδικού προσφοράς,
src/components/routes/event/Reports/index.tsx:30,,Promo code usage and discount breakdown,Χρήση κωδικού προσφοράς και ανάλυση έκπτωσης,
src/components/layouts/Event/index.tsx:115 | src/components/modals/DuplicateEventModal/index.tsx:27 | src/components/routes/event/promo-codes.tsx:35,,Promo Codes,Κωδικοί προσφοράς,
src/components/common/PromoCodeTable/index.tsx:54,,"Promo codes can be used to offer discounts, presale access, or provide special access to your event.","Οι κωδικοί προσφοράς μπορούν να χρησιμοποιηθούν για να προσφέρουν εκπτώσεις, πρόσβαση σε προπώληση ή να παρέχουν ειδική πρόσβαση στην εκδήλωσή σας.",
src/components/routes/event/Reports/index.tsx:29 | src/components/routes/event/Reports/PromoCodesReport/index.tsx:95,,Promo Codes Report,Αναφορά Κωδικών Προσφοράς,
src/components/common/ProductsTable/SortableProduct/index.tsx:325,,Promo Only,Μόνο Προσφορά,
src/components/modals/SendMessageModal/index.tsx:483,,Promotional emails may result in account suspension,Τα διαφημιστικά email ενδέχεται να οδηγήσουν σε αναστολή λογαριασμού,
src/components/forms/QuestionForm/index.tsx:189,,"Provide additional context or instructions for this question. Use this field to add terms\nand conditions, guidelines, or any important information that attendees need to know before answering.","Παρέχετε επιπλέον περιεχόμενο ή οδηγίες για αυτήν την ερώτηση. Χρησιμοποιήστε αυτό το πεδίο για να προσθέσετε όρους και προϋποθέσεις, οδηγίες ή οποιεσδήποτε σημαντικές πληροφορίες που πρέπει να γνωρίζουν οι συμμετέχοντες πριν απαντήσουν.",
src/components/common/StatusToggle/index.tsx:99,,Publish,Δημοσιεύω,
src/components/routes/event/EventDashboard/index.tsx:197,,Publish Event,Δημοσίευση συμβάντος,
src/components/common/WaitlistStats/index.tsx:14 | src/components/common/WaitlistTable/index.tsx:26 | src/components/routes/event/SoldOutWaitlist/index.tsx:73 | src/components/routes/my-tickets/index.tsx:94,,Purchased,Αγοράστηκε,
src/components/modals/ShareModal/index.tsx:168,,QR Code,Κωδικός QR,
src/components/layouts/AuthLayout/index.tsx:31,,QR Code Check-in,Έλεγχος με κωδικό QR,
src/components/modals/OfferWaitlistModal/index.tsx:164,,Qty,Ποσότητα,
src/components/forms/ProductForm/index.tsx:93 | src/components/forms/ProductForm/index.tsx:324,,Quantity Available,Διαθέσιμη ποσότητα,
src/components/common/QuestionsTable/index.tsx:201,,Question deleted,Η ερώτηση διαγράφηκε,
src/components/forms/QuestionForm/index.tsx:188,,Question Description,Περιγραφή ερώτησης,
src/components/forms/QuestionForm/index.tsx:178,,Question Title,Τίτλος ερώτησης,
src/components/modals/DuplicateEventModal/index.tsx:25,,Questions,Ερωτήσεις,
src/components/modals/ManageAttendeeModal/index.tsx:184 | src/components/modals/ManageOrderModal/index.tsx:111,,Questions & Answers,Ερωτήσεις & Απαντήσεις,
src/components/common/QuestionsTable/index.tsx:183,,Questions reordered,Οι ερωτήσεις αναδιατάχθηκαν,
src/components/routes/admin/FailedJobs/index.tsx:164 | src/components/routes/admin/FailedJobs/index.tsx:257,,Queue,Ουρά,
src/components/forms/QuestionForm/index.tsx:118,,Radio Option,Επιλογή ραδιοφώνου,
src/components/routes/organizer/Reports/TaxSummaryReport/index.tsx:43,,Rate,Τιμή,
src/components/routes/product-widget/OrderSummaryAndProducts/index.tsx:444 | src/components/routes/product-widget/OrderSummaryAndProducts/index.tsx:479 | src/components/routes/product-widget/OrderSummaryAndProducts/index.tsx:504 | src/components/routes/product-widget/OrderSummaryAndProducts/index.tsx:528,,Rate limit exceeded. Please try again later.,Υπέρβαση ορίου ρυθμού. Δοκιμάστε ξανά αργότερα.,
src/components/common/WaitlistTable/index.tsx:69,,Re-offer Spot,Επαναπροσφορά σημείου,
src/components/modals/EditUserModal/index.tsx:61 | src/components/modals/InviteUserModal/index.tsx:53,,Read-only,Μόνο για ανάγνωση,
src/components/modals/EditUserModal/index.tsx:63 | src/components/modals/InviteUserModal/index.tsx:55,,"Read-only users can view events, orders and settings, but cannot make any changes.","Οι χρήστες με δικαίωμα μόνο ανάγνωσης μπορούν να δουν συμβάντα, παραγγελίες και ρυθμίσεις, αλλά δεν μπορούν να κάνουν αλλαγές.",
src/components/routes/account/ManageAccount/sections/PaymentSettings/index.tsx:224,,Ready to upgrade? This takes only a few minutes.,Είστε έτοιμοι για αναβάθμιση; Αυτό διαρκεί μόνο λίγα λεπτά.,
src/components/layouts/AuthLayout/index.tsx:41,,Real-Time Analytics,Ανάλυση σε πραγματικό χρόνο,
src/components/routes/auth/AcceptInvitation/index.tsx:157 | src/components/routes/auth/Register/index.tsx:133 | src/components/routes/profile/ManageProfile/index.tsx:209,,Receive product updates from {0}.,Λάβετε ενημερώσεις προϊόντων από την {0}.,
src/components/routes/admin/Dashboard/index.tsx:389,,Recent Account Signups,Πρόσφατες εγγραφές λογαριασμού,
src/components/routes/organizer/OrganizerDashboard/index.tsx:269,,Recent Orders,Πρόσφατες παραγγελίες,
src/components/modals/MessageRecipientsModal/index.tsx:62,,recipient,παραλήπτης,
src/components/modals/SendMessageModal/index.tsx:60,,Recipient,Παραλήπτης,
src/components/modals/MessageRecipientsModal/index.tsx:62,,recipients,παραλήπτες,
src/components/modals/MessageRecipientsModal/index.tsx:38 | src/components/modals/SendMessageModal/index.tsx:297 | src/components/routes/admin/Messages/index.tsx:166 | src/components/routes/admin/Messages/index.tsx:299,,Recipients,Παραλήπτες,
src/components/routes/event/messages.tsx:98,,Recipients are available after the message is sent,Οι παραλήπτες είναι διαθέσιμοι μετά την αποστολή του μηνύματος,
src/components/routes/event/EventDashboard/index.tsx:137,,Reconnect Stripe →,Επανασύνδεση Stripe →,
src/components/routes/organizer/Settings/Sections/SocialLinks/index.tsx:80,,Reddit,Reddit,
src/components/common/StripeConnectButton/index.tsx:59 | src/components/common/StripeConnectButton/index.tsx:74 | src/components/routes/account/ManageAccount/sections/PaymentSettings/index.tsx:326 | src/components/routes/account/ManageAccount/sections/PaymentSettings/index.tsx:339 | src/components/routes/account/ManageAccount/sections/PaymentSettings/index.tsx:579 | src/components/routes/account/ManageAccount/sections/PaymentSettings/index.tsx:597,,Redirecting to Stripe...,Ανακατεύθυνση στο Stripe...,
src/components/routes/admin/Attribution/index.tsx:73,,Referral Accounts,Λογαριασμοί παραπομπής,
src/components/common/EmailTemplateEditor/EmailTemplateEditor.tsx:175,,Refresh Preview,Ανανέωση προεπισκόπησης,
src/components/modals/RefundOrderModal/index.tsx:107,,Refund amount,Ποσό επιστροφής χρημάτων,
src/components/common/OrdersTable/index.tsx:359,,Refund failed,Η επιστροφή χρημάτων απέτυχε,
src/components/routes/product-widget/OrderSummaryAndProducts/index.tsx:68,,Refund Failed,Η επιστροφή χρημάτων απέτυχε,
src/components/common/OrdersTable/index.tsx:168,,Refund order,Εντολή επιστροφής χρημάτων,
src/components/modals/RefundOrderModal/index.tsx:198,,Refund Order {0},Επιστροφή χρημάτων παραγγελίας {0},
src/components/common/OrdersTable/index.tsx:358,,Refund pending,Επιστροφή χρημάτων σε εκκρεμότητα,
src/components/routes/product-widget/OrderSummaryAndProducts/index.tsx:67,,Refund Pending,Επιστροφή χρημάτων σε εκκρεμότητα,
src/components/routes/event/orders.tsx:51 | src/components/routes/product-widget/OrderSummaryAndProducts/index.tsx:273,,Refund Status,Κατάσταση επιστροφής χρημάτων,
src/components/common/OrderSummary/index.tsx:80 | src/components/common/StatBoxes/index.tsx:57 | src/components/routes/event/orders.tsx:29 | src/components/routes/product-widget/OrderSummaryAndProducts/index.tsx:69,,Refunded,Επιστροφή χρημάτων,
src/components/common/OrdersTable/index.tsx:356,,Refunded: {0},Επιστροφή χρημάτων: {0},
src/components/routes/organizer/Reports/EventsPerformanceReport/index.tsx:79 | src/components/routes/organizer/Reports/RevenueSummaryReport/index.tsx:42,,Refunds,Επιστροφές χρημάτων,
src/components/routes/profile/ManageProfile/index.tsx:178,,Regional Settings,Περιφερειακές ρυθμίσεις,
src/components/routes/auth/Register/index.tsx:137,,Register,Εγγραφή,
src/components/common/QuestionsTable/index.tsx:412 | src/components/layouts/Event/index.tsx:109,,Registration Questions,Ερωτήσεις Εγγραφής,
src/components/routes/event/Reports/PromoCodesReport/index.tsx:82,,Remaining Uses,Υπόλοιπες χρήσεις,
src/components/routes/product-widget/SelectProducts/index.tsx:569,,remove,αφαιρώ,
src/components/common/Editor/Controls/InsertImageControl/index.tsx:146 | src/components/common/WaitlistTable/index.tsx:78 | src/components/common/WaitlistTable/index.tsx:111 | src/components/routes/product-widget/SelectProducts/index.tsx:570,,Remove,Αφαιρώ,
src/components/routes/organizer/Reports/ReportLayout/index.tsx:26,,Report not found,Η αναφορά δεν βρέθηκε,
src/components/layouts/Event/index.tsx:99 | src/components/layouts/OrganizerLayout/index.tsx:83 | src/components/routes/event/Reports/index.tsx:39 | src/components/routes/organizer/Reports/index.tsx:51,,Reports,Αναφορές,
src/components/routes/my-tickets/index.tsx:169,,Request a new link,Αίτημα για νέο σύνδεσμο,
src/components/routes/event/Settings/Sections/PaymentSettings/index.tsx:172,,Require Billing Address,Απαιτείται διεύθυνση χρέωσης,
src/components/common/QuestionsTable/index.tsx:118,,Required,Υποχρεούμαι,
src/components/routes/welcome/index.tsx:205,,Resend code,Επανάληψη αποστολής κωδικού,
src/components/routes/product-widget/OrderSummaryAndProducts/index.tsx:256,,Resend Confirmation,Επανάληψη αποστολής επιβεβαίωσης,
src/components/layouts/OrganizerLayout/index.tsx:307,,Resend Confirmation Email,Επανάληψη αποστολής email επιβεβαίωσης,
src/components/layouts/Event/index.tsx:261,,Resend email,Επανάληψη αποστολής email,
src/components/routes/profile/ManageProfile/index.tsx:162,,Resend email confirmation,Επανάληψη αποστολής επιβεβαίωσης μέσω email,
src/components/routes/welcome/index.tsx:204,,Resend in {resendCooldown}s,Επανάληψη αποστολής σε {resendCooldown}s,
src/components/routes/account/ManageAccount/sections/Users/index.tsx:125,,Resend invitation,Επανάληψη αποστολής πρόσκλησης,
src/components/common/OrdersTable/index.tsx:175,,Resend order email,Επανάληψη αποστολής email παραγγελίας,
src/components/routes/product-widget/OrderSummaryAndProducts/index.tsx:131,,Resend Ticket,Επανάληψη Αποστολής Εισιτηρίου,
src/components/common/AttendeeTable/index.tsx:359,,Resend ticket email,Επανάληψη αποστολής email εισιτηρίου,
src/components/routes/profile/ManageProfile/index.tsx:162,,Resending...,Επανάληψη αποστολής...,
src/components/common/OrdersTable/index.tsx:411,,Reserved,Ρεζερβέ,
src/components/common/OrdersTable/index.tsx:305,,Reserved until,Κρατημένο μέχρι,
src/components/common/FilterModal/index.tsx:279,,Reset,Επαναφορά,
src/components/routes/auth/ForgotPassword/index.tsx:57 | src/components/routes/auth/ResetPassword/index.tsx:75,,Reset password,Επαναφορά κωδικού πρόσβασης,
src/components/routes/auth/ResetPassword/index.tsx:75,,Resetting...,Επαναφορά...,
src/components/modals/OrganizerWebhookLogsModal/index.tsx:116,,Response,Απάντηση,
src/components/common/OrganizerWebhookTable/index.tsx:168,,Response Details,Λεπτομέρειες απάντησης,
src/components/routes/event/Settings/Sections/DangerZoneSettings/index.tsx:61 | src/components/routes/organizer/Settings/Sections/DangerZoneSettings/index.tsx:67,,Restore,Επαναφέρω,
src/components/common/EventCard/index.tsx:149,,Restore event,Επαναφορά συμβάντος,
src/components/routes/event/Settings/Sections/DangerZoneSettings/index.tsx:122 | src/components/routes/event/Settings/Sections/DangerZoneSettings/index.tsx:136,,Restore Event,Επαναφορά συμβάντος,
src/components/routes/organizer/Settings/Sections/DangerZoneSettings/index.tsx:128 | src/components/routes/organizer/Settings/Sections/DangerZoneSettings/index.tsx:145,,Restore Organizer,Επαναφορά Οργανωτή,
src/components/routes/event/Settings/Sections/DangerZoneSettings/index.tsx:125,,Restore this event to make it visible again.,Επαναφέρετε αυτό το συμβάν για να το κάνετε ξανά ορατό.,
src/components/routes/organizer/Settings/Sections/DangerZoneSettings/index.tsx:131,,Restore this organizer and make it active again.,Επαναφέρετε αυτόν τον οργανωτή και κάντε τον ξανά ενεργό.,
src/components/routes/admin/FailedJobs/index.tsx:199,,Retry,Δοκιμάζω πάλι,
src/components/routes/admin/FailedJobs/index.tsx:126,,Retry All,Επανάληψη όλων,
src/components/routes/admin/FailedJobs/index.tsx:290,,Retry Job,Επανάληψη εργασίας,
src/components/routes/product-widget/Payment/PaymentMethods/Stripe/index.tsx:52 | src/components/routes/product-widget/Payment/PaymentMethods/Stripe/index.tsx:67,,Return to Event,Επιστροφή στο συμβάν,
src/components/layouts/Checkout/index.tsx:291,,Return to Event Page,Επιστροφή στη σελίδα της εκδήλωσης,
src/components/common/AffiliateTable/index.tsx:162 | src/components/common/EventCard/index.tsx:239 | src/components/routes/admin/Attribution/index.tsx:137 | src/components/routes/event/EventDashboard/index.tsx:287,,Revenue,Πρόσοδος,
src/components/routes/organizer/Reports/index.tsx:17 | src/components/routes/organizer/Reports/RevenueSummaryReport/index.tsx:67,,Revenue Summary,Σύνοψη Εσόδων,
src/components/routes/account/ManageAccount/sections/Users/index.tsx:131,,Revoke invitation,Ανάκληση πρόσκλησης,
src/components/common/WaitlistTable/index.tsx:78,,Revoke Offer,Ανάκληση Προσφοράς,
src/components/modals/EditUserModal/index.tsx:99 | src/components/modals/InviteUserModal/index.tsx:70 | src/components/routes/account/ManageAccount/sections/Users/index.tsx:156,,Role,Ρόλος,
src/components/forms/ProductForm/index.tsx:104 | src/components/forms/ProductForm/index.tsx:457,,Sale End Date,Ημερομηνία λήξης πώλησης,
src/components/common/ProductsTable/SortableProduct/index.tsx:102,,Sale ended {0},Η πώληση έληξε {0},
src/components/common/ProductsTable/SortableProduct/index.tsx:434,,Sale ends {0},Λήξη εκπτώσεων {0},
src/components/common/ProductsTable/SortableProduct/index.tsx:418 | src/components/forms/ProductForm/index.tsx:450,,Sale Period,Περίοδος εκπτώσεων,
src/components/forms/ProductForm/index.tsx:385,,Sale period set,Ορίστηκε περίοδος εκπτώσεων,
src/components/forms/ProductForm/index.tsx:387,,"Sale period, order limits, visibility","Περίοδος πώλησης, όρια παραγγελιών, ορατότητα",
src/components/forms/ProductForm/index.tsx:99 | src/components/forms/ProductForm/index.tsx:455,,Sale Start Date,Ημερομηνία έναρξης πώλησης,
src/components/common/ProductsTable/SortableProduct/index.tsx:424,,Sale starts {0},Έναρξη πωλήσεων {0},
src/components/common/AffiliateTable/index.tsx:150,,Sales,Εμπορικός,
src/components/common/ProductsTable/SortableProduct/index.tsx:104,,Sales are paused,Οι πωλήσεις έχουν διακοπεί,
src/components/common/ProductPriceAvailability/index.tsx:23 | src/components/common/ProductPriceAvailability/index.tsx:53,,Sales ended,Οι πωλήσεις έληξαν,
src/components/common/ProductPriceAvailability/index.tsx:29 | src/components/common/ProductPriceAvailability/index.tsx:58,,Sales start,Έναρξη πωλήσεων,
src/components/routes/organizer/Reports/index.tsx:24,,"Sales, orders, and performance metrics for all events","Πωλήσεις, παραγγελίες και μετρήσεις απόδοσης για όλες τις εκδηλώσεις",
src/components/common/AdminEventsTable/index.tsx:134,,Sales:,Εμπορικός:,
src/components/common/PlatformFeesSettings/index.tsx:177,,Sample ticket price,Δείγμα τιμής εισιτηρίου,
src/components/routes/event/TicketDesigner/TicketDesignerPrint.tsx:80 | src/components/routes/event/TicketDesigner/TicketPreview.tsx:88,,Sample Venue,Δείγμα Χώρου Εκδήλωσης,
src/components/routes/event/Settings/Sections/LocationSettings/index.tsx:138 | src/components/routes/organizer/Settings/Sections/AddressSettings/index.tsx:93,,San Francisco,Σαν Φρανσίσκο,
src/components/common/PlatformFeesSettings/index.tsx:252 | src/components/common/QuestionAndAnswerList/index.tsx:142 | src/components/routes/event/Settings/Sections/EmailSettings/GeneralEmailSettings.tsx:84 | src/components/routes/event/Settings/Sections/EventDetailsForm/index.tsx:131 | src/components/routes/event/Settings/Sections/HomepageAndCheckoutSettings/index.tsx:144 | src/components/routes/event/Settings/Sections/LocationSettings/index.tsx:169 | src/components/routes/event/Settings/Sections/MiscSettings/index.tsx:105 | src/components/routes/event/Settings/Sections/PaymentSettings/index.tsx:268 | src/components/routes/event/Settings/Sections/SeoSettings/index.tsx:88 | src/components/routes/event/Settings/Sections/WaitlistSettings/index.tsx:79 | src/components/routes/organizer/Settings/Sections/AddressSettings/index.tsx:116 | src/components/routes/organizer/Settings/Sections/BasicSettings/index.tsx:132 | src/components/routes/organizer/Settings/Sections/EventDefaults/index.tsx:103 | src/components/routes/organizer/Settings/Sections/SeoSettings/index.tsx:85 | src/components/routes/product-widget/OrderSummaryAndProducts/EditAttendeeModal/index.tsx:88 | src/components/routes/product-widget/OrderSummaryAndProducts/EditOrderModal/index.tsx:88,,Save,Εκτός,
src/components/modals/ManageAttendeeModal/index.tsx:231 | src/components/modals/ManageOrderModal/index.tsx:175 | src/components/routes/admin/Configurations/index.tsx:268 | src/components/routes/event/HomepageDesigner/index.tsx:272 | src/components/routes/organizer/OrganizerHomepageDesigner/index.tsx:283,,Save Changes,Αποθήκευση αλλαγών,
src/components/modals/EditAccountConfigurationModal/index.tsx:115,,Save Configuration,Αποθήκευση διαμόρφωσης,
src/components/modals/EditOrganizerModal/index.tsx:70,,Save Organizer,Αποθήκευση Οργανωτή,
src/components/routes/account/ManageAccount/sections/AccountSettings/index.tsx:90,,Save Settings,Αποθήκευση ρυθμίσεων,
src/components/routes/organizer/Settings/Sections/SocialLinks/index.tsx:263,,Save Social Links,Αποθήκευση κοινωνικών συνδέσμων,
src/components/common/EmailTemplateEditor/EmailTemplateEditor.tsx:200,,Save Template,Αποθήκευση προτύπου,
src/components/routes/event/TicketDesigner/index.tsx:187,,Save Ticket Design,Αποθήκευση Σχεδίου Εισιτηρίου,
src/components/modals/EditAccountVatSettingsModal/index.tsx:168 | src/components/routes/account/ManageAccount/sections/PaymentSettings/VatSettings/VatSettingsForm.tsx:243,,Save VAT Settings,Αποθήκευση ρυθμίσεων ΦΠΑ,
src/components/layouts/CheckIn/index.tsx:500 | src/components/layouts/CheckIn/index.tsx:510,,Scan,Σάρωση,
src/components/modals/SendMessageModal/index.tsx:381,,Schedule for later,Προγραμματισμός για αργότερα,
src/components/modals/SendMessageModal/index.tsx:450,,Schedule Message,Προγραμματισμός μηνύματος,
src/components/common/ProductsTable/SortableProduct/index.tsx:86 | src/components/routes/admin/Messages/index.tsx:125 | src/components/routes/event/messages.tsx:64,,Scheduled,Προγραμματισμένος,
src/components/modals/SendMessageModal/index.tsx:411,,Scheduled time,Προγραμματισμένη ώρα,
src/components/routes/event/Affiliates/index.tsx:71,,Search affiliates...,Αναζήτηση συνεργατών...,
src/components/routes/admin/Accounts/index.tsx:60,,Search by account name or email...,Αναζήτηση με όνομα λογαριασμού ή email...,
src/components/routes/event/attendees.tsx:190,,"Search by attendee name, email or order #...","Αναζήτηση με όνομα συμμετέχοντα, email ή αριθμό παραγγελίας...",
src/components/routes/events/Dashboard/index.tsx:150 | src/components/routes/organizer/Events/index.tsx:49,,Search by event name...,Αναζήτηση με βάση το όνομα του συμβάντος...,
src/components/routes/admin/Events/index.tsx:80,,Search by event title or organizer...,Αναζήτηση με βάση τον τίτλο της εκδήλωσης ή τον διοργανωτή...,
src/components/routes/admin/FailedJobs/index.tsx:142,,Search by job name or exception...,Αναζήτηση με βάση το όνομα της εργασίας ή την εξαίρεση...,
src/components/routes/event/SoldOutWaitlist/index.tsx:56,,Search by name or email...,Αναζήτηση με όνομα ή email...,
src/components/routes/admin/Users/index.tsx:60,,"Search by name, email, or account...","Αναζήτηση με όνομα, email ή λογαριασμό...",
src/components/routes/event/orders.tsx:128,,"Search by name, email, or order #...","Αναζήτηση με όνομα, email ή αριθμό παραγγελίας...",
src/components/layouts/CheckIn/index.tsx:496,,"Search by name, order #, attendee # or email...","Αναζήτηση με όνομα, αριθμό παραγγελίας, αριθμό συμμετέχοντα ή email...",
src/components/routes/event/promo-codes.tsx:38,,Search by name...,Αναζήτηση με όνομα...,
src/components/routes/admin/Orders/index.tsx:47,,"Search by order ID, customer name, or email...","Αναζήτηση με βάση το αναγνωριστικό παραγγελίας, το όνομα του πελάτη ή το email...",
src/components/routes/admin/Messages/index.tsx:113,,"Search by subject, event, or account...","Αναζήτηση ανά θέμα, συμβάν ή λογαριασμό...",
src/components/routes/event/CapacityAssignments/index.tsx:42,,Search capacity assignments...,Αναζήτηση αναθέσεων χωρητικότητας...,
src/components/routes/event/CheckInLists/index.tsx:41,,Search check-in lists...,Αναζήτηση λιστών check-in...,
src/components/routes/event/messages.tsx:247,,Search messages...,Αναζήτηση μηνυμάτων...,
src/components/routes/event/products.tsx:56,,Search products,Αναζήτηση προϊόντων,
src/components/common/SearchBar/index.tsx:36,,Search...,Ερευνα...,
src/components/common/WidgetEditor/index.tsx:199,,Secondary Color,Δευτερεύον χρώμα,
src/components/common/WidgetEditor/index.tsx:205,,Secondary Text Color,Δευτερεύον χρώμα κειμένου,
src/components/common/InlineOrderSummary/index.tsx:224,,Secure Checkout,Ασφαλής ολοκλήρωση αγοράς,
src/components/common/FilterModal/index.tsx:162 | src/components/common/FilterModal/index.tsx:181,,Select {0},Επιλέξτε {0},
src/components/modals/CreateEventModal/index.tsx:186 | src/components/routes/event/Settings/Sections/EventDetailsForm/index.tsx:85,,Select a category,Επιλέξτε μια κατηγορία,
src/components/routes/admin/Accounts/AccountDetail/index.tsx:184,,Select a configuration,Επιλέξτε μια διαμόρφωση,
src/components/routes/event/messages.tsx:349,,Select a message to view its contents,Επιλέξτε ένα μήνυμα για να δείτε το περιεχόμενό του,
src/components/routes/admin/Accounts/AccountDetail/index.tsx:229,,Select a tier,Επιλέξτε ένα επίπεδο,
src/components/common/AdminUsersTable/index.tsx:100,,Select Account,Επιλογή Λογαριασμού,
src/components/modals/DuplicateEventModal/index.tsx:138,,Select All,Επιλογή όλων,
src/components/routes/organizer/Reports/PlatformFeesReport/index.tsx:124,,Select an event,Επιλέξτε ένα συμβάν,
src/components/modals/SendMessageModal/index.tsx:299,,Select attendee group,Επιλογή ομάδας συμμετεχόντων,
src/components/common/AttendeeCheckInTable/QrScannerControls.tsx:47,,Select Camera,Επιλογή κάμερας,
src/components/forms/ProductForm/index.tsx:291,,Select category...,Επιλέξτε κατηγορία...,
src/components/modals/EditAccountVatSettingsModal/index.tsx:133,,Select country,Επιλέξτε χώρα,
src/components/forms/OrganizerForm/index.tsx:51,,Select currency,Επιλέξτε νόμισμα,
src/components/modals/CreateEventModal/index.tsx:235,,Select end date and time,Επιλέξτε ημερομηνία και ώρα λήξης,
src/components/routes/welcome/index.tsx:386,,Select end time,Επιλέξτε ώρα λήξης,
src/components/routes/welcome/index.tsx:340,,Select event category,Επιλέξτε κατηγορία συμβάντος,
src/components/forms/WebhookForm/index.tsx:145,,Select event types,Επιλέξτε τύπους συμβάντων,
src/components/modals/CreateEventModal/index.tsx:156,,Select organizer,Επιλογή διοργανωτή,
src/components/modals/ManageAttendeeModal/index.tsx:118,,Select Product,Επιλέξτε Προϊόν,
src/components/common/ProductSelector/index.tsx:65,,Select Product Tier,Επιλέξτε Επίπεδο Προϊόντος,
src/components/forms/CapaciyAssigmentForm/index.tsx:49 | src/components/modals/SendMessageModal/index.tsx:323,,Select products,Επιλέξτε προϊόντα,
src/components/common/CheckIn/ScannerSelectionModal.tsx:25,,Select Scanner Type,Επιλογή τύπου σαρωτή,
src/components/modals/CreateEventModal/index.tsx:214,,Select start date and time,Επιλέξτε ημερομηνία και ώρα έναρξης,
src/components/routes/welcome/index.tsx:365,,Select start time,Επιλέξτε ώρα έναρξης,
src/components/modals/EditUserModal/index.tsx:110,,Select status,Επιλογή κατάστασης,
src/components/modals/EditAccountVatSettingsModal/index.tsx:132,,Select the country where VAT is registered,Επιλέξτε τη χώρα στην οποία είναι εγγεγραμμένος ο ΦΠΑ,
src/components/routes/admin/Accounts/AccountDetail/index.tsx:225,,Select the messaging tier for this account. This controls message limits and link permissions.,Επιλέξτε το επίπεδο ανταλλαγής μηνυμάτων για αυτόν τον λογαριασμό. Αυτό ελέγχει τα όρια μηνυμάτων και τα δικαιώματα σύνδεσης.,
src/components/modals/CreateAttendeeModal/index.tsx:161,,Select Ticket,Επιλογή εισιτηρίου,
src/components/forms/CheckInListForm/index.tsx:43 | src/components/modals/SendMessageModal/index.tsx:311,,Select tickets,Επιλογή εισιτηρίων,
src/components/common/OrganizerReportTable/index.tsx:317 | src/components/common/ReportTable/index.tsx:261,,Select time period,Επιλέξτε χρονική περίοδο,
src/components/forms/OrganizerForm/index.tsx:60 | src/components/routes/auth/AcceptInvitation/index.tsx:120,,Select timezone,Επιλογή ζώνης ώρας,
src/components/modals/SendMessageModal/index.tsx:298,,Select which attendees should receive this message,Επιλέξτε ποιοι συμμετέχοντες θα πρέπει να λάβουν αυτό το μήνυμα,
src/components/forms/WebhookForm/index.tsx:144,,Select which events will trigger this webhook,Επιλέξτε ποια συμβάντα θα ενεργοποιήσουν αυτό το webhook,
src/components/routes/admin/Accounts/AccountDetail/index.tsx:180,,Select which fee configuration applies to this account. Fixed fees are converted to the order currency at checkout.,Επιλέξτε ποια διαμόρφωση χρέωσης ισχύει για αυτόν τον λογαριασμό. Οι σταθερές χρεώσεις μετατρέπονται στο νόμισμα της παραγγελίας κατά την ολοκλήρωση της αγοράς.,
src/components/forms/ProductForm/index.tsx:404,,Select...,Επιλέγω...,
src/components/common/PlatformFeesSettings/index.tsx:211 | src/components/common/PlatformFeesSettings/index.tsx:234,,Selected,Επιλεγμένο,
src/components/forms/ProductForm/index.tsx:515,,Selling fast 🔥,Πωλείται γρήγορα 🔥,
src/components/routes/auth/Login/index.tsx:160 | src/components/routes/my-tickets/index.tsx:202,,Send,Στέλνω,
src/components/modals/SendMessageModal/index.tsx:222,,Send a message,Στείλτε ένα μήνυμα,
src/components/modals/SendMessageModal/index.tsx:468,,Send as test,Αποστολή ως δοκιμή,
src/components/routes/event/messages.tsx:331,,"Send emails to attendees, ticket holders, or order owners. Messages can be sent immediately or scheduled for later.","Στείλτε email σε συμμετέχοντες, κατόχους εισιτηρίων ή παραγγελιών. Τα μηνύματα μπορούν να αποσταλούν αμέσως ή να προγραμματιστούν για αργότερα.",
src/components/modals/SendMessageModal/index.tsx:476,,Send me a copy,Στείλτε μου ένα αντίγραφο,
src/components/common/ContactOrganizerModal/index.tsx:112 | src/components/modals/SendMessageModal/index.tsx:450,,Send Message,Αποστολή μηνύματος,
src/components/modals/SendMessageModal/index.tsx:373,,Send now,Αποστολή τώρα,
src/components/modals/CreateAttendeeModal/index.tsx:203,,Send order confirmation and ticket email,Αποστολή επιβεβαίωσης παραγγελίας και email με αίτημα παραλαβής εισιτηρίου,
src/components/routes/event/Webhooks/index.tsx:30,,Send real-time order and attendee data to your external systems.,Στείλτε δεδομένα παραγγελιών και συμμετεχόντων σε πραγματικό χρόνο στα εξωτερικά σας συστήματα.,
src/components/modals/RefundOrderModal/index.tsx:124,,Send refund notification email,Αποστολή email ειδοποίησης επιστροφής χρημάτων μέσω email,
src/components/routes/auth/ForgotPassword/index.tsx:70,,Send reset link,Αποστολή συνδέσμου επαναφοράς,
src/components/modals/SendMessageModal/index.tsx:450,,Send Test,Αποστολή δοκιμής,
src/components/routes/event/messages.tsx:342,,Send your first message,Στείλτε το πρώτο σας μήνυμα,
src/components/routes/auth/ForgotPassword/index.tsx:70,,Sending...,Αποστολή...,
src/components/routes/admin/Messages/index.tsx:123,,Sent,Απεστάλη,
src/components/routes/admin/Messages/index.tsx:168 | src/components/routes/admin/Messages/index.tsx:305,,Sent By,Απεστάλη από,
src/components/common/EmailTemplateSettings/EmailTemplateSettingsBase.tsx:207,,Sent to customers when they place an order,Αποστέλλεται στους πελάτες όταν κάνουν μια παραγγελία,
src/components/common/EmailTemplateSettings/EmailTemplateSettingsBase.tsx:208,,Sent to each attendee with their ticket details,Αποστέλλεται σε κάθε συμμετέχοντα με τα στοιχεία του εισιτηρίου του,
src/components/routes/event/Settings/index.tsx:58 | src/components/routes/organizer/Settings/index.tsx:59,,SEO,SEO,
src/components/routes/event/Settings/Sections/SeoSettings/index.tsx:73 | src/components/routes/organizer/Settings/Sections/SeoSettings/index.tsx:70,,SEO Description,Περιγραφή SEO,
src/components/routes/event/Settings/Sections/SeoSettings/index.tsx:79 | src/components/routes/organizer/Settings/Sections/SeoSettings/index.tsx:76,,SEO Keywords,Λέξεις-κλειδιά SEO,
src/components/routes/event/Settings/Sections/SeoSettings/index.tsx:59 | src/components/routes/organizer/Settings/Sections/SeoSettings/index.tsx:56,,SEO Settings,Ρυθμίσεις SEO,
src/components/routes/event/Settings/Sections/SeoSettings/index.tsx:67 | src/components/routes/organizer/Settings/Sections/SeoSettings/index.tsx:64,,SEO Title,Τίτλος SEO,
src/components/forms/TaxAndFeeForm/index.tsx:62,,Service Fee,Τέλος υπηρεσίας,
src/components/forms/ProductForm/index.tsx:168,,Set a minimum price and let users pay more if they choose,"Ορίστε μια ελάχιστη τιμή και επιτρέψτε στους χρήστες να πληρώνουν περισσότερα, αν το επιθυμούν",
src/components/routes/organizer/Settings/Sections/PlatformFeesSettings/index.tsx:43,,Set default platform fee settings for new events created under this organizer.,Ορίστε τις προεπιλεγμένες ρυθμίσεις τελών πλατφόρμας για νέες εκδηλώσεις που δημιουργούνται με αυτόν τον διοργανωτή.,
src/components/routes/organizer/Settings/Sections/EventDefaults/index.tsx:74,,Set default settings for new events created under this organizer.,Ορίστε τις προεπιλεγμένες ρυθμίσεις για νέα συμβάντα που δημιουργούνται με αυτόν τον οργανωτή.,
src/components/routes/event/Settings/Sections/PaymentSettings/index.tsx:210,,Set the starting number for invoice numbering. This cannot be changed once invoices have been generated.,Ορίστε τον αρχικό αριθμό για την αρίθμηση τιμολογίων. Αυτό δεν μπορεί να αλλάξει μετά τη δημιουργία των τιμολογίων.,
src/components/routes/event/CheckInLists/index.tsx:34,,"Set up check-in lists for different entrances, sessions, or days.","Δημιουργήστε λίστες check-in για διαφορετικές εισόδους, συνεδρίες ή ημέρες.",
src/components/routes/event/GettingStarted/index.tsx:145,,Set up your event,Οργανώστε την εκδήλωσή σας,
src/components/routes/welcome/index.tsx:41,,Set up your organization,Δημιουργήστε τον οργανισμό σας,
src/components/routes/event/GettingStarted/index.tsx:188,,Set your event live,Ορίστε ζωντανά την εκδήλωσή σας,
src/components/common/QuestionsTable/index.tsx:373,,Setting updated,Η ρύθμιση ενημερώθηκε,
src/components/common/Editor/Controls/InsertLiquidVariableControl.tsx:48 | src/components/common/Editor/Controls/InsertLiquidVariableControl.tsx:49 | src/components/common/Editor/Controls/InsertLiquidVariableControl.tsx:50 | src/components/common/Editor/Controls/InsertLiquidVariableControl.tsx:81 | src/components/common/Editor/Controls/InsertLiquidVariableControl.tsx:82 | src/components/common/Editor/Controls/InsertLiquidVariableControl.tsx:83 | src/components/layouts/OrganizerLayout/index.tsx:90 | src/components/modals/DuplicateEventModal/index.tsx:26,,Settings,Ρυθμίσεις,
src/components/layouts/Event/index.tsx:105,,Setup & Design,Εγκατάσταση & Σχεδιασμός,
src/components/common/ShareIcon/index.tsx:30 | src/components/layouts/EventHomepage/index.tsx:295 | src/components/layouts/OrganizerLayout/index.tsx:236 | src/components/modals/ShareModal/index.tsx:37 | src/components/modals/ShareModal/index.tsx:165 | src/components/modals/ShareModal/index.tsx:186,,Share,Κοινοποίηση,
src/components/common/AffiliateTable/index.tsx:195 | src/components/common/AffiliateTable/index.tsx:234,,Share Affiliate Link,Κοινοποίηση συνδέσμου συνεργάτη,
src/components/layouts/Event/index.tsx:211 | src/components/layouts/Event/index.tsx:217 | src/components/modals/EventLiveCelebrationModal/index.tsx:102 | src/components/modals/EventLiveCelebrationModal/index.tsx:131,,Share Event,Κοινοποίηση συμβάντος,
src/components/layouts/OrganizerLayout/index.tsx:233 | src/components/layouts/OrganizerLayout/index.tsx:275,,Share Organizer Page,Κοινή χρήση σελίδας οργανωτή,
src/components/routes/event/CapacityAssignments/index.tsx:37,,Shared Capacity Management,Κοινή Διαχείριση Χωρητικότητας,
src/components/routes/organizer/Settings/Sections/SocialLinks/index.tsx:232,,Show all platforms ({0} more with values),Εμφάνιση όλων των πλατφορμών ({0} ακόμη με τιμές),
src/components/forms/ProductForm/index.tsx:475,,Show available product quantity,Εμφάνιση διαθέσιμης ποσότητας προϊόντος,
src/components/routes/event/Settings/Sections/HomepageAndCheckoutSettings/index.tsx:138,,Show data collection disclaimer checkbox,Εμφάνιση πλαισίου ελέγχου αποποίησης ευθύνης συλλογής δεδομένων,
src/components/routes/organizer/Settings/Sections/SocialLinks/index.tsx:230,,Show fewer platforms,Εμφάνιση λιγότερων πλατφορμών,
src/components/routes/event/Settings/Sections/HomepageAndCheckoutSettings/index.tsx:131,,Show marketing opt-in checkbox,Εμφάνιση πλαισίου ελέγχου συμμετοχής στο μάρκετινγκ,
src/components/routes/organizer/Settings/Sections/EventDefaults/index.tsx:88,,Show marketing opt-in checkbox by default,Εμφάνιση πλαισίου ελέγχου συμμετοχής στο μάρκετινγκ από προεπιλογή,
src/components/routes/product-widget/SelectProducts/index.tsx:425 | src/components/routes/product-widget/SelectProducts/index.tsx:524,,Show more,Εμφάνιση περισσότερων,
src/components/routes/organizer/Settings/Sections/SocialLinks/index.tsx:233,,Show more platforms,Εμφάνιση περισσότερων πλατφορμών,
src/components/routes/event/Settings/Sections/MiscSettings/index.tsx:66,,Show tax and fees separately,Εμφάνιση φόρων και τελών ξεχωριστά,
src/components/common/OrganizerReportTable/index.tsx:355,,Showing {0} of {totalRows} records,Εμφάνιση {0} από {totalRows} εγγραφές,
src/components/routes/event/Settings/Sections/HomepageAndCheckoutSettings/index.tsx:105,,"Shown to the customer after they checkout, on the order summary page.","Εμφανίζεται στον πελάτη μετά την ολοκλήρωση της αγοράς, στη σελίδα σύνοψης παραγγελίας.",
src/components/routes/event/Settings/Sections/HomepageAndCheckoutSettings/index.tsx:95,,Shown to the customer before they checkout,Δείχνεται στον πελάτη πριν από την ολοκλήρωση της αγοράς,
src/components/forms/QuestionForm/index.tsx:132,,"Shows common address fields, including country","Εμφανίζει κοινά πεδία διεύθυνσης, συμπεριλαμβανομένης της χώρας",
src/components/routes/admin/Dashboard/index.tsx:402,,Signed Up,Εγγεγραμμένος/η,
src/components/modals/ManageAttendeeModal/index.tsx:111 | src/components/modals/ManageOrderModal/index.tsx:151,,Simpson,Σίμπσον,
src/components/forms/QuestionForm/index.tsx:100,,Single line text box,Πλαίσιο κειμένου μίας γραμμής,
src/components/routes/welcome/index.tsx:497,,Skip this step,Παράλειψη αυτού του βήματος,
src/components/routes/auth/AcceptInvitation/index.tsx:103 | src/components/routes/auth/Register/index.tsx:97,,Smith,Σιδηρουργός,
src/components/routes/organizer/Settings/Sections/SocialLinks/index.tsx:73,,Snapchat,Snapchat,
src/constants/eventCategories.ts:13,,Social,Κοινωνικός,
src/components/routes/organizer/Settings/index.tsx:53,,Social Links,Κοινωνικοί σύνδεσμοι,
src/components/routes/organizer/Settings/Sections/SocialLinks/index.tsx:184,,Social Links & Website,Σύνδεσμοι κοινωνικής δικτύωσης και ιστότοπος,
src/components/common/ProductsTable/SortableProduct/index.tsx:386,,Sold,Πωλήθηκε,
src/components/common/EventCard/index.tsx:117 | src/components/common/ProductPriceAvailability/index.tsx:19 | src/components/common/ProductPriceAvailability/index.tsx:50,,Sold out,Εξαντλημένα,
src/components/common/ProductsTable/SortableProduct/index.tsx:83 | src/components/layouts/EventHomepage/index.tsx:145,,Sold Out,Εξαντλημένα,
src/components/common/ErrorDisplay/index.tsx:15 | src/components/routes/auth/AcceptInvitation/index.tsx:48 | src/components/routes/product-widget/CollectInformation/index.tsx:390 | src/components/routes/product-widget/Payment/PaymentMethods/Stripe/index.tsx:64,,Something went wrong,Κάτι πήγε στραβά,
src/components/common/TaxAndFeeList/index.tsx:39,,Something went wrong while deleting the Tax or Fee,Κάτι πήγε στραβά κατά τη διαγραφή του φόρου ή του τέλους,
src/components/routes/auth/ForgotPassword/index.tsx:32,,"Something went wrong, please try again, or contact support if the problem persists","Κάτι πήγε στραβά, δοκιμάστε ξανά ή επικοινωνήστε με την υποστήριξη εάν το πρόβλημα επιμένει.",
src/components/routes/account/ManageAccount/sections/Users/index.tsx:43 | src/components/routes/account/ManageAccount/sections/Users/index.tsx:57,,Something went wrong! Please try again,Κάτι πήγε στραβά! Παρακαλώ δοκιμάστε ξανά.,
src/components/forms/StripeCheckoutForm/index.tsx:69,,Something went wrong.,Κάτι πήγε στραβά.,
src/components/modals/JoinWaitlistModal/index.tsx:127,,Something went wrong. Please try again later.,Κάτι πήγε στραβά. Δοκιμάστε ξανά αργότερα.,
src/components/layouts/Event/index.tsx:80 | src/components/layouts/OrganizerLayout/index.tsx:108 | src/components/routes/auth/Login/index.tsx:72 | src/components/routes/my-tickets/index.tsx:145 | src/components/routes/profile/ManageProfile/index.tsx:90 | src/components/routes/profile/ManageProfile/index.tsx:104,,Something went wrong. Please try again.,Κάτι πήγε στραβά. Δοκιμάστε ξανά.,
src/components/routes/event/EventDashboard/index.tsx:133,,Sorry for the inconvenience.,Λυπούμαστε για την ταλαιπωρία.,
src/components/routes/product-widget/SelectProducts/index.tsx:294,,"Sorry, this promo code is not recognized","Λυπούμαστε, αυτός ο κωδικός προσφοράς δεν αναγνωρίζεται",
src/components/routes/admin/Attribution/index.tsx:106,,Source,Πηγή,
src/components/common/LanguageSwitcher/index.tsx:20,,Spanish,ισπανικά,
src/constants/eventCategories.ts:8,,Sports,Αθλητισμός,
src/components/forms/ProductForm/index.tsx:156,,Standard product with a fixed price,Τυπικό προϊόν με σταθερή τιμή,
src/components/common/AdminEventsTable/index.tsx:96 | src/components/modals/DuplicateEventModal/index.tsx:124 | src/components/routes/event/Settings/Sections/EventDetailsForm/index.tsx:104,,Start Date,Ημερομηνία έναρξης,
src/components/routes/welcome/index.tsx:364,,Start date & time,Ημερομηνία και ώρα έναρξης,
src/components/modals/CreateEventModal/index.tsx:210,,Start Date & Time,Ημερομηνία και ώρα έναρξης,
src/components/routes/welcome/index.tsx:233,,Start date is required,Απαιτείται ημερομηνία έναρξης,
src/components/common/Editor/Controls/InsertLiquidVariableControl.tsx:36 | src/components/common/Editor/Controls/InsertLiquidVariableControl.tsx:70,,Start time of the event,Ώρα έναρξης της εκδήλωσης,
src/components/common/CheckoutQuestion/index.tsx:165 | src/components/routes/event/Settings/Sections/LocationSettings/index.tsx:142 | src/components/routes/organizer/Settings/Sections/AddressSettings/index.tsx:97 | src/components/routes/product-widget/CollectInformation/index.tsx:543 | src/components/routes/product-widget/CollectInformation/index.tsx:544,,State or Region,Πολιτεία ή Περιφέρεια,
src/components/common/AdminEventsTable/index.tsx:110,,Statistics,Στατιστική,
src/components/routes/admin/Attribution/index.tsx:35,,Statistics are based on account creation date,Τα στατιστικά στοιχεία βασίζονται στην ημερομηνία δημιουργίας του λογαριασμού,
src/components/common/AdminEventsTable/index.tsx:111 | src/components/common/AdminOrdersTable/index.tsx:85 | src/components/common/AffiliateTable/index.tsx:88 | src/components/common/AttendeeTable/index.tsx:274 | src/components/common/OrderDetails/index.tsx:51 | src/components/common/OrdersTable/index.tsx:396 | src/components/common/OrganizerWebhookTable/index.tsx:238 | src/components/common/WaitlistTable/index.tsx:181 | src/components/common/WebhookTable/index.tsx:238 | src/components/forms/AffiliateForm/index.tsx:98 | src/components/forms/CapaciyAssigmentForm/index.tsx:56 | src/components/forms/WebhookForm/index.tsx:157 | src/components/modals/EditUserModal/index.tsx:109 | src/components/routes/account/ManageAccount/sections/Users/index.tsx:158 | src/components/routes/admin/Dashboard/index.tsx:405 | src/components/routes/admin/Messages/index.tsx:120 | src/components/routes/admin/Messages/index.tsx:167 | src/components/routes/admin/Messages/index.tsx:293 | src/components/routes/event/Reports/PromoCodesReport/index.tsx:88 | src/components/routes/organizer/Reports/EventsPerformanceReport/index.tsx:62,,Status,Κατάσταση,
src/components/routes/account/ManageAccount/sections/PaymentSettings/index.tsx:183,,Still handling refunds for your older transactions.,Εξακολουθούμε να διεκπεραιώνουμε τις επιστροφές χρημάτων για τις παλαιότερες συναλλαγές σας.,
src/components/common/ImpersonationBanner/index.tsx:53,,Stop Impersonating,Σταματήστε την πλαστοπροσωπία,
src/components/common/OrdersTable/index.tsx:377 | src/components/routes/admin/Dashboard/index.tsx:424 | src/components/routes/event/Settings/Sections/PaymentSettings/index.tsx:88,,Stripe,Ταινία,
src/components/routes/account/ManageAccount/sections/PaymentSettings/index.tsx:162,,Stripe Connect,Stripe Connect,
src/components/routes/admin/Attribution/index.tsx:135,,Stripe Connected,Συνδεδεμένο Stripe,
src/components/routes/admin/Messages/index.tsx:73,,Stripe Not Connected,Η λωρίδα δεν είναι συνδεδεμένη,
src/components/routes/organizer/Reports/PlatformFeesReport/index.tsx:104,,Stripe Payment ID,Αναγνωριστικό πληρωμής Stripe,
src/components/routes/product-widget/Payment/PaymentMethods/Stripe/index.tsx:50,,Stripe payments are not enabled for this event.,Οι πληρωμές μέσω Stripe δεν είναι ενεργοποιημένες για αυτό το συμβάν.,
src/components/common/StripeConnectButton/index.tsx:69,,Stripe setup is already complete.,Η ρύθμιση της λωρίδας έχει ήδη ολοκληρωθεί.,
src/components/common/EmailTemplateEditor/EmailTemplateEditor.tsx:127 | src/components/modals/SendMessageModal/index.tsx:347 | src/components/routes/admin/Messages/index.tsx:162 | src/components/routes/admin/Messages/index.tsx:272,,Subject,Θέμα,
src/components/common/EmailTemplateEditor/EmailTemplateEditor.tsx:46,,Subject is required,Το θέμα είναι υποχρεωτικό,
src/components/common/EmailTemplateEditor/EmailTemplatePreviewPane.tsx:30,,Subject will appear here,Το θέμα θα εμφανιστεί εδώ,
src/components/common/EmailTemplateSettings/EmailTemplateSettingsBase.tsx:257,,Subject:,Θέμα:,
src/components/common/InlineOrderSummary/index.tsx:139 | src/components/common/OrderSummary/index.tsx:41,,Subtotal,Μερικό σύνολο,
src/components/common/OrdersTable/index.tsx:101 | src/components/common/OrganizerWebhookTable/index.tsx:149 | src/components/layouts/Checkout/index.tsx:108,,Success,Επιτυχία,
src/components/modals/EditUserModal/index.tsx:40 | src/components/modals/InviteUserModal/index.tsx:32,,Success! {0} will receive an email shortly.,Επιτυχία! Ο χρήστης {0} θα λάβει σύντομα ένα μήνυμα ηλεκτρονικού ταχυδρομείου.,
src/components/common/AttendeeTable/index.tsx:96,,Successfully {0} attendee,Επιτυχής {0} συμμετέχων,
src/components/routes/profile/ConfirmEmailAddress/index.tsx:23,,Successfully confirmed email address,Η διεύθυνση ηλεκτρονικού ταχυδρομείου επιβεβαιώθηκε με επιτυχία,
src/components/routes/profile/ConfirmEmailChange/index.tsx:31,,Successfully confirmed email change,Η αλλαγή email επιβεβαιώθηκε με επιτυχία,
src/components/modals/CreateAttendeeModal/index.tsx:93,,Successfully created attendee,Ο συμμετέχων δημιουργήθηκε με επιτυχία,
src/components/modals/CreateProductModal/index.tsx:55,,Successfully Created Product,Προϊόν που δημιουργήθηκε με επιτυχία,
src/components/modals/CreatePromoCodeModal/index.tsx:39,,Successfully Created Promo Code,Ο κωδικός προσφοράς δημιουργήθηκε με επιτυχία,
src/components/modals/CreateQuestionModal/index.tsx:46 | src/components/modals/EditQuestionModal/index.tsx:66,,Successfully Created Question,Η ερώτηση δημιουργήθηκε με επιτυχία,
src/components/modals/DuplicateProductModal/index.tsx:99,,Successfully Duplicated Product,Επιτυχής αντιγραφή προϊόντος,
src/components/common/WaitlistTable/index.tsx:121,,Successfully offered a spot,Προσφέρθηκε με επιτυχία μια θέση,
src/components/modals/OfferWaitlistModal/index.tsx:63,,Successfully offered tickets to {count} people,Προσφέρθηκαν με επιτυχία εισιτήρια σε {count} άτομα,
src/components/modals/OfferWaitlistModal/index.tsx:62,,Successfully offered tickets to 1 person,Προσφέρθηκαν με επιτυχία εισιτήρια σε 1 άτομο,
src/components/common/WaitlistTable/index.tsx:104,,Successfully removed from waitlist,Η κατάργηση από τη λίστα αναμονής ολοκληρώθηκε με επιτυχία,
src/components/routes/organizer/Settings/Sections/AddressSettings/index.tsx:56,,Successfully Updated Address,Η διεύθυνση ενημερώθηκε με επιτυχία,
src/components/modals/ManageAttendeeModal/index.tsx:96,,Successfully updated attendee,Ο συμμετέχων ενημερώθηκε με επιτυχία,
src/components/modals/EditCapacityAssignmentModal/index.tsx:47,,Successfully updated Capacity Assignment,Η Εκχώρηση Χωρητικότητας ενημερώθηκε με επιτυχία,
src/components/modals/EditCheckInListModal/index.tsx:50,,Successfully updated Check-In List,Η λίστα check-in ενημερώθηκε με επιτυχία,
src/components/routes/event/Settings/Sections/EmailSettings/GeneralEmailSettings.tsx:47,,Successfully Updated Email Settings,Οι ρυθμίσεις ηλεκτρονικού ταχυδρομείου ενημερώθηκαν με επιτυχία,
src/components/routes/event/Settings/Sections/EventDetailsForm/index.tsx:59,,Successfully Updated Event,Η ενημέρωση του συμβάντος ολοκληρώθηκε με επιτυχία,
src/components/routes/organizer/Settings/Sections/EventDefaults/index.tsx:62,,Successfully Updated Event Defaults,Επιτυχής ενημέρωση προεπιλογών συμβάντος,
src/components/routes/event/HomepageDesigner/index.tsx:101 | src/components/routes/organizer/OrganizerHomepageDesigner/index.tsx:92,,Successfully Updated Homepage Design,Η σχεδίαση της αρχικής σελίδας ενημερώθηκε με επιτυχία,
src/components/routes/event/Settings/Sections/HomepageAndCheckoutSettings/index.tsx:76,,Successfully Updated Homepage Settings,Οι ρυθμίσεις της αρχικής σελίδας ενημερώθηκαν με επιτυχία,
src/components/routes/event/Settings/Sections/LocationSettings/index.tsx:76,,Successfully Updated Location,Η τοποθεσία ενημερώθηκε με επιτυχία,
src/components/routes/event/Settings/Sections/MiscSettings/index.tsx:49,,Successfully Updated Misc Settings,Επιτυχής ενημέρωση διαφόρων ρυθμίσεων,
src/components/modals/ManageOrderModal/index.tsx:74,,Successfully updated order,Η παραγγελία ενημερώθηκε με επιτυχία,
src/components/routes/organizer/Settings/Sections/BasicSettings/index.tsx:40,,Successfully Updated Organizer,Ο Οργανωτής ενημερώθηκε με επιτυχία,
src/components/routes/event/Settings/Sections/PaymentSettings/index.tsx:77,,Successfully Updated Payment & Invoicing Settings,Οι ρυθμίσεις πληρωμής και τιμολόγησης ενημερώθηκαν με επιτυχία,
src/components/routes/organizer/Settings/Sections/PlatformFeesSettings/index.tsx:29,,Successfully Updated Platform Fee Defaults,Επιτυχής ενημέρωση προεπιλογών τελών πλατφόρμας,
src/components/routes/event/Settings/Sections/PlatformFeesSettings/index.tsx:35,,Successfully Updated Platform Fee Settings,Οι ρυθμίσεις τελών πλατφόρμας ενημερώθηκαν με επιτυχία,
src/components/modals/EditProductModal/index.tsx:95,,Successfully updated product,Το προϊόν ενημερώθηκε με επιτυχία,
src/components/modals/EditPromoCodeModal/index.tsx:52,,Successfully Updated Promo Code,Ο κωδικός προσφοράς ενημερώθηκε με επιτυχία,
src/components/routes/event/Settings/Sections/SeoSettings/index.tsx:48,,Successfully Updated Seo Settings,Οι ρυθμίσεις SEO ενημερώθηκαν με επιτυχία,
src/components/routes/organizer/Settings/Sections/SeoSettings/index.tsx:45,,Successfully Updated SEO Settings,Οι ρυθμίσεις SEO ενημερώθηκαν με επιτυχία,
src/components/routes/event/Settings/Sections/WaitlistSettings/index.tsx:43,,Successfully Updated Settings,Οι ρυθμίσεις ενημερώθηκαν με επιτυχία,
src/components/routes/organizer/Settings/Sections/SocialLinks/index.tsx:170,,Successfully Updated Social Links,Οι σύνδεσμοι κοινωνικής δικτύωσης ενημερώθηκαν με επιτυχία,
src/components/modals/EditOrganizerWebhookModal/index.tsx:44 | src/components/modals/EditWebhookModal/index.tsx:44,,Successfully updated Webhook,Το Webhook ενημερώθηκε με επιτυχία,
src/components/routes/event/Settings/Sections/LocationSettings/index.tsx:131 | src/components/routes/organizer/Settings/Sections/AddressSettings/index.tsx:86,,Suite 100,Σουίτα 100,
src/components/common/ProgressStepper/index.tsx:20 | src/components/common/ProgressStepper/index.tsx:24,,Summary,Σύνοψη,
src/components/modals/CreateEventModal/index.tsx:177 | src/components/modals/DuplicateEventModal/index.tsx:110 | src/components/routes/event/Settings/Sections/EventDetailsForm/index.tsx:78,,Summer Music Festival {0},Φεστιβάλ Θερινής Μουσικής {0},
src/components/routes/welcome/index.tsx:353,,Summer Music Festival 2025,Φεστιβάλ Θερινής Μουσικής 2025,
src/components/common/Editor/Controls/InsertLiquidVariableControl.tsx:48 | src/components/common/Editor/Controls/InsertLiquidVariableControl.tsx:81 | src/components/routes/event/Settings/Sections/EmailSettings/GeneralEmailSettings.tsx:66,,Support Email,Ηλεκτρονικό ταχυδρομείο υποστήριξης,
src/components/common/LanguageSwitcher/index.tsx:44,,Swedish,σουηδικά,
src/components/layouts/OrganizerLayout/index.tsx:73 | src/components/modals/SwitchOrganizerModal/index.tsx:46,,Switch Organizer,Οργάνωση εναλλαγής,
src/components/routes/admin/Configurations/index.tsx:85,,System Default,Προεπιλογή συστήματος,
src/components/forms/ProductForm/index.tsx:275,,T-shirt,Μπλουζάκι,
src/components/routes/account/ManageAccount/sections/PaymentSettings/index.tsx:85,,Takes just a few minutes,Διαρκεί μόνο λίγα λεπτά,
src/components/common/AdminOrdersTable/index.tsx:84 | src/components/common/OrdersTable/index.tsx:351 | src/components/forms/TaxAndFeeForm/index.tsx:12 | src/components/forms/TaxAndFeeForm/index.tsx:39 | src/components/modals/CreateTaxOrFeeModal/index.tsx:36 | src/components/modals/CreateTaxOrFeeModal/index.tsx:59 | src/components/modals/EditTaxOrFeeModal/index.tsx:42 | src/components/modals/EditTaxOrFeeModal/index.tsx:52 | src/components/modals/EditTaxOrFeeModal/index.tsx:59,,Tax,Φόρος,
src/components/routes/account/ManageAccount/index.tsx:27 | src/components/routes/account/ManageAccount/sections/TaxSettings/index.tsx:18,,Tax & Fees,Φόροι και τέλη,
src/components/routes/organizer/Reports/index.tsx:30,,Tax collected grouped by tax type and event,Φόρος που εισπράχθηκε ομαδοποιημένος ανά τύπο φόρου και συμβάν,
src/components/routes/event/Settings/Sections/PaymentSettings/index.tsx:246,,Tax Details,Στοιχεία Φορολογίας,
src/components/routes/event/Settings/Sections/PaymentSettings/index.tsx:247,,"Tax information to appear at the bottom of all invoices (e.g., VAT number, tax registration)","Φορολογικές πληροφορίες που θα εμφανίζονται στο κάτω μέρος όλων των τιμολογίων (π.χ. ΑΦΜ, φορολογικό μητρώο)",
src/components/routes/organizer/Reports/TaxSummaryReport/index.tsx:38,,Tax Name,Όνομα Φόρου,
src/components/common/TaxAndFeeList/index.tsx:36,,Tax or Fee deleted successfully,Ο φόρος ή το τέλος διαγράφηκαν με επιτυχία.,
src/components/routes/organizer/Reports/index.tsx:29 | src/components/routes/organizer/Reports/TaxSummaryReport/index.tsx:62,,Tax Summary,Σύνοψη Φόρων,
src/components/common/InlineOrderSummary/index.tsx:180 | src/components/forms/ProductForm/index.tsx:406 | src/components/routes/organizer/Reports/RevenueSummaryReport/index.tsx:48,,Taxes,Φόροι,
src/components/common/ProductsTable/SortableProduct/index.tsx:145,,Taxes & fees applied,Εφαρμοσμένοι φόροι και τέλη,
src/components/forms/ProductForm/index.tsx:398 | src/components/forms/ProductForm/index.tsx:403,,Taxes and Fees,Φόροι και Τέλη,
src/components/forms/ProductForm/index.tsx:383,,Taxes configured,Διαμορφωμένοι φόροι,
src/components/forms/ProductForm/index.tsx:376,,"Taxes, Fees, Visibility, Sale Period, Product Highlight & Order Limits","Φόροι, Τέλη, Ορατότητα, Περίοδος Εκπτώσεων, Παρουσίαση Προϊόντος & Όρια Παραγγελίας",
src/components/layouts/AuthLayout/index.tsx:56,,Team Management,Διαχείριση Ομάδας,
src/constants/eventCategories.ts:18,,Tech,Τεχνολογία,
src/components/routes/organizer/Settings/Sections/SocialLinks/index.tsx:96,,Telegram,Τηλεγράφημα,
src/components/modals/CreateEventModal/index.tsx:198,,Tell people what to expect at your event,Πείτε στους ανθρώπους τι να περιμένουν στην εκδήλωσή σας,
src/components/modals/CreateEventModal/index.tsx:128,,Tell us about your event,Πείτε μας για την εκδήλωσή σας,
src/components/routes/welcome/index.tsx:44,,Tell us about your organization. This information will be displayed on your event pages.,Πείτε μας για τον οργανισμό σας. Αυτές οι πληροφορίες θα εμφανίζονται στις σελίδες των εκδηλώσεών σας.,
src/components/common/EmailTemplateEditor/EmailTemplateEditor.tsx:190,,Template Active,Πρότυπο Ενεργό,
src/components/common/EmailTemplateSettings/EmailTemplateSettingsBase.tsx:166,,Template created successfully,Το πρότυπο δημιουργήθηκε με επιτυχία,
src/components/common/EmailTemplateSettings/EmailTemplateSettingsBase.tsx:114,,Template deleted successfully,Το πρότυπο διαγράφηκε με επιτυχία.,
src/components/common/EmailTemplateSettings/EmailTemplateSettingsBase.tsx:135,,Template saved successfully,Το πρότυπο αποθηκεύτηκε με επιτυχία,
src/components/layouts/EventHomepage/index.tsx:605 | src/components/layouts/OrganizerHomepage/index.tsx:335,,Terms of Service,Όροι Παροχής Υπηρεσιών,
src/components/common/ThemeColorControls/index.tsx:107,,Text may be hard to read,Το κείμενο μπορεί να είναι δύσκολο να διαβαστεί,
src/components/routes/event/TicketDesigner/index.tsx:162,,Thank you for attending!,Σας ευχαριστούμε που παρευρεθήκατε!,
src/components/routes/account/ManageAccount/sections/PaymentSettings/index.tsx:91,,Thanks for your support as we continue to grow and improve Hi.Events!,Σας ευχαριστούμε για την υποστήριξή σας καθώς συνεχίζουμε να αναπτυσσόμαστε και να βελτιώνουμε το Hi.Events!,
src/components/routes/product-widget/SelectProducts/index.tsx:186 | src/components/routes/product-widget/SelectProducts/index.tsx:234,,That promo code is invalid,Αυτός ο κωδικός προσφοράς δεν είναι έγκυρος,
src/components/common/ThemeColorControls/index.tsx:62,,"The background color of the page. When using cover image, this is applied as an overlay.","Το χρώμα φόντου της σελίδας. Όταν χρησιμοποιείτε εικόνα εξωφύλλου, αυτό εφαρμόζεται ως επικάλυψη.",
src/components/layouts/CheckIn/index.tsx:375,,The check-in list you are looking for does not exist.,Η λίστα check-in που αναζητάτε δεν υπάρχει.,
src/components/routes/welcome/index.tsx:211,,The code will expire in 10 minutes. Check your spam folder if you don't see the email.,Ο κωδικός θα λήξει σε 10 λεπτά. Ελέγξτε τον φάκελο ανεπιθύμητης αλληλογραφίας σας εάν δεν βλέπετε το email.,
src/components/routes/admin/Configurations/index.tsx:228,,The currency in which the fixed fee is defined. It will be converted to the order currency at checkout.,Το νόμισμα στο οποίο ορίζεται η σταθερή χρέωση. Θα μετατραπεί στο νόμισμα της παραγγελίας κατά την ολοκλήρωση της αγοράς.,
src/components/common/Editor/Controls/InsertLiquidVariableControl.tsx:30,,The currency of the order,Το νόμισμα της παραγγελίας,
src/components/routes/account/ManageAccount/sections/AccountSettings/index.tsx:75 | src/components/routes/organizer/Settings/Sections/BasicSettings/index.tsx:118,,The default currency for your events.,Το προεπιλεγμένο νόμισμα για τις εκδηλώσεις σας.,
src/components/routes/account/ManageAccount/sections/AccountSettings/index.tsx:84 | src/components/routes/organizer/Settings/Sections/BasicSettings/index.tsx:127,,The default timezone for your events.,Η προεπιλεγμένη ζώνη ώρας για τα συμβάντα σας.,
src/components/routes/product-widget/OrderSummaryAndProducts/EditAttendeeModal/index.tsx:78,,The email address has been changed. The attendee will receive a new ticket at the updated email address.,Η διεύθυνση ηλεκτρονικού ταχυδρομείου έχει αλλάξει. Ο συμμετέχων θα λάβει ένα νέο εισιτήριο στην ενημερωμένη διεύθυνση ηλεκτρονικού ταχυδρομείου.,
src/components/common/Editor/Controls/InsertLiquidVariableControl.tsx:40 | src/components/common/Editor/Controls/InsertLiquidVariableControl.tsx:74,,The event venue,Ο χώρος της εκδήλωσης,
src/components/layouts/EventHomepage/EventNotAvailable/index.tsx:10 | src/components/layouts/EventHomepage/EventNotAvailable/index.tsx:12,,"The event you're looking for is not available at the moment. It may have been removed, expired, or the URL might be incorrect.","Η εκδήλωση που αναζητάτε δεν είναι διαθέσιμη αυτήν τη στιγμή. Ενδέχεται να έχει καταργηθεί, να έχει λήξει ή η διεύθυνση URL να είναι εσφαλμένη.",
src/components/common/Editor/Controls/InsertLiquidVariableControl.tsx:37 | src/components/common/Editor/Controls/InsertLiquidVariableControl.tsx:71,,The full event address,Η πλήρης διεύθυνση της εκδήλωσης,
src/components/modals/CancelOrderModal/index.tsx:77,,The full order amount will be refunded to the customer's original payment method.,Το πλήρες ποσό της παραγγελίας θα επιστραφεί στην αρχική μέθοδο πληρωμής του πελάτη.,
src/components/modals/CreateAttendeeModal/index.tsx:157,,The language the attendee will receive emails in.,Η γλώσσα στην οποία θα λαμβάνει τα μηνύματα ηλεκτρονικού ταχυδρομείου ο συμμετέχων.,
src/components/routes/product-widget/OrderSummaryAndProducts/LinkExpiredMessage/index.tsx:30,,The link you are trying to access has expired or is no longer valid. Please check your email for an updated link to manage your order.,Ο σύνδεσμος στον οποίο προσπαθείτε να αποκτήσετε πρόσβαση έχει λήξει ή δεν είναι πλέον έγκυρος. Ελέγξτε το email σας για έναν ενημερωμένο σύνδεσμο για τη διαχείριση της παραγγελίας σας.,
src/components/routes/profile/ConfirmEmailChange/index.tsx:22,,The link you clicked is invalid.,Ο σύνδεσμος στον οποίο κάνατε κλικ δεν είναι έγκυρος.,
src/components/common/Editor/Controls/InsertLiquidVariableControl.tsx:29,,The locale of the customer,Η τοποθεσία του πελάτη,
src/components/routes/product-widget/SelectProducts/index.tsx:509,,The maximum number of products for {0}is {1},Ο μέγιστος αριθμός προϊόντων για {0} είναι {1},
src/components/layouts/PublicOrganizer/OrganizerNotFound/index.tsx:9 | src/components/layouts/PublicOrganizer/OrganizerNotFound/index.tsx:11,,"The organizer you're looking for could not be found. The page may have been moved, deleted, or the URL might be incorrect.","Δεν ήταν δυνατή η εύρεση του οργανωτή που αναζητάτε. Η σελίδα ενδέχεται να έχει μετακινηθεί, να έχει διαγραφεί ή η διεύθυνση URL ενδέχεται να είναι εσφαλμένη.",
src/components/common/ErrorDisplay/index.tsx:18,,The page you are looking for does not exist,Η σελίδα που αναζητάτε δεν υπάρχει,
src/components/common/PlatformFeesSettings/index.tsx:215,,"The platform fee is added to the ticket price. Buyers pay more, but you receive the full ticket price.","Το τέλος πλατφόρμας προστίθεται στην τιμή του εισιτηρίου. Οι αγοραστές πληρώνουν περισσότερα, αλλά εσείς λαμβάνετε την πλήρη τιμή του εισιτηρίου.",
src/components/routes/event/Settings/Sections/MiscSettings/index.tsx:62,,The price displayed to the customer will include taxes and fees.,Η τιμή που θα εμφανίζεται στον πελάτη θα περιλαμβάνει φόρους και τέλη.,
src/components/routes/event/Settings/Sections/MiscSettings/index.tsx:68,,The price displayed to the customer will not include taxes and fees. They will be shown separately,Η τιμή που εμφανίζεται στον πελάτη δεν θα περιλαμβάνει φόρους και τέλη. Θα εμφανίζονται ξεχωριστά.,
src/components/common/ThemeColorControls/index.tsx:52,,The primary brand color used for buttons and highlights,Το κύριο χρώμα της επωνυμίας που χρησιμοποιείται για κουμπιά και επισημάνσεις,
src/components/modals/SendMessageModal/index.tsx:172,,The scheduled time is required,Η προγραμματισμένη ώρα είναι υποχρεωτική,
src/components/modals/SendMessageModal/index.tsx:173,,The scheduled time must be in the future,Η προγραμματισμένη ώρα πρέπει να είναι στο μέλλον,
src/components/common/EmailTemplateSettings/EmailTemplateSettingsBase.tsx:147 | src/components/common/EmailTemplateSettings/EmailTemplateSettingsBase.tsx:178,,The template body contains invalid Liquid syntax. Please correct it and try again.,Το σώμα του προτύπου περιέχει μη έγκυρη σύνταξη Liquid. Διορθώστε την και προσπαθήστε ξανά.,
src/components/routes/event/Settings/Sections/SeoSettings/index.tsx:66 | src/components/routes/organizer/Settings/Sections/SeoSettings/index.tsx:63,,"The title of the event that will be displayed in search engine results and when sharing on social media. By default, the event title will be used","Ο τίτλος της εκδήλωσης που θα εμφανίζεται στα αποτελέσματα των μηχανών αναζήτησης και κατά την κοινοποίηση στα μέσα κοινωνικής δικτύωσης. Από προεπιλογή, θα χρησιμοποιείται ο τίτλος της εκδήλωσης",
src/components/routes/account/ManageAccount/sections/PaymentSettings/VatSettings/VatSettingsForm.tsx:87,,The VAT number could not be validated. Please check the number and try again.,Δεν ήταν δυνατή η επαλήθευση του αριθμού ΦΠΑ. Ελέγξτε τον αριθμό και προσπαθήστε ξανά.,
src/constants/eventCategories.ts:10,,Theater,Θέατρο,
src/components/routes/event/HomepageDesigner/index.tsx:204 | src/components/routes/organizer/OrganizerHomepageDesigner/index.tsx:235,,Theme & Colors,Θέμα & Χρώματα,
src/components/routes/product-widget/SelectProducts/index.tsx:320,,There are no products available for this event,Δεν υπάρχουν διαθέσιμα προϊόντα για αυτήν την εκδήλωση,
src/components/routes/product-widget/SelectProducts/index.tsx:434,,There are no products available in this category,Δεν υπάρχουν διαθέσιμα προϊόντα σε αυτήν την κατηγορία,
src/components/modals/RefundOrderModal/index.tsx:181,,There is a refund pending. Please wait for it to complete before requesting another refund.,Εκκρεμεί επιστροφή χρημάτων. Περιμένετε να ολοκληρωθεί πριν ζητήσετε νέα επιστροφή χρημάτων.,
src/components/common/OrdersTable/index.tsx:78,,There was an error marking the order as paid,Παρουσιάστηκε σφάλμα κατά την επισήμανση της παραγγελίας ως πληρωμένης,
src/hooks/useFormErrorResponseHandler.tsx:28,,There was an error processing your request. Please try again.,Παρουσιάστηκε σφάλμα κατά την επεξεργασία του αιτήματός σας. Δοκιμάστε ξανά.,
src/components/common/OrdersTable/index.tsx:85,,There was an error sending your message,Παρουσιάστηκε σφάλμα κατά την αποστολή του μηνύματός σας,
src/components/routes/event/Settings/Sections/LocationSettings/index.tsx:108,,These details will only be shown if order is completed successfully. Orders awaiting payment will not show this message.,Αυτές οι λεπτομέρειες θα εμφανίζονται μόνο εάν η παραγγελία ολοκληρωθεί με επιτυχία. Οι παραγγελίες που εκκρεμούν πληρωμή δεν θα εμφανίζουν αυτό το μήνυμα.,
src/components/common/WidgetEditor/index.tsx:178,,These settings apply only to copied embed code and won't be stored.,Αυτές οι ρυθμίσεις ισχύουν μόνο για τον αντιγραμμένο κώδικα ενσωμάτωσης και δεν θα αποθηκευτούν.,
src/components/common/EmailTemplateSettings/EmailTemplateSettingsBase.tsx:328,,These templates will be used as defaults for all events in your organization. Individual events can override these templates with their own custom versions.,Αυτά τα πρότυπα θα χρησιμοποιηθούν ως προεπιλογές για όλα τα συμβάντα στον οργανισμό σας. Τα μεμονωμένα συμβάντα μπορούν να αντικαταστήσουν αυτά τα πρότυπα με τις δικές τους προσαρμοσμένες εκδόσεις.,
src/components/common/EmailTemplateSettings/EmailTemplateSettingsBase.tsx:321,,"These templates will override the organizer defaults for this event only. If no custom template is set here, the organizer template will be used instead.","Αυτά τα πρότυπα θα αντικαταστήσουν τις προεπιλογές του διοργανωτή μόνο για αυτό το συμβάν. Εάν δεν έχει οριστεί εδώ προσαρμοσμένο πρότυπο, θα χρησιμοποιηθεί το πρότυπο του διοργανωτή.",
src/components/common/CheckIn/CheckInOptionsModal.tsx:35,,This attendee has an unpaid order.,Αυτός ο συμμετέχων έχει μια απλήρωτη παραγγελία.,
src/components/common/ProductsTable/ProductsBlankSlate/index.tsx:65,,This category doesn't have any products yet.,Αυτή η κατηγορία δεν έχει ακόμη προϊόντα.,
src/components/common/ProductsTable/SortableCategory/index.tsx:114,,This category is hidden from public view,Αυτή η κατηγορία είναι κρυφή από την δημόσια προβολή,
src/components/common/CheckInListList/index.tsx:77,,This check-in list has expired,Αυτή η λίστα check-in έχει λήξει,
src/components/layouts/CheckIn/index.tsx:425,,This check-in list has expired and is no longer available for check-ins.,Αυτή η λίστα check-in έχει λήξει και δεν είναι πλέον διαθέσιμη για check-in.,
src/components/common/CheckInListList/index.tsx:84,,This check-in list is active,Αυτή η λίστα check-in είναι ενεργή,
src/components/common/CheckInListList/index.tsx:81,,This check-in list is not active yet,Αυτή η λίστα check-in δεν είναι ακόμη ενεργή,
src/components/layouts/CheckIn/index.tsx:442,,This check-in list is not yet active and is not available for check-ins.,Αυτή η λίστα check-in δεν είναι ακόμη ενεργή και δεν είναι διαθέσιμη για check-in.,
src/components/layouts/CheckIn/index.tsx:387,,This check-in list is password protected. Please enter the password to continue.,Αυτή η λίστα check-in προστατεύεται με κωδικό πρόσβασης. Εισαγάγετε τον κωδικό πρόσβασης για να συνεχίσετε.,
src/components/forms/AffiliateForm/index.tsx:41,,"This code will be used to track sales. Only letters, numbers, hyphens, and underscores allowed.","Αυτός ο κωδικός θα χρησιμοποιηθεί για την παρακολούθηση των πωλήσεων. Επιτρέπονται μόνο γράμματα, αριθμοί, παύλες και κάτω παύλες.",
src/components/common/ThemeColorControls/index.tsx:104,,This color combination may be hard to read for some users,Αυτός ο συνδυασμός χρωμάτων μπορεί να είναι δύσκολο να διαβαστεί από ορισμένους χρήστες,
src/components/layouts/EventHomepage/index.tsx:334,,This event has ended,Αυτή η εκδήλωση έχει λήξει,
src/components/common/StatusToggle/index.tsx:84,,This event is not published yet,Αυτό το συμβάν δεν έχει δημοσιευτεί ακόμη,
src/components/routes/event/Settings/Sections/PaymentSettings/index.tsx:155,,"This information will be shown on the payment page, order summary page, and order confirmation email.","Αυτές οι πληροφορίες θα εμφανίζονται στη σελίδα πληρωμής, στη σελίδα σύνοψης παραγγελίας και στο email επιβεβαίωσης παραγγελίας.",
src/components/forms/ProductForm/index.tsx:147,,"This is a general product, like a t-shirt or a mug. No ticket will be issued","Αυτό είναι ένα γενικό προϊόν, όπως ένα μπλουζάκι ή μια κούπα. Δεν θα εκδοθεί εισιτήριο.",
src/components/routes/event/Settings/Sections/LocationSettings/index.tsx:94,,This is an online event,Αυτή είναι μια διαδικτυακή εκδήλωση,
src/components/routes/organizer/Settings/Sections/BasicSettings/index.tsx:73,,This is the name of your organizer that will be displayed to your users.,Αυτό είναι το όνομα του οργανωτή σας που θα εμφανίζεται στους χρήστες σας.,
src/components/routes/my-tickets/index.tsx:162,,This link is invalid or has expired.,Αυτός ο σύνδεσμος δεν είναι έγκυρος ή έχει λήξει.,
src/components/routes/product-widget/OrderSummaryAndProducts/LinkExpiredMessage/index.tsx:27,,This link is no longer valid,Αυτός ο σύνδεσμος δεν είναι πλέον έγκυρος,
src/components/routes/event/Settings/Sections/EmailSettings/GeneralEmailSettings.tsx:72,,This message will be included in the footer of all emails sent from this event,Αυτό το μήνυμα θα συμπεριληφθεί στο υποσέλιδο όλων των μηνυμάτων ηλεκτρονικού ταχυδρομείου που αποστέλλονται από αυτό το συμβάν,
src/components/routes/event/Settings/Sections/HomepageAndCheckoutSettings/index.tsx:108,,This message will only be shown if order is completed successfully. Orders awaiting payment will not show this message,Αυτό το μήνυμα θα εμφανίζεται μόνο εάν η παραγγελία ολοκληρωθεί με επιτυχία. Οι παραγγελίες που εκκρεμούν πληρωμή δεν θα εμφανίζουν αυτό το μήνυμα.,
src/components/routes/admin/Configurations/index.tsx:220,,This name is visible to end users,Αυτό το όνομα είναι ορατό στους τελικούς χρήστες,
src/components/forms/StripeCheckoutForm/index.tsx:95,,This order has already been paid.,Αυτή η παραγγελία έχει ήδη πληρωθεί.,
src/components/modals/RefundOrderModal/index.tsx:185,,This order has already been refunded.,Αυτή η παραγγελία έχει ήδη επιστραφεί.,
src/components/routes/product-widget/OrderSummaryAndProducts/index.tsx:354,,This order has been cancelled.,Αυτή η παραγγελία έχει ακυρωθεί.,
src/components/routes/product-widget/CollectInformation/index.tsx:321,,This order has expired. Please start again.,Αυτή η παραγγελία έχει λήξει. Ξεκινήστε ξανά.,
src/components/routes/product-widget/OrderSummaryAndProducts/index.tsx:373,,This order is being processed.,Αυτή η παραγγελία βρίσκεται υπό επεξεργασία.,
src/components/routes/product-widget/CollectInformation/index.tsx:352,,This order is complete,Αυτή η παραγγελία έχει ολοκληρωθεί,
src/components/routes/product-widget/OrderSummaryAndProducts/index.tsx:364,,This order is complete.,Αυτή η παραγγελία έχει ολοκληρωθεί.,
src/components/forms/StripeCheckoutForm/index.tsx:107,,This order page is no longer available.,Αυτή η σελίδα παραγγελίας δεν είναι πλέον διαθέσιμη.,
src/components/routes/product-widget/CollectInformation/index.tsx:334,,This order was abandoned. You can start a new order anytime.,Αυτή η εγγραφή δεν ολοκληρώθηκε. Μπορείτε να ξεκινήσετε μία νέα εγγραφή ανά πάσα στιγμή.,
src/components/routes/product-widget/CollectInformation/index.tsx:362,,This order was cancelled. You can start a new order anytime.,Αυτή η εγγραφή ακυρώθηκε. Μπορείτε να ξεκινήσετε μία νέα εγγραφή ανά πάσα στιγμή.,
src/components/routes/product-widget/CollectInformation/index.tsx:574,,this organizer,αυτός ο διοργανωτής,
src/components/common/StatusToggle/index.tsx:85,,This organizer profile is not published yet,Αυτό το προφίλ διοργανωτή δεν έχει δημοσιευτεί ακόμη,
src/components/forms/ProductForm/index.tsx:486,,This overrides all visibility settings and will hide the product from all customers.,Αυτό παρακάμπτει όλες τις ρυθμίσεις ορατότητας και θα αποκρύψει το προϊόν από όλους τους πελάτες.,
src/components/common/EmailTemplateEditor/EmailTemplatePreviewPane.tsx:69,,This preview shows how your email will look with sample data. Actual emails will use real values.,Αυτή η προεπισκόπηση δείχνει πώς θα φαίνεται το email σας με δείγματα δεδομένων. Τα πραγματικά email θα χρησιμοποιούν πραγματικές τιμές.,
src/components/common/ProductsTable/SortableProduct/index.tsx:75,,This product cannot be deleted because it is associated with an order. You can hide it instead.,Αυτό το προϊόν δεν μπορεί να διαγραφεί επειδή σχετίζεται με μια παραγγελία. Μπορείτε να το αποκρύψετε.,
src/components/forms/ProductForm/index.tsx:141,,This product is a ticket. Buyers will be issued a ticket upon purchase,Αυτό το προϊόν είναι ένα εισιτήριο. Οι αγοραστές θα λαμβάνουν ένα εισιτήριο κατά την αγορά.,
src/components/common/ProductsTable/SortableProduct/index.tsx:331,,This product is highlighted on the event page,Αυτό το προϊόν επισημαίνεται στη σελίδα της εκδήλωσης,
src/components/common/ProductsTable/SortableProduct/index.tsx:100,,This product is sold out,Αυτό το προϊόν έχει εξαντληθεί,
src/components/routes/organizer/Reports/PlatformFeesReport/index.tsx:118,,This report is for informational purposes only. Always consult with a tax professional before using this data for accounting or tax purposes. Please cross-reference with your Stripe dashboard as Hi.Events may be missing historical data.,"Αυτή η αναφορά προορίζεται μόνο για ενημερωτικούς σκοπούς. Συμβουλευτείτε πάντα έναν φοροτεχνικό πριν χρησιμοποιήσετε αυτά τα δεδομένα για λογιστικούς ή φορολογικούς σκοπούς. Παρακαλούμε να κάνετε διασταύρωση με τον πίνακα ελέγχου του Stripe, καθώς ενδέχεται να λείπουν ιστορικά δεδομένα από το Hi.Events.",
src/components/routes/auth/ResetPassword/index.tsx:28,,This reset password link is invalid or expired.,Αυτός ο σύνδεσμος επαναφοράς κωδικού πρόσβασης δεν είναι έγκυρος ή έχει λήξει.,
src/components/layouts/CheckIn/index.tsx:227,,This ticket was just scanned. Please wait before scanning again.,Αυτό το εισιτήριο μόλις σαρώθηκε. Περιμένετε πριν το σαρώσετε ξανά.,
src/components/modals/EditUserModal/index.tsx:71,,"This user is not active, as they have not accepted their invitation.","Αυτός ο χρήστης δεν είναι ενεργός, καθώς δεν έχει αποδεχτεί την πρόσκλησή του.",
src/components/routes/organizer/Settings/Sections/BasicSettings/index.tsx:80,,This will be used for notifications and communication with your users.,Αυτό θα χρησιμοποιηθεί για ειδοποιήσεις και επικοινωνία με τους χρήστες σας.,
src/components/forms/AffiliateForm/index.tsx:82,,"This will not be visible to customers, but helps you identify the affiliate.","Αυτό δεν θα είναι ορατό στους πελάτες, αλλά σας βοηθά να αναγνωρίσετε τον συνεργάτη.",
src/components/common/AttendeeTable/index.tsx:370 | src/components/routes/my-tickets/index.tsx:85,,ticket,εισιτήριο,
src/components/common/Editor/Controls/InsertLiquidVariableControl.tsx:58 | src/components/common/Editor/Controls/InsertLiquidVariableControl.tsx:59 | src/components/common/Editor/Controls/InsertLiquidVariableControl.tsx:60 | src/components/common/ProductsTable/SortableProduct/index.tsx:280 | src/components/common/ProductsTable/SortableProduct/index.tsx:488 | src/components/forms/ProductForm/index.tsx:139 | src/components/modals/CreateAttendeeModal/index.tsx:162,,Ticket,Εισιτήριο,
src/components/common/CheckIn/AttendeeList.tsx:83,,Ticket Cancelled,Το εισιτήριο ακυρώθηκε,
src/components/routes/event/TicketDesigner/index.tsx:107,,Ticket Design,Σχεδιασμός εισιτηρίων,
src/components/routes/event/TicketDesigner/index.tsx:83,,Ticket design saved successfully,Το σχέδιο του εισιτηρίου αποθηκεύτηκε με επιτυχία.,
src/components/layouts/Event/index.tsx:108,,Ticket Designer,Σχεδιαστής εισιτηρίων,
src/components/common/AttendeeTable/index.tsx:75,,Ticket email has been resent to attendee,Το email με το αίτημα αποστολής email έχει αποσταλεί ξανά στον συμμετέχοντα,
src/components/routes/product-widget/PrintProduct/index.tsx:42,,Ticket for,Εισιτήριο για,
src/components/common/Editor/Controls/InsertLiquidVariableControl.tsx:55,,Ticket holder's email,Email κατόχου εισιτηρίου,
src/components/common/Editor/Controls/InsertLiquidVariableControl.tsx:54,,Ticket holder's name,Όνομα κατόχου εισιτηρίου,
src/components/common/MessageList/index.tsx:30,,Ticket holders,Κάτοχοι εισιτηρίων,
src/components/routes/admin/Messages/index.tsx:86 | src/components/routes/admin/Messages/index.tsx:137,,Ticket Holders,Κάτοχοι εισιτηρίων,
src/components/common/AttendeeTicket/index.tsx:168,,Ticket ID,Αναγνωριστικό εισιτηρίου,
src/components/modals/DuplicateEventModal/index.tsx:31,,Ticket Logo,Λογότυπο εισιτηρίου,
src/components/common/Editor/Controls/InsertLiquidVariableControl.tsx:58,,Ticket Name,Όνομα εισιτηρίου,
src/components/routes/product-widget/AttendeeProductAndInformation/index.tsx:22,,Ticket Not Found,Δεν βρέθηκε το εισιτήριο,
src/components/routes/event/products.tsx:91,,Ticket or Product,Εισιτήριο ή Προϊόν,
src/components/routes/event/TicketDesigner/TicketDesignerPrint.tsx:89,,Ticket Preview for,Προεπισκόπηση εισιτηρίου για,
src/components/common/PlatformFeesSettings/index.tsx:52,,Ticket price,Τιμή εισιτηρίου,
src/components/common/Editor/Controls/InsertLiquidVariableControl.tsx:59,,Ticket Price,Τιμή εισιτηρίου,
src/components/routes/product-widget/OrderSummaryAndProducts/index.tsx:500,,Ticket resent successfully,Το εισιτήριο επαναλήφθηκε με επιτυχία,
src/components/common/AttendeeTicket/index.tsx:99 | src/components/routes/event/attendees.tsx:68,,Ticket Type,Τύπος εισιτηρίου,
src/components/common/Editor/Controls/InsertLiquidVariableControl.tsx:60,,Ticket URL,URL εισιτηρίου,
src/components/layouts/Event/index.tsx:112,,Ticketing & Sales,Εισιτήρια & Πωλήσεις,
src/components/routes/my-tickets/index.tsx:85,,tickets,εισιτήρια,
src/components/routes/my-tickets/index.tsx:84,,Tickets,Εισιτήρια,
src/components/layouts/Event/index.tsx:113 | src/components/routes/event/products.tsx:50,,Tickets & Products,Εισιτήρια & Προϊόντα,
src/components/modals/OfferWaitlistModal/index.tsx:90,,Tickets are automatically offered to waitlisted customers when capacity becomes available.,Τα εισιτήρια προσφέρονται αυτόματα στους πελάτες που βρίσκονται σε λίστα αναμονής όταν υπάρχει διαθέσιμη χωρητικότητα.,
src/components/layouts/EventHomepage/index.tsx:152,,Tickets Available,Διαθέσιμα Εισιτήρια,
src/components/routes/product-widget/PrintOrder/index.tsx:40,,Tickets for,Εισιτήρια για,
src/components/routes/admin/Dashboard/index.tsx:140,,Tickets Sold,Εισιτήρια που πουλήθηκαν,
src/components/forms/ProductForm/index.tsx:74,,Tier {0},Επίπεδο {0},
src/components/forms/ProductForm/index.tsx:172,,Tiered Product,Κλιμακωτό προϊόν,
src/components/forms/ProductForm/index.tsx:264,,"Tiered products allow you to offer multiple price options for the same product. This is perfect for early bird products, or offering different price options for different groups of people.",Τα προϊόντα σε επίπεδα σάς επιτρέπουν να προσφέρετε πολλαπλές επιλογές τιμών για το ίδιο προϊόν. Αυτό είναι ιδανικό για προϊόντα early bird ή για την προσφορά διαφορετικών επιλογών τιμών για διαφορετικές ομάδες ατόμων.,
src/components/routes/organizer/Settings/Sections/SocialLinks/index.tsx:70,,TikTok,TikTok,
src/components/layouts/Checkout/index.tsx:217,,Time left:,Χρόνος που απομένει:,
src/components/common/PromoCodeTable/index.tsx:76,,Times used,Φορές χρήσης,
src/components/routes/event/Reports/PromoCodesReport/index.tsx:25,,Times Used,Φορές Χρήσης,
src/components/forms/OrganizerForm/index.tsx:59 | src/components/routes/account/ManageAccount/sections/AccountSettings/index.tsx:82 | src/components/routes/admin/Accounts/AccountDetail/index.tsx:140 | src/components/routes/auth/AcceptInvitation/index.tsx:119 | src/components/routes/event/Settings/Sections/EventDetailsForm/index.tsx:126 | src/components/routes/organizer/Settings/Sections/BasicSettings/index.tsx:125 | src/components/routes/product-widget/OrderSummaryAndProducts/index.tsx:326 | src/components/routes/profile/ManageProfile/index.tsx:187,,Timezone,Ζώνη ώρας,
src/components/forms/PromoCodeForm/index.tsx:66,,TIP,ΑΚΡΟ,
src/components/routes/event/messages.tsx:95,,To,Να,
src/components/routes/admin/Accounts/AccountDetail/index.tsx:207,,"To edit configurations, go to the Configurations section in the admin menu.","Για να επεξεργαστείτε τις ρυθμίσεις, μεταβείτε στην ενότητα Ρυθμίσεις στο μενού διαχειριστή.",
src/components/modals/SendMessageModal/index.tsx:259,,"To increase your limits, contact us at","Για να αυξήσετε τα όριά σας, επικοινωνήστε μαζί μας στο",
src/components/routes/account/ManageAccount/sections/PaymentSettings/index.tsx:662,,"To receive credit card payments, you need to connect your Stripe account. Stripe is our payment processing partner that ensures secure transactions and timely payouts.","Για να λαμβάνετε πληρωμές με πιστωτική κάρτα, πρέπει να συνδέσετε τον λογαριασμό σας Stripe. Η Stripe είναι ο συνεργάτης μας στην επεξεργασία πληρωμών που διασφαλίζει ασφαλείς συναλλαγές και έγκαιρες πληρωμές.",
src/components/common/ColumnVisibilityToggle/index.tsx:26,,Toggle columns,Εναλλαγή στηλών,
src/components/layouts/OrganizerLayout/index.tsx:92,,Tools,Εργαλεία,
src/components/routes/admin/Dashboard/index.tsx:341,,Top Organizers (Last 14 Days),Κορυφαίοι διοργανωτές (Τελευταίες 14 ημέρες),
src/components/common/AdminOrdersTable/index.tsx:81 | src/components/common/InlineOrderSummary/index.tsx:210 | src/components/common/OrderSummary/index.tsx:92,,Total,Σύνολο,
src/components/routes/admin/Dashboard/index.tsx:104,,Total Accounts,Σύνολο Λογαριασμών,
src/components/common/Editor/Controls/InsertLiquidVariableControl.tsx:22,,Total amount paid,Συνολικό ποσό που καταβλήθηκε,
src/components/routes/organizer/Reports/CheckInSummaryReport/index.tsx:35,,Total Attendees,Σύνολο συμμετεχόντων,
src/components/routes/event/Reports/PromoCodesReport/index.tsx:52,,Total Before Discounts,Σύνολο πριν από τις εκπτώσεις,
src/components/routes/organizer/Reports/TaxSummaryReport/index.tsx:49,,Total Collected,Σύνολο συλλεχθέντων,
src/components/routes/event/Reports/PromoCodesReport/index.tsx:58,,Total Discount Amount,Συνολικό Ποσό Έκπτωσης,
src/components/common/WaitlistStats/index.tsx:11,,Total Entries,Συνολικές Συμμετοχές,
src/components/routes/organizer/Reports/PlatformFeesReport/index.tsx:93,,Total Fee,Συνολική χρέωση,
src/components/routes/event/EventDashboard/index.tsx:313 | src/components/routes/organizer/OrganizerDashboard/index.tsx:151 | src/components/routes/organizer/Reports/EventsPerformanceReport/index.tsx:97,,Total Fees,Σύνολο Τελών,
src/components/routes/event/Reports/PromoCodesReport/index.tsx:46,,Total Gross Sales,Συνολικές Ακαθάριστες Πωλήσεις,
src/components/common/OrderDetails/index.tsx:59,,Total order amount,Συνολικό ποσό παραγγελίας,
src/components/routes/organizer/OrganizerDashboard/index.tsx:139,,Total Orders,Συνολικές Παραγγελίες,
src/components/common/OrderDetails/index.tsx:67,,Total refunded,Συνολικό ποσό επιστροφής χρημάτων,
src/components/routes/event/EventDashboard/index.tsx:316,,Total Refunded,Συνολικό Επιστρεφόμενο Ποσό,
src/components/routes/event/EventDashboard/index.tsx:315 | src/components/routes/organizer/OrganizerDashboard/index.tsx:145 | src/components/routes/organizer/Reports/EventsPerformanceReport/index.tsx:91,,Total Tax,Συνολικός Φόρος,
src/components/routes/admin/Dashboard/index.tsx:86,,Total Users,Σύνολο χρηστών,
src/components/routes/admin/Dashboard/index.tsx:307,,Total Views,Συνολικές προβολές,
src/components/routes/admin/Attribution/index.tsx:32,,Track account growth and performance by attribution source,Παρακολουθήστε την ανάπτυξη και την απόδοση του λογαριασμού ανά πηγή απόδοσης,
src/components/layouts/AuthLayout/index.tsx:42,,"Track sales, revenue, and attendance with detailed reports","Παρακολουθήστε τις πωλήσεις, τα έσοδα και την προσέλευση με λεπτομερείς αναφορές",
src/components/routes/account/ManageAccount/sections/PaymentSettings/index.tsx:264,,Transaction Fee:,Χρέωση Συναλλαγής:,
src/components/common/Editor/Controls/InsertLiquidVariableControl.tsx:31 | src/components/common/Editor/Controls/InsertLiquidVariableControl.tsx:65,,True if offline payment,Αληθές εάν η πληρωμή εκτός σύνδεσης είναι ενεργοποιημένη,
src/components/common/Editor/Controls/InsertLiquidVariableControl.tsx:28 | src/components/common/Editor/Controls/InsertLiquidVariableControl.tsx:63,,True if payment pending,Αληθές εάν η πληρωμή εκκρεμεί,
src/components/routes/auth/Login/index.tsx:141 | src/components/routes/my-tickets/index.tsx:183,,Try another email,Δοκιμάστε μια άλλη διεύθυνση ηλεκτρονικού ταχυδρομείου,
src/components/common/PoweredByFooter/index.tsx:55,,Try Hi.Events Free,Δοκιμάστε το Hi.Events δωρεάν,
src/components/common/LanguageSwitcher/index.tsx:40,,Turkish,τούρκικος,
src/components/layouts/CheckIn/index.tsx:503,,Turn sound off,Απενεργοποίηση ήχου,
src/components/layouts/CheckIn/index.tsx:503,,Turn sound on,Ενεργοποίηση ήχου,
src/components/routes/organizer/Settings/Sections/SocialLinks/index.tsx:79,,Twitch,Τράβηγμα,
src/components/forms/TaxAndFeeForm/index.tsx:44 | src/components/routes/admin/Attribution/index.tsx:109 | src/components/routes/admin/Messages/index.tsx:134 | src/components/routes/admin/Messages/index.tsx:165 | src/components/routes/admin/Messages/index.tsx:287,,Type,Τύπος,
src/components/routes/event/Settings/Sections/DangerZoneSettings/index.tsx:98 | src/components/routes/organizer/Settings/Sections/DangerZoneSettings/index.tsx:104,,"Type \""delete\"" to confirm",Πληκτρολογήστε «διαγραφή» για επιβεβαίωση,
src/components/common/Editor/Controls/InsertLiquidVariableControl.tsx:58,,Type of ticket,Τύπος εισιτηρίου,
src/components/layouts/CheckIn/index.tsx:167,,Unable to check in attendee,Δεν είναι δυνατή η εισαγωγή του συμμετέχοντα,
src/components/layouts/CheckIn/index.tsx:192 | src/components/layouts/CheckIn/index.tsx:194,,Unable to check out attendee,Δεν είναι δυνατή η αναχώρηση του συμμετέχοντα,
src/components/modals/CreateProductModal/index.tsx:64,,Unable to create product. Please check the your details,Δεν είναι δυνατή η δημιουργία προϊόντος. Ελέγξτε τα στοιχεία σας.,
src/components/routes/product-widget/SelectProducts/index.tsx:171,,Unable to create product. Please check your details,Δεν είναι δυνατή η δημιουργία προϊόντος. Ελέγξτε τα στοιχεία σας.,
src/components/modals/CreateQuestionModal/index.tsx:61,,Unable to create question. Please check the your details,Δεν είναι δυνατή η δημιουργία ερώτησης. Ελέγξτε τα στοιχεία σας.,
src/components/modals/DuplicateProductModal/index.tsx:107,,Unable to duplicate product. Please check the your details,Δεν είναι δυνατή η αντιγραφή του προϊόντος. Ελέγξτε τα στοιχεία σας.,
src/components/layouts/CheckIn/index.tsx:243,,Unable to fetch attendee,Δεν είναι δυνατή η ανάκτηση του συμμετέχοντα,
src/components/modals/JoinWaitlistModal/index.tsx:124,,Unable to join waitlist,Δεν είναι δυνατή η εγγραφή στη λίστα αναμονής,
src/components/modals/EditQuestionModal/index.tsx:84,,Unable to update question. Please check the your details,Δεν είναι δυνατή η ενημέρωση της ερώτησης. Ελέγξτε τα στοιχεία σας.,
src/components/routes/admin/Attribution/index.tsx:84,,Unattributed Accounts,Μη αποδοθέντες λογαριασμοί,
src/components/routes/event/Reports/PromoCodesReport/index.tsx:30,,Unique Customers,Μοναδικοί Πελάτες,
src/components/common/Editor/Controls/InsertLiquidVariableControl.tsx:21,,Unique order reference,Μοναδική αναφορά παραγγελίας,
src/components/routes/event/Settings/Sections/LocationSettings/index.tsx:156 | src/components/routes/organizer/Settings/Sections/AddressSettings/index.tsx:111,,United States,Ηνωμένες Πολιτείες,
src/components/common/MessageList/index.tsx:44 | src/components/common/MessageList/index.tsx:49 | src/components/routes/event/messages.tsx:29 | src/components/routes/event/messages.tsx:68 | src/components/routes/organizer/OrganizerDashboard/index.tsx:366,,Unknown,Αγνωστος,
src/components/common/QuestionAndAnswerList/index.tsx:284,,Unknown Attendee,Άγνωστος Συμμετέχων,
src/components/common/ProductsTable/SortableProduct/index.tsx:410 | src/components/forms/CapaciyAssigmentForm/index.tsx:43 | src/components/forms/ProductForm/index.tsx:91 | src/components/forms/ProductForm/index.tsx:321 | src/components/forms/PromoCodeForm/index.tsx:112 | src/components/modals/OfferWaitlistModal/index.tsx:189 | src/components/routes/event/Reports/PromoCodesReport/index.tsx:78 | src/components/routes/event/Reports/PromoCodesReport/index.tsx:84,,Unlimited,Απεριόριστος,
src/components/routes/product-widget/SelectProducts/index.tsx:472,,Unlimited available,Απεριόριστα διαθέσιμα,
src/components/common/PromoCodeTable/index.tsx:131,,Unlimited usages allowed,Επιτρέπονται απεριόριστες χρήσεις,
src/components/layouts/CheckIn/index.tsx:410,,Unlock,Ξεκλειδώνω,
src/components/common/CheckIn/CheckInOptionsModal.tsx:34,,Unpaid Order,Μη πληρωμένη παραγγελία,
src/components/routes/event/EventDashboard/index.tsx:208,,Unpublish Event,Κατάργηση δημοσίευσης συμβάντος,
src/components/common/AdminAccountsTable/index.tsx:101,,Untrusted,Μη αξιόπιστο,
src/components/common/EventsDashboardStatusButtons/index.tsx:20 | src/components/common/EventStatusBadge/index.tsx:16 | src/components/layouts/OrganizerHomepage/index.tsx:272 | src/components/routes/organizer/Reports/EventsPerformanceReport/index.tsx:33,,Upcoming,Ανερχόμενος,
src/components/layouts/OrganizerHomepage/index.tsx:265 | src/components/routes/organizer/OrganizerDashboard/index.tsx:234,,Upcoming Events,Προσεχείς Εκδηλώσεις,
src/components/modals/EditTaxOrFeeModal/index.tsx:59,,Update {0},Ενημέρωση {0},
src/components/modals/EditAffiliateModal/index.tsx:108,,Update Affiliate,Ενημέρωση Συνεργάτη,
src/components/routes/event/Settings/Sections/EventDetailsForm/index.tsx:71,,"Update event name, description and dates","Ενημέρωση ονόματος, περιγραφής και ημερομηνιών συμβάντος",
src/components/routes/profile/ManageProfile/index.tsx:214,,Update profile,Ενημέρωση προφίλ,
src/components/routes/account/ManageAccount/sections/PaymentSettings/index.tsx:170,,Upgrade Available,Διαθέσιμη αναβάθμιση,
src/components/routes/organizer/Settings/Sections/ImageAssetSettings/index.tsx:39,,Upload a cover image for your organizer,Ανεβάστε μια εικόνα εξωφύλλου για τον οργανωτή σας,
src/components/routes/organizer/Settings/Sections/ImageAssetSettings/index.tsx:28,,Upload a logo for your organizer,Ανεβάστε ένα λογότυπο για τον διοργανωτή σας,
src/components/common/Editor/Controls/InsertImageControl/index.tsx:104 | src/components/common/Editor/Controls/InsertImageControl/index.tsx:158,,Upload Image,Μεταφόρτωση εικόνας,
src/components/common/Editor/Controls/InsertImageControl/index.tsx:131,,Uploading image...,Μεταφόρτωση εικόνας...,
src/components/common/OrganizerWebhookTable/index.tsx:236 | src/components/common/WebhookTable/index.tsx:236,,URL,URL,
src/components/common/PromoCodeTable/index.tsx:182,,URL copied to clipboard,Η διεύθυνση URL αντιγράφηκε στο πρόχειρο,
src/components/modals/CreateOrganizerWebhookModal/index.tsx:25 | src/components/modals/CreateWebhookModal/index.tsx:25,,URL is required,Απαιτείται διεύθυνση URL,
src/components/common/WidgetEditor/index.tsx:306,,Usage Example,Παράδειγμα Χρήσης,
src/components/routes/event/Reports/PromoCodesReport/index.tsx:76,,Usage Limit,Όριο Χρήσης,
src/components/common/CheckIn/ScannerSelectionModal.tsx:50,,USB Scanner Already Active,Ο σαρωτής USB είναι ήδη ενεργός,
src/components/common/CheckIn/ScannerSelectionModal.tsx:42,,USB Scanner mode activated. Start scanning tickets now.,Η λειτουργία σαρωτή USB ενεργοποιήθηκε. Ξεκινήστε τη σάρωση εισιτηρίων τώρα.,
src/components/common/CheckIn/HidScannerStatus.tsx:48,,USB Scanner mode deactivated,Η λειτουργία σαρωτή USB απενεργοποιήθηκε,
src/components/common/CheckIn/ScannerSelectionModal.tsx:50,,USB/HID Scanner,Σαρωτής USB/HID,
src/components/common/EmailTemplateEditor/EmailTemplateEditor.tsx:150,,Use <0>Liquid templating</0> to personalize your emails,Χρησιμοποιήστε <0>Υγρά πρότυπα</0> για να εξατομικεύσετε τα email σας,
src/components/routes/event/HomepageDesigner/index.tsx:222 | src/components/routes/organizer/OrganizerHomepageDesigner/index.tsx:254,,Use a blurred version of the cover image as the background,Χρησιμοποιήστε μια θολή εκδοχή της εικόνας εξωφύλλου ως φόντο,
src/components/routes/event/HomepageDesigner/index.tsx:220 | src/components/routes/organizer/OrganizerHomepageDesigner/index.tsx:252,,Use cover image,Χρήση εικόνας εξωφύλλου,
src/components/routes/event/Settings/Sections/HomepageAndCheckoutSettings/index.tsx:52 | src/components/routes/organizer/Settings/Sections/EventDefaults/index.tsx:40,,Use order details for all attendees. Attendee names and emails will match the buyer's information.,Χρησιμοποιήστε τα στοιχεία της παραγγελίας για όλους τους συμμετέχοντες. Τα ονόματα και οι διευθύνσεις ηλεκτρονικού ταχυδρομείου των συμμετεχόντων θα ταιριάζουν με τα στοιχεία του αγοραστή.,
src/components/common/QuestionsTable/index.tsx:389,,Use the buyer's details for all attendees,Χρησιμοποιήστε τα στοιχεία του αγοραστή για όλους τους συμμετέχοντες,
src/components/routes/event/TicketDesigner/index.tsx:130,,"Used for borders, highlights, and QR code styling","Χρησιμοποιείται για περιγράμματα, επισημάνσεις και στυλ κωδικού QR",
src/components/routes/account/ManageAccount/sections/Users/index.tsx:155,,User,Μεταχειριζόμενος,
src/components/common/GlobalMenu/index.tsx:55 | src/components/routes/account/ManageAccount/sections/Users/index.tsx:143,,User Management,Διαχείριση χρηστών,
src/components/common/AdminAccountsTable/index.tsx:89 | src/components/common/AdminAccountsTable/index.tsx:109 | src/components/layouts/Admin/index.tsx:15 | src/components/routes/account/ManageAccount/index.tsx:32 | src/components/routes/admin/Accounts/AccountDetail/index.tsx:166 | src/components/routes/admin/Accounts/AccountDetail/index.tsx:316 | src/components/routes/admin/Dashboard/index.tsx:404 | src/components/routes/admin/Users/index.tsx:57,,Users,Χρήστες,
src/components/modals/EditUserModal/index.tsx:87,,Users can change their email in <0>Profile Settings</0>,Οι χρήστες μπορούν να αλλάξουν το email τους στις <0>Ρυθμίσεις προφίλ</0>,
src/components/routes/account/ManageAccount/sections/AccountSettings/index.tsx:83 | src/components/routes/event/Settings/Sections/EventDetailsForm/index.tsx:127 | src/components/routes/organizer/Settings/Sections/BasicSettings/index.tsx:126 | src/components/routes/profile/ManageProfile/index.tsx:188,,UTC,UTC,
src/components/layouts/Admin/index.tsx:19,,UTM Analytics,Αναλυτικά στοιχεία UTM,
src/components/routes/admin/FailedJobs/index.tsx:253,,UUID,UUID,
src/components/routes/admin/Accounts/AccountDetail/index.tsx:289,,Valid,Εγκυρος,
src/components/routes/admin/Accounts/AccountDetail/index.tsx:287,,Validated,Επικυρωμένο,
src/components/routes/account/ManageAccount/sections/PaymentSettings/VatSettings/VatSettingsForm.tsx:71,,Validating your VAT number...,Επικύρωση του ΑΦΜ σας...,
src/components/forms/TaxAndFeeForm/index.tsx:62,,VAT,ΔΕΞΑΜΕΝΗ,
src/components/modals/EditAccountVatSettingsModal/index.tsx:131 | src/components/routes/admin/Accounts/AccountDetail/index.tsx:300,,VAT Country,Χώρα ΦΠΑ,
src/components/routes/account/ManageAccount/sections/PaymentSettings/VatSettings/index.tsx:30,,VAT Information,Πληροφορίες ΦΠΑ,
src/components/routes/account/ManageAccount/sections/PaymentSettings/VatNotice/index.tsx:50,,VAT may be applied to platform fees depending on your VAT registration status. Please complete the VAT information section below.,Ενδέχεται να εφαρμοστεί ΦΠΑ στα τέλη πλατφόρμας ανάλογα με την κατάσταση εγγραφής σας στο μητρώο ΦΠΑ. Συμπληρώστε την παρακάτω ενότητα πληροφοριών ΦΠΑ.,
src/components/modals/EditAccountVatSettingsModal/index.tsx:123 | src/components/routes/account/ManageAccount/sections/PaymentSettings/VatSettings/VatSettingsForm.tsx:216 | src/components/routes/admin/Accounts/AccountDetail/index.tsx:283,,VAT Number,Αριθμός ΦΠΑ,
src/components/routes/account/ManageAccount/sections/PaymentSettings/VatSettings/VatSettingsForm.tsx:24,,VAT number must not contain spaces,Ο αριθμός ΦΠΑ δεν πρέπει να περιέχει κενά.,
src/components/routes/account/ManageAccount/sections/PaymentSettings/VatSettings/VatSettingsForm.tsx:32,,"VAT number must start with a 2-letter country code followed by 8-15 alphanumeric characters (e.g., DE123456789)","Ο αριθμός ΦΠΑ πρέπει να ξεκινά με έναν κωδικό χώρας 2 γραμμάτων ακολουθούμενο από 8-15 αλφαριθμητικούς χαρακτήρες (π.χ., DE123456789)",
src/components/routes/account/ManageAccount/sections/PaymentSettings/VatSettings/VatSettingsForm.tsx:55 | src/components/routes/account/ManageAccount/sections/PaymentSettings/VatSettings/VatSettingsForm.tsx:171,,VAT number validated successfully,Ο αριθμός ΦΠΑ επικυρώθηκε με επιτυχία.,
src/components/routes/account/ManageAccount/sections/PaymentSettings/VatSettings/VatSettingsForm.tsx:84,,VAT number validation failed,Η επαλήθευση του αριθμού ΦΠΑ απέτυχε.,
src/components/routes/account/ManageAccount/sections/PaymentSettings/VatSettings/VatSettingsForm.tsx:173,,VAT number validation failed. Please check your VAT number.,Η επαλήθευση του ΑΦΜ απέτυχε. Ελέγξτε τον ΑΦΜ σας.,
src/components/routes/organizer/Reports/PlatformFeesReport/index.tsx:87,,VAT on Fee,ΦΠΑ επί του τέλους,
src/components/routes/organizer/Reports/PlatformFeesReport/index.tsx:81,,VAT Rate,Συντελεστής ΦΠΑ,
src/components/modals/EditAccountVatSettingsModal/index.tsx:115 | src/components/routes/admin/Accounts/AccountDetail/index.tsx:275,,VAT Registered,Εγγεγραμμένος ΦΠΑ,
src/components/routes/account/ManageAccount/sections/PaymentSettings/VatSettings/index.tsx:44 | src/components/routes/account/ManageAccount/sections/PaymentSettings/VatSettings/VatSettingsModal.tsx:18,,VAT Registration Information,Πληροφορίες Εγγραφής ΦΠΑ,
src/components/routes/admin/Accounts/AccountDetail/index.tsx:261,,VAT Settings,Ρυθμίσεις ΦΠΑ,
src/components/routes/account/ManageAccount/sections/PaymentSettings/VatSettings/VatSettingsForm.tsx:169 | src/components/routes/account/ManageAccount/sections/PaymentSettings/VatSettings/VatSettingsForm.tsx:177,,VAT settings saved successfully,Οι ρυθμίσεις ΦΠΑ αποθηκεύτηκαν με επιτυχία.,
src/components/routes/account/ManageAccount/sections/PaymentSettings/VatSettings/VatSettingsForm.tsx:175,,VAT settings saved. We're validating your VAT number in the background.,Οι ρυθμίσεις ΦΠΑ αποθηκεύτηκαν. Επαληθεύουμε τον αριθμό ΦΠΑ σας στο παρασκήνιο.,
src/components/modals/EditAccountVatSettingsModal/index.tsx:96,,VAT settings updated successfully,Οι ρυθμίσεις ΦΠΑ ενημερώθηκαν με επιτυχία.,
src/components/routes/account/ManageAccount/sections/PaymentSettings/VatSettings/index.tsx:32,,VAT Treatment for Platform Fees,Μεταχείριση ΦΠΑ για Τέλη Πλατφόρμας,
src/components/routes/account/ManageAccount/sections/PaymentSettings/VatSettings/index.tsx:86,,VAT treatment for platform fees: EU VAT-registered businesses can use the reverse charge mechanism (0% - Article 196 of VAT Directive 2006/112/EC). Non-VAT registered businesses are charged Irish VAT at 23%.,Μεταχείριση ΦΠΑ για τέλη πλατφόρμας: Οι επιχειρήσεις που είναι εγγεγραμμένες στο ΦΠΑ της ΕΕ μπορούν να χρησιμοποιήσουν τον μηχανισμό αντίστροφης χρέωσης (0% - Άρθρο 196 της οδηγίας ΦΠΑ 2006/112/ΕΚ). Οι επιχειρήσεις που δεν είναι εγγεγραμμένες στο ΦΠΑ χρεώνονται με ιρλανδικό ΦΠΑ 23%.,
src/components/routes/account/ManageAccount/sections/PaymentSettings/VatSettings/VatSettingsForm.tsx:96,,VAT validation service temporarily unavailable,Η υπηρεσία επικύρωσης ΦΠΑ δεν είναι προσωρινά διαθέσιμη,
src/components/routes/event/Settings/Sections/LocationSettings/index.tsx:119,,Venue Name,Όνομα χώρου,
src/components/routes/welcome/index.tsx:159,,Verification code,Κωδικός επαλήθευσης,
src/components/routes/admin/Attribution/index.tsx:136 | src/components/routes/admin/Dashboard/index.tsx:421,,Verified,Επαληθεύτηκε,
src/components/routes/welcome/index.tsx:187,,Verify Email,Επαλήθευση ηλεκτρονικού ταχυδρομείου,
src/components/layouts/Event/index.tsx:258,,Verify your email,Επαληθεύστε το email σας,
src/components/routes/welcome/index.tsx:187,,Verifying...,Επαλήθευση...,
src/components/common/LanguageSwitcher/index.tsx:38,,Vietnamese,Βιετναμέζικα,
src/components/modals/ManageAttendeeModal/index.tsx:220 | src/components/modals/ManageOrderModal/index.tsx:200,,View,Θέα,
src/components/routes/admin/Messages/index.tsx:108,,View all messages sent across the platform,Δείτε όλα τα μηνύματα που αποστέλλονται σε όλη την πλατφόρμα,
src/components/routes/organizer/Reports/index.tsx:50,,View and download reports across all your events. Only completed orders are included.,Δείτε και κατεβάστε αναφορές για όλες τις εκδηλώσεις σας. Περιλαμβάνονται μόνο οι ολοκληρωμένες παραγγελίες.,
src/components/common/AttendeeList/index.tsx:84,,View Answers,Δείτε τις απαντήσεις,
src/components/common/AttendeeList/index.tsx:103,,View Attendee Details,Προβολή λεπτομερειών συμμετέχοντα,
src/components/common/AdminAccountsTable/index.tsx:73 | src/components/routes/admin/FailedJobs/index.tsx:190,,View Details,Προβολή λεπτομερειών,
src/components/common/AdminEventsTable/index.tsx:157 | src/components/routes/admin/Dashboard/index.tsx:478,,View Event,Προβολή συμβάντος,
src/components/common/EventCard/index.tsx:133,,View event page,Προβολή σελίδας συμβάντος,
src/components/modals/EventLiveCelebrationModal/index.tsx:93,,View Event Page,Προβολή σελίδας συμβάντος,
src/components/common/OrganizerWebhookTable/index.tsx:113 | src/components/common/WebhookTable/index.tsx:113,,View logs,Προβολή αρχείων καταγραφής,
src/components/layouts/EventHomepage/index.tsx:461,,View Map,Προβολή χάρτη,
src/components/routes/admin/Messages/index.tsx:222,,View Message,Προβολή μηνύματος,
src/components/layouts/EventHomepage/index.tsx:374,,View on Google Maps,Προβολή στους Χάρτες Google,
src/components/common/EmailTemplateEditor/CTAConfiguration.tsx:28 | src/components/common/EmailTemplateEditor/EmailTemplateEditor.tsx:57 | src/components/common/EmailTemplateEditor/EmailTemplateEditor.tsx:69 | src/components/common/WaitlistTable/index.tsx:61 | src/components/routes/my-tickets/index.tsx:110,,View Order,Προβολή παραγγελίας,
src/components/routes/product-widget/CollectInformation/index.tsx:354,,View order details,Δείτε τις λεπτομέρειες της παραγγελίας,
src/components/forms/StripeCheckoutForm/index.tsx:96,,View Order Details,Προβολή λεπτομερειών παραγγελίας,
src/components/routes/event/orders.tsx:114,,"View order details, issue refunds, and resend confirmations.","Δείτε λεπτομέρειες παραγγελίας, εκδώστε επιστροφές χρημάτων και στείλτε ξανά επιβεβαιώσεις.",
src/components/layouts/OrganizerLayout/index.tsx:251 | src/components/layouts/OrganizerLayout/index.tsx:254,,View Organizer Homepage,Προβολή αρχικής σελίδας του Οργανωτή,
src/components/common/EmailTemplateEditor/EmailTemplateEditor.tsx:57 | src/components/common/EmailTemplateEditor/EmailTemplateEditor.tsx:69 | src/components/routes/product-widget/OrderSummaryAndProducts/index.tsx:105,,View Ticket,Προβολή Εισιτηρίου,
src/components/routes/event/attendees.tsx:173,,"View, edit, and export your registered attendees.","Προβολή, επεξεργασία και εξαγωγή των εγγεγραμμένων συμμετεχόντων σας.",
src/components/routes/organizer/Settings/Sections/SocialLinks/index.tsx:103,,Vimeo,Vimeo,
src/components/forms/CheckInListForm/index.tsx:38,,VIP check-in list,Λίστα VIP check-in,
src/components/forms/ProductForm/index.tsx:275,,VIP Ticket,Εισιτήριο VIP,
src/components/forms/ProductForm/index.tsx:464,,Visibility,Ορατότητα,
src/components/forms/CheckInListForm/index.tsx:54,,Visible to check-in staff only. Helps identify this list during check-in.,Ορατό μόνο στο προσωπικό check-in. Βοηθά στην αναγνώριση αυτής της λίστας κατά το check-in.,
src/components/routes/organizer/Settings/Sections/SocialLinks/index.tsx:104,,VK,ΒΚ,
src/components/common/WaitlistStats/index.tsx:12 | src/components/common/WaitlistTable/index.tsx:24 | src/components/modals/OfferWaitlistModal/index.tsx:162 | src/components/routes/event/SoldOutWaitlist/index.tsx:71,,Waiting,Αναμονή,
src/components/routes/product-widget/CollectInformation/index.tsx:343,,Waiting for payment,Αναμονή για πληρωμή,
src/components/layouts/Event/index.tsx:123 | src/components/routes/event/Settings/index.tsx:76 | src/components/routes/event/Settings/Sections/WaitlistSettings/index.tsx:54 | src/components/routes/event/SoldOutWaitlist/index.tsx:49,,Waitlist,Λίστα αναμονής,
src/components/common/ProductsTable/SortableProduct/index.tsx:299,,Waitlist Enabled,Λίστα αναμονής ενεργοποιημένη,
src/components/routes/product-widget/CollectInformation/index.tsx:376,,Waitlist offer expired,Η προσφορά λίστας αναμονής έληξε,
src/components/routes/admin/Configurations/index.tsx:212,,Warning: This is the system default configuration. Changes will affect all accounts that don't have a specific configuration assigned.,Προειδοποίηση: Αυτή είναι η προεπιλεγμένη διαμόρφωση συστήματος. Οι αλλαγές θα επηρεάσουν όλους τους λογαριασμούς στους οποίους δεν έχει αντιστοιχιστεί συγκεκριμένη διαμόρφωση.,
src/components/routes/product-widget/PaymentReturn/index.tsx:89,,We could not process your payment. Please try again or contact support.,Δεν ήταν δυνατή η επεξεργασία της πληρωμής σας. Δοκιμάστε ξανά ή επικοινωνήστε με την υποστήριξη.,
src/components/common/ProductsTable/SortableCategory/index.tsx:55,,We couldn't delete the category. Please try again.,Δεν ήταν δυνατή η διαγραφή της κατηγορίας. Δοκιμάστε ξανά.,
src/components/routes/my-tickets/index.tsx:222,,We couldn't find any orders associated with this email address.,Δεν μπορέσαμε να βρούμε παραγγελίες που να σχετίζονται με αυτήν τη διεύθυνση ηλεκτρονικού ταχυδρομείου.,
src/components/common/ProductsTable/ProductsBlankSlate/index.tsx:26,,We couldn't find any tickets matching {0},Δεν μπορέσαμε να βρούμε εισιτήρια που να ταιριάζουν με το {0},
src/components/routes/product-widget/OrderSummaryAndProducts/index.tsx:542,,We couldn't find the order you're looking for. The link may have expired or the order details may have changed.,Δεν μπορέσαμε να βρούμε την παραγγελία που αναζητάτε. Ο σύνδεσμος ενδέχεται να έχει λήξει ή οι λεπτομέρειες της παραγγελίας ενδέχεται να έχουν αλλάξει.,
src/components/routes/product-widget/AttendeeProductAndInformation/index.tsx:23,,We couldn't find the ticket you're looking for. The link may have expired or the ticket details may have changed.,Δεν μπορέσαμε να βρούμε το εισιτήριο που ψάχνετε. Ο σύνδεσμος ενδέχεται να έχει λήξει ή οι λεπτομέρειες του εισιτηρίου ενδέχεται να έχουν αλλάξει.,
src/components/routes/product-widget/CollectInformation/index.tsx:379,,We couldn't find this order. It may have been removed.,Δεν μπορέσαμε να βρούμε αυτήν την παραγγελία. Ενδέχεται να έχει καταργηθεί.,
src/components/common/ErrorLoadingMessage/index.tsx:13,,We couldn't load the data. Please try again.,Δεν ήταν δυνατή η φόρτωση των δεδομένων. Δοκιμάστε ξανά.,
src/components/common/ProductsTable/SortableCategory/index.tsx:96,,We couldn't reorder the categories. Please try again.,Δεν ήταν δυνατή η αναδιάταξη των κατηγοριών. Δοκιμάστε ξανά.,
src/components/routes/product-widget/CollectInformation/index.tsx:391,,We hit a snag loading this page. Please try again.,Αντιμετωπίσαμε κάποιο πρόβλημα κατά τη φόρτωση αυτής της σελίδας. Δοκιμάστε ξανά.,
src/components/routes/event/TicketDesigner/index.tsx:140,,We recommend a square logo with minimum dimensions of 200x200px,Συνιστούμε ένα τετράγωνο λογότυπο με ελάχιστες διαστάσεις 200x200px,
src/components/routes/event/HomepageDesigner/index.tsx:181 | src/components/routes/organizer/OrganizerHomepageDesigner/index.tsx:191,,"We recommend dimensions of 1950px by 650px, a ratio of 3:1, and a maximum file size of 5MB","Συνιστούμε διαστάσεις 1950px επί 650px, αναλογία 3:1 και μέγιστο μέγεθος αρχείου 5MB.",
src/components/routes/organizer/OrganizerHomepageDesigner/index.tsx:212,,"We recommend dimensions of 400px by 400px, and a maximum file size of 5MB",Συνιστούμε διαστάσεις 400px επί 400px και μέγιστο μέγεθος αρχείου 5MB,
src/components/routes/product-widget/PaymentReturn/index.tsx:100,,We were unable to confirm your payment. Please try again or contact support.,Δεν μπορέσαμε να επιβεβαιώσουμε την πληρωμή σας. Δοκιμάστε ξανά ή επικοινωνήστε με την υποστήριξη.,
src/components/routes/account/ManageAccount/sections/PaymentSettings/VatSettings/VatSettingsForm.tsx:99,,We were unable to validate your VAT number after multiple attempts. We'll continue trying in the background. Please check back later.,Δεν μπορέσαμε να επαληθεύσουμε τον ΑΦΜ σας μετά από πολλές προσπάθειες. Θα συνεχίσουμε να προσπαθούμε στο παρασκήνιο. Ελέγξτε ξανά αργότερα.,
src/components/modals/JoinWaitlistModal/index.tsx:100,,We'll notify you by email if a spot becomes available for {productDisplayName}.,Θα σας ειδοποιήσουμε μέσω email εάν υπάρξει διαθέσιμη θέση για το {productDisplayName}.,
src/components/routes/product-widget/CollectInformation/index.tsx:431,,We'll send your tickets to this email,Θα στείλουμε τα εισιτήριά σας σε αυτή την ηλεκτρονική διεύθυνση,
src/components/routes/account/ManageAccount/sections/PaymentSettings/VatSettings/VatSettingsForm.tsx:75,,"We'll validate your VAT number in the background. If there are any issues, we'll let you know.","Θα επαληθεύσουμε τον ΑΦΜ σας στο παρασκήνιο. Εάν προκύψουν προβλήματα, θα σας ενημερώσουμε.",
src/components/routes/product-widget/PaymentReturn/index.tsx:91,,We're processing your order. Please wait...,Επεξεργαζόμαστε την παραγγελία σας. Παρακαλώ περιμένετε...,
src/components/routes/account/ManageAccount/sections/PaymentSettings/index.tsx:74,,"We've officially moved our headquarters to Ireland 🇮🇪. As part of this transition, we're now using Stripe Ireland instead of Stripe Canada. To keep your payouts running smoothly, you'll need to reconnect your Stripe account.","Μεταφέραμε επίσημα την έδρα μας στην Ιρλανδία 🇮🇪. Στο πλαίσιο αυτής της μετάβασης, χρησιμοποιούμε πλέον το Stripe Ireland αντί για το Stripe Canada. Για να διατηρήσετε τις πληρωμές σας ομαλά, θα πρέπει να επανασυνδέσετε τον λογαριασμό σας Stripe.",
src/components/routes/event/EventDashboard/index.tsx:132,,"We've relocated our headquarters to Ireland. As a result, we need you to reconnect your Stripe account. This quick process takes just a few minutes. Your sales and existing data remain completely unaffected.","Έχουμε μεταφέρει την έδρα μας στην Ιρλανδία. Ως εκ τούτου, χρειαζόμαστε να επανασυνδέσετε τον λογαριασμό σας στο Stripe. Αυτή η γρήγορη διαδικασία διαρκεί μόνο λίγα λεπτά. Οι πωλήσεις σας και τα υπάρχοντα δεδομένα σας παραμένουν εντελώς ανεπηρέαστα.",
src/components/routes/welcome/index.tsx:145,,We've sent a 5-digit verification code to:,Στείλαμε έναν 5ψήφιο κωδικό επαλήθευσης στη διεύθυνση:,
src/components/modals/CreateOrganizerWebhookModal/index.tsx:45 | src/components/modals/CreateWebhookModal/index.tsx:45,,Webhook created successfully,Το webhook δημιουργήθηκε με επιτυχία,
src/components/common/OrganizerWebhookTable/index.tsx:53 | src/components/common/WebhookTable/index.tsx:53,,Webhook deleted successfully,Το webhook διαγράφηκε με επιτυχία,
src/components/modals/OrganizerWebhookLogsModal/index.tsx:137 | src/components/modals/WebhookLogsModal/index.tsx:151,,Webhook Logs,Αρχεία καταγραφής webhook,
src/components/forms/WebhookForm/index.tsx:138,,Webhook URL,URL ιστού,
src/components/forms/WebhookForm/index.tsx:30,,Webhook will not send notifications,Το Webhook δεν θα στέλνει ειδοποιήσεις,
src/components/forms/WebhookForm/index.tsx:24,,Webhook will send notifications,Το Webhook θα στέλνει ειδοποιήσεις,
src/components/layouts/Event/index.tsx:129 | src/components/layouts/OrganizerLayout/index.tsx:96 | src/components/modals/DuplicateEventModal/index.tsx:32 | src/components/routes/event/Webhooks/index.tsx:32 | src/components/routes/organizer/Webhooks/index.tsx:30,,Webhooks,Ιστοσελίδες,
src/components/routes/organizer/Settings/Sections/BasicSettings/index.tsx:102,,Website,Δικτυακός τόπος,
src/components/routes/organizer/Settings/Sections/SocialLinks/index.tsx:105,,Weibo,Γουέιμπο,
src/components/routes/auth/AcceptInvitation/index.tsx:77,,Welcome aboard! Please login to continue.,Καλώς ορίσατε! Παρακαλούμε συνδεθείτε για να συνεχίσετε.,
src/components/routes/auth/Login/index.tsx:80,,Welcome back,Καλώς ήρθες πίσω,
src/components/routes/event/EventDashboard/index.tsx:109,,Welcome back{0} 👋,Καλώς ήρθες πίσω{0} 👋,
src/components/routes/welcome/index.tsx:473,,"Welcome to {0}, {1} 👋","Καλώς ορίσατε στο {0}, {1} 👋",
src/components/routes/events/Dashboard/index.tsx:87,,"Welcome to {0}, here's a listing of all your events","Καλώς ορίσατε στο {0}, εδώ είναι μια λίστα με όλες τις εκδηλώσεις σας",
src/components/forms/ProductForm/index.tsx:263,,What are Tiered Products?,Τι είναι τα προϊόντα με διαβαθμίσεις;,
src/components/modals/CreateProductCategoryModal/index.tsx:53,,What is a Category?,Τι είναι μια κατηγορία;,
src/components/forms/QuestionForm/index.tsx:159,,What products does this code apply to?,Σε ποια προϊόντα ισχύει αυτός ο κώδικας;,
src/components/forms/PromoCodeForm/index.tsx:98,,What products does this code apply to? (Applies to all by default),Σε ποια προϊόντα ισχύει αυτός ο κώδικας; (Ισχύει για όλα από προεπιλογή),
src/components/forms/CapaciyAssigmentForm/index.tsx:48,,What products should this capacity apply to?,Σε ποια προϊόντα θα πρέπει να εφαρμόζεται αυτή η χωρητικότητα;,
src/components/forms/QuestionForm/index.tsx:179,,What time will you be arriving?,Τι ώρα θα φτάσετε;,
src/components/routes/welcome/index.tsx:311,,What type of event?,Τι είδους εκδήλωση;,
src/components/forms/QuestionForm/index.tsx:170,,What type of question is this?,Τι είδους ερώτηση είναι αυτή;,
src/components/routes/account/ManageAccount/sections/PaymentSettings/VatSettings/index.tsx:77,,What you need to do:,Τι πρέπει να κάνετε:,
src/components/routes/organizer/Settings/Sections/SocialLinks/index.tsx:89,,WhatsApp,WhatsApp,
src/components/forms/WebhookForm/index.tsx:129,,When a check-in is deleted,Όταν διαγράφεται ένα check-in,
src/components/forms/WebhookForm/index.tsx:105,,When a new attendee is created,Όταν δημιουργείται ένας νέος συμμετέχων,
src/components/forms/WebhookForm/index.tsx:45,,When a new event is created,Όταν δημιουργείται ένα νέο συμβάν,
src/components/forms/WebhookForm/index.tsx:75,,When a new order is created,Όταν δημιουργείται μια νέα παραγγελία,
src/components/forms/WebhookForm/index.tsx:39,,When a new product is created,Όταν δημιουργείται ένα νέο προϊόν,
src/components/forms/WebhookForm/index.tsx:69,,When a product is deleted,Όταν ένα προϊόν διαγράφεται,
src/components/forms/WebhookForm/index.tsx:63,,When a product is updated,Όταν ένα προϊόν ενημερώνεται,
src/components/routes/event/Settings/Sections/WaitlistSettings/index.tsx:55,,"When a product sells out, customers can join a waitlist to be notified when spots become available.","Όταν ένα προϊόν εξαντληθεί, οι πελάτες μπορούν να εγγραφούν σε μια λίστα αναμονής για να ειδοποιηθούν όταν γίνουν διαθέσιμες θέσεις.",
src/components/forms/WebhookForm/index.tsx:117,,When an attendee is cancelled,Όταν ένας συμμετέχων ακυρώνεται,
src/components/forms/WebhookForm/index.tsx:123,,When an attendee is checked in,Όταν ένας συμμετέχων κάνει check in,
src/components/forms/WebhookForm/index.tsx:111,,When an attendee is updated,Όταν ένας συμμετέχων ενημερώνεται,
src/components/forms/WebhookForm/index.tsx:57,,When an event is archived,Όταν ένα συμβάν αρχειοθετείται,
src/components/forms/WebhookForm/index.tsx:51,,When an event is updated,Όταν ενημερώνεται ένα συμβάν,
src/components/forms/WebhookForm/index.tsx:99,,When an order is cancelled,Όταν μια παραγγελία ακυρώνεται,
src/components/forms/WebhookForm/index.tsx:87,,When an order is marked as paid,Όταν μια παραγγελία επισημαίνεται ως πληρωμένη,
src/components/forms/WebhookForm/index.tsx:93,,When an order is refunded,Όταν επιστρέφονται χρήματα για μια παραγγελία,
src/components/forms/WebhookForm/index.tsx:81,,When an order is updated,Όταν ενημερώνεται μια παραγγελία,
src/components/forms/CheckInListForm/index.tsx:90,,When check-in closes,Πότε κλείνει το check-in,
src/components/forms/CheckInListForm/index.tsx:84,,When check-in opens,Όταν ανοίγει το check-in,
src/components/routes/organizer/OrganizerDashboard/index.tsx:324,,"When customers purchase tickets, their orders will appear here.","Όταν οι πελάτες αγοράζουν εισιτήρια, οι παραγγελίες τους θα εμφανίζονται εδώ.",
src/components/routes/event/Settings/Sections/PaymentSettings/index.tsx:185,,"When enabled, invoices will be generated for ticket orders. Invoices will sent along with the order confirmation email. Attendees can also download their invoices from the order confirmation page.","Όταν ενεργοποιηθεί, θα δημιουργούνται τιμολόγια για παραγγελίες εισιτηρίων. Τα τιμολόγια θα αποστέλλονται μαζί με το email επιβεβαίωσης παραγγελίας. Οι συμμετέχοντες μπορούν επίσης να κατεβάσουν τα τιμολόγιά τους από τη σελίδα επιβεβαίωσης παραγγελίας.",
src/components/common/SelfServiceSettings/index.tsx:22,,"When enabled, new events will allow attendees to manage their own ticket details via a secure link. This can be overridden per event.","Όταν ενεργοποιηθεί, οι νέες εκδηλώσεις θα επιτρέπουν στους συμμετέχοντες να διαχειρίζονται τα στοιχεία των εισιτηρίων τους μέσω ενός ασφαλούς συνδέσμου. Αυτό μπορεί να παρακαμφθεί ανά εκδήλωση.",
src/components/routes/organizer/Settings/Sections/EventDefaults/index.tsx:89,,"When enabled, new events will display a marketing opt-in checkbox during checkout. This can be overridden per event.","Όταν είναι ενεργοποιημένα, τα νέα συμβάντα θα εμφανίζουν ένα πλαίσιο ελέγχου για συμμετοχή στο μάρκετινγκ κατά την ολοκλήρωση της αγοράς. Αυτό μπορεί να παρακαμφθεί ανά συμβάν.",
src/components/routes/admin/Configurations/index.tsx:259,,"When enabled, no application fees will be charged on Stripe Connect transactions. Use this for countries where application fees are not supported.","Όταν είναι ενεργοποιημένη, δεν θα χρεώνονται τέλη αίτησης για συναλλαγές με το Stripe Connect. Χρησιμοποιήστε αυτήν τη δυνατότητα για χώρες όπου δεν υποστηρίζονται τέλη αίτησης.",
src/components/routes/event/Settings/Sections/PaymentSettings/index.tsx:144,,"When offline payments are enabled, users will be able to complete their orders and receive their tickets. Their tickets will clearly indicate the order is not paid, and the check-in tool will notify the check-in staff if an order requires payment.","Όταν είναι ενεργοποιημένες οι πληρωμές εκτός σύνδεσης, οι χρήστες θα μπορούν να ολοκληρώνουν τις παραγγελίες τους και να λαμβάνουν τα εισιτήριά τους. Τα εισιτήριά τους θα υποδεικνύουν σαφώς ότι η παραγγελία δεν έχει πληρωθεί και το εργαλείο check-in θα ειδοποιεί το προσωπικό check-in εάν μια παραγγελία απαιτεί πληρωμή.",
src/components/forms/CheckInListForm/index.tsx:42,,Which tickets should be associated with this check-in list?,Ποια εισιτήρια θα πρέπει να συσχετιστούν με αυτήν τη λίστα check-in;,
src/components/modals/CreateEventModal/index.tsx:153,,Who is organizing this event?,Ποιος διοργανώνει αυτή την εκδήλωση;,
src/components/forms/QuestionForm/index.tsx:151,,Who should be asked this question?,Σε ποιον πρέπει να γίνει αυτή η ερώτηση;,
src/components/layouts/Event/index.tsx:128,,Widget Embed,Ενσωμάτωση γραφικού στοιχείου,
src/components/common/WidgetEditor/index.tsx:324,,Widget Preview,Προεπισκόπηση γραφικού στοιχείου,
src/components/common/WidgetEditor/index.tsx:160,,Widget Settings,Ρυθμίσεις γραφικού στοιχείου,
src/components/modals/CreateAttendeeModal/index.tsx:207,,Working,Εργαζόμενος,
src/components/modals/CreateProductCategoryModal/index.tsx:60 | src/components/modals/CreateProductModal/index.tsx:89 | src/components/modals/CreatePromoCodeModal/index.tsx:56 | src/components/modals/CreateQuestionModal/index.tsx:75 | src/components/modals/DuplicateEventModal/index.tsx:177 | src/components/modals/DuplicateProductModal/index.tsx:117 | src/components/modals/EditProductCategoryModal/index.tsx:70 | src/components/modals/EditProductModal/index.tsx:114 | src/components/modals/EditPromoCodeModal/index.tsx:84 | src/components/modals/EditQuestionModal/index.tsx:101 | src/components/modals/JoinWaitlistModal/index.tsx:188 | src/components/modals/ManageAttendeeModal/index.tsx:231 | src/components/modals/ManageOrderModal/index.tsx:175 | src/components/routes/auth/Register/index.tsx:137,,Working...,Εργαζόμενος...,
src/constants/eventCategories.ts:20,,Workshop,Συνεργείο,
src/components/common/ContactOrganizerModal/index.tsx:89,,Write your message here...,Γράψτε το μήνυμά σας εδώ...,
src/components/routes/organizer/Settings/Sections/SocialLinks/index.tsx:59,,X (Twitter),Χ (Τwitter),
src/components/common/OrganizerReportTable/index.tsx:59 | src/components/common/ReportTable/index.tsx:51,,Year to date,Έτος μέχρι σήμερα,
src/components/routes/admin/Accounts/AccountDetail/index.tsx:250 | src/components/routes/admin/Accounts/AccountDetail/index.tsx:277,,Yes,Ναί,
src/components/routes/account/ManageAccount/sections/PaymentSettings/VatSettings/VatSettingsForm.tsx:208,,Yes - I have a valid EU VAT registration number,Ναι - Έχω έγκυρο αριθμό μητρώου ΦΠΑ ΕΕ,
src/components/layouts/Checkout/index.tsx:323,,"Yes, cancel my order","Ναι, ακύρωση της παραγγελίας μου",
src/components/forms/ProductForm/index.tsx:428,,"Yes, remove them","Ναι, κατάργησέ τα",
src/components/common/AttendeeCheckInTable/QrScanner.tsx:92,,You already scanned this ticket,Έχετε ήδη σαρώσει αυτό το εισιτήριο,
src/components/routes/profile/ConfirmEmailChange/index.tsx:53,,You are changing your email to <0>{0}</0>.,Αλλάζετε το email σας σε <0>{0}</0>.,
src/components/common/ImpersonationBanner/index.tsx:40,,You are impersonating <0>{0}</0> ({1}),Μιμείσαι την ταυτότητα του <0>{0}</0> ({1}),
src/components/modals/RefundOrderModal/index.tsx:139,,You are issuing a partial refund. The customer will be refunded {0} {1}.,Εκδίδετε μερική επιστροφή χρημάτων. Ο πελάτης θα λάβει επιστροφή χρημάτων {0} {1}.,
src/components/routes/product-widget/SelectProducts/index.tsx:354,,You are now registered! You will receive registration confirmation via email!,Είστε πλέον εγγεγραμμένοι! Θα λάβετε επιβεβαίωση εγγραφής μέσω email!,
src/components/layouts/CheckIn/index.tsx:162 | src/components/layouts/CheckIn/index.tsx:187,,You are offline,Είστε εκτός σύνδεσης,
src/components/common/PlatformFeesSettings/index.tsx:262,,You can configure additional service fees and taxes in your account settings.,Μπορείτε να διαμορφώσετε πρόσθετες χρεώσεις υπηρεσιών και φόρους στις ρυθμίσεις του λογαριασμού σας.,
src/components/forms/ProductForm/index.tsx:479,,You can create a promo code which targets this product on the,Μπορείτε να δημιουργήσετε έναν κωδικό προσφοράς που στοχεύει σε αυτό το προϊόν στο,
src/components/modals/OfferWaitlistModal/index.tsx:106,,You can still manually offer tickets if needed.,"Μπορείτε ακόμα να προσφέρετε εισιτήρια χειροκίνητα, εάν χρειάζεται.",
src/components/routes/organizer/Settings/Sections/DangerZoneSettings/index.tsx:133,,You cannot archive the last active organizer on your account.,Δεν μπορείτε να αρχειοθετήσετε τον τελευταίο ενεργό διοργανωτή στον λογαριασμό σας.,
src/components/forms/ProductForm/index.tsx:228,,You cannot change the product type as there are attendees associated with this product.,"Δεν μπορείτε να αλλάξετε τον τύπο προϊόντος, καθώς υπάρχουν συμμετέχοντες που σχετίζονται με αυτό το προϊόν.",
src/components/layouts/CheckIn/index.tsx:210 | src/components/layouts/CheckIn/index.tsx:276,,You cannot check in attendees with unpaid orders. This setting can be changed in the event settings.,Δεν μπορείτε να κάνετε check in σε συμμετέχοντες με απλήρωτες παραγγελίες. Αυτή η ρύθμιση μπορεί να αλλάξει στις ρυθμίσεις της εκδήλωσης.,
src/components/common/ProductsTable/SortableCategory/index.tsx:42,,You cannot delete the last category.,Δεν μπορείτε να διαγράψετε την τελευταία κατηγορία.,
src/components/forms/ProductForm/index.tsx:64,,You cannot delete this price tier because there are already products sold for this tier. You can hide it instead.,Δεν μπορείτε να διαγράψετε αυτό το επίπεδο τιμής επειδή υπάρχουν ήδη προϊόντα που πωλούνται για αυτό το επίπεδο. Μπορείτε να το αποκρύψετε.,
src/components/modals/EditUserModal/index.tsx:94,,You cannot edit the role or status of the account owner.,Δεν μπορείτε να επεξεργαστείτε τον ρόλο ή την κατάσταση του κατόχου του λογαριασμού.,
src/components/modals/RefundOrderModal/index.tsx:176,,You cannot refund a manually created order.,Δεν μπορείτε να επιστρέψετε χρήματα για μια παραγγελία που δημιουργήθηκε χειροκίνητα.,
src/components/modals/ChooseAccountModal/index.tsx:14,,You have access to multiple accounts. Please choose one to continue.,Έχετε πρόσβαση σε πολλούς λογαριασμούς. Επιλέξτε έναν για να συνεχίσετε.,
src/components/routes/auth/AcceptInvitation/index.tsx:58,,You have already accepted this invitation. Please login to continue.,Έχετε ήδη αποδεχτεί αυτήν την πρόσκληση. Παρακαλούμε συνδεθείτε για να συνεχίσετε.,
src/components/routes/profile/ConfirmEmailChange/index.tsx:41,,You have no pending email change.,Δεν έχετε καμία εκκρεμή αλλαγή email.,
src/components/modals/SendMessageModal/index.tsx:200,,You have reached your messaging limit.,Έχετε φτάσει το όριο μηνυμάτων σας.,
src/components/layouts/Checkout/index.tsx:281,,You have run out of time to complete your order.,Ο χρόνος που έχετε στη διάθεσή σας για να ολοκληρώσετε την παραγγελία σας έληξε.,
src/components/forms/ProductForm/index.tsx:426,,You have taxes and fees added to a Free Product. Would you like to remove them?,Έχετε προσθέσει φόρους και τέλη σε ένα Δωρεάν Προϊόν. Θέλετε να τα καταργήσετε;,
src/components/modals/SendMessageModal/index.tsx:168,,You must acknowledge that this email is not promotional,Πρέπει να αναγνωρίσετε ότι αυτό το μήνυμα ηλεκτρονικού ταχυδρομείου δεν έχει διαφημιστικό χαρακτήρα.,
src/components/modals/JoinWaitlistModal/index.tsx:48,,You must agree to receive messages,Πρέπει να συμφωνήσετε για να λαμβάνετε μηνύματα,
src/components/routes/product-widget/CollectInformation/index.tsx:116,,You must agree to the data collection disclaimer,Πρέπει να συμφωνήσετε με την αποποίηση ευθύνης συλλογής δεδομένων,
src/components/routes/auth/AcceptInvitation/index.tsx:34,,You must agree to the terms and conditions,Πρέπει να συμφωνήσετε με τους όρους και τις προϋποθέσεις,
src/components/modals/CreateAttendeeModal/index.tsx:109,,You must create a ticket before you can manually add an attendee.,Πρέπει να δημιουργήσετε ένα εισιτήριο για να μπορέσετε να προσθέσετε χειροκίνητα έναν συμμετέχοντα.,
src/components/forms/ProductForm/index.tsx:67,,You must have at least one price tier,Πρέπει να έχετε τουλάχιστον μία βαθμίδα τιμής,
src/components/layouts/OrganizerLayout/index.tsx:296,,You must verify your email address before you can update the organizer status.,Πρέπει να επαληθεύσετε τη διεύθυνση ηλεκτρονικού ταχυδρομείου σας προτού μπορέσετε να ενημερώσετε την κατάσταση του διοργανωτή.,
src/components/common/EmailTemplateSettings/EmailTemplateSettingsBase.tsx:345,,You need to verify your account email before you can modify email templates.,Πρέπει να επαληθεύσετε τη διεύθυνση email του λογαριασμού σας προτού μπορέσετε να τροποποιήσετε πρότυπα email.,
src/components/modals/SendMessageModal/index.tsx:234,,You need to verify your account email before you can send messages.,Πρέπει να επαληθεύσετε το email του λογαριασμού σας πριν μπορέσετε να στείλετε μηνύματα.,
src/components/layouts/AuthLayout/index.tsx:62,,"You own 100% of your attendee data, always",Είστε πάντα κάτοχος του 100% των δεδομένων των συμμετεχόντων σας,
src/components/common/PlatformFeesSettings/index.tsx:67,,You receive,Λαμβάνετε,
src/components/routes/event/Settings/Sections/PaymentSettings/index.tsx:146,,You will have to mark an order as paid manually. This can be done on the manage order page.,Θα πρέπει να επισημάνετε μια παραγγελία ως πληρωμένη χειροκίνητα. Αυτό μπορεί να γίνει στη σελίδα διαχείρισης παραγγελίας.,
src/components/modals/CreateCheckInListModal/index.tsx:57,,You'll need a ticket before you can create a check-in list.,Θα χρειαστείτε ένα εισιτήριο προτού δημιουργήσετε μια λίστα check-in.,
src/components/modals/CreateCapacityAssignmentModal/index.tsx:51,,You'll need at a product before you can create a capacity assignment.,Θα χρειαστείτε ένα προϊόν προτού μπορέσετε να δημιουργήσετε μια ανάθεση χωρητικότητας.,
src/components/common/ProductsTable/ProductsBlankSlate/index.tsx:45,,"You'll need at least one product to get started. Free, paid or let the user decide what to pay.","Θα χρειαστείτε τουλάχιστον ένα προϊόν για να ξεκινήσετε. Δωρεάν, επί πληρωμή ή αφήστε τον χρήστη να αποφασίσει τι θα πληρώσει.",
src/components/routes/account/ManageAccount/sections/PaymentSettings/index.tsx:182,,You're all set! Your payments are being processed smoothly.,Είστε έτοιμοι! Οι πληρωμές σας διεκπεραιώνονται ομαλά.,
src/components/routes/product-widget/OrderSummaryAndProducts/index.tsx:164,,You're going to {0}!,Θα πάτε στο {0}!,
src/components/modals/JoinWaitlistModal/index.tsx:97,,You're on the waitlist!,Είσαι στη λίστα αναμονής!,
src/components/routes/product-widget/CollectInformation/index.tsx:414,,You've been offered a spot!,Σου έχει γίνει πρόταση για μια θέση!,
src/components/modals/SendMessageModal/index.tsx:273,,"Your account has messaging limits. To increase your limits, contact us at","Ο λογαριασμός σας έχει όρια ανταλλαγής μηνυμάτων. Για να αυξήσετε τα όριά σας, επικοινωνήστε μαζί μας στη διεύθυνση",
src/components/routes/account/ManageAccount/sections/AccountSettings/index.tsx:64,,Your account name is used on event pages and in emails.,Το όνομα λογαριασμού σας χρησιμοποιείται στις σελίδες εκδηλώσεων και στα email.,
src/components/routes/event/Affiliates/index.tsx:50,,Your affiliates have been exported successfully.,Οι συνεργάτες σας έχουν εξαχθεί με επιτυχία.,
src/components/routes/event/attendees.tsx:134,,Your attendees have been exported successfully.,Οι συμμετέχοντες σας εξήχθησαν με επιτυχία.,
src/components/common/AttendeeTable/index.tsx:404,,Your attendees will appear here once they have registered for your event. You can also manually add attendees.,Οι συμμετέχοντες θα εμφανιστούν εδώ μόλις εγγραφούν για την εκδήλωσή σας. Μπορείτε επίσης να προσθέσετε συμμετέχοντες χειροκίνητα.,
src/components/common/WidgetEditor/index.tsx:339,,Your awesome website 🎉,Η καταπληκτική σας ιστοσελίδα 🎉,
src/components/modals/CheckInListSuccessModal/index.tsx:23,,Your check-in list has been created successfully. Share the link below with your check-in staff.,Η λίστα check-in σας δημιουργήθηκε με επιτυχία. Κοινοποιήστε τον παρακάτω σύνδεσμο στο προσωπικό check-in σας.,
src/components/layouts/Checkout/index.tsx:308,,Your current order will be lost.,Η τρέχουσα εγγραφή σας θα χαθεί.,
src/components/routes/product-widget/CollectInformation/index.tsx:428,,Your Details,Τα στοιχεία σας,
src/components/common/ContactOrganizerModal/index.tsx:79,,Your Email,Το ηλεκτρονικό σας ταχυδρομείο,
src/components/routes/profile/ManageProfile/index.tsx:128,,Your email request change to <0>{0}</0> is pending. Please check your email to confirm,Το αίτημά σας για αλλαγή ηλεκτρονικού ταχυδρομείου σε <0>{0}</0> εκκρεμεί. Ελέγξτε το ηλεκτρονικό σας ταχυδρομείο για επιβεβαίωση.,
src/components/modals/EventLiveCelebrationModal/index.tsx:48,,Your event is live!,Η εκδήλωσή σας είναι ζωντανή!,
src/components/routes/event/EventDashboard/index.tsx:188,,Your event must be live before you can sell tickets to attendees.,Η εκδήλωσή σας πρέπει να είναι ζωντανή προτού μπορέσετε να πουλήσετε εισιτήρια στους συμμετέχοντες.,
src/components/layouts/AuthLayout/index.tsx:47,,"Your logo, colors, and style on every page","Το λογότυπό σας, τα χρώματα και το στυλ σας σε κάθε σελίδα",
src/components/common/OrdersTable/index.tsx:84,,Your message has been sent,Το μήνυμά σας έχει σταλεί,
src/components/common/ContactOrganizerModal/index.tsx:52,,Your message has been sent successfully!,Το μήνυμά σας στάλθηκε με επιτυχία!,
src/components/routes/event/messages.tsx:279,,Your messages will appear here,Τα μηνύματά σας θα εμφανίζονται εδώ,
src/components/common/ContactOrganizerModal/index.tsx:73,,Your Name,Το όνομά σας,
src/components/routes/auth/ResetPassword/index.tsx:58,,Your new password must be at least 8 characters long.,Ο νέος σας κωδικός πρόσβασης πρέπει να έχει μήκος τουλάχιστον 8 χαρακτήρες.,
src/components/layouts/Checkout/index.tsx:210,,Your Order,Η εγγραφή σας,
src/components/routes/product-widget/OrderSummaryAndProducts/index.tsx:577,,Your order details have been updated. A confirmation email has been sent to the new email address.,Τα στοιχεία της παραγγελίας σας έχουν ενημερωθεί. Ένα email επιβεβαίωσης έχει σταλεί στη νέα διεύθυνση email.,
src/components/routes/product-widget/OrderSummaryAndProducts/index.tsx:165,,Your order has been cancelled,Η εγγραφή σας έχει ακυρωθεί,
src/components/layouts/Checkout/index.tsx:130,,Your order has been cancelled.,Η εγγραφή σας έχει ακυρωθεί.,
src/components/routes/product-widget/OrderSummaryAndProducts/index.tsx:167,,Your order is awaiting payment,Η παραγγελία σας αναμένει πληρωμή,
src/components/routes/event/orders.tsx:95,,Your orders have been exported successfully.,Οι παραγγελίες σας έχουν εξαχθεί με επιτυχία.,
src/components/common/OrdersTable/index.tsx:462,,Your orders will appear here once they start rolling in.,Οι παραγγελίες σας θα εμφανιστούν εδώ μόλις αρχίσουν να κατατίθενται.,
src/components/routes/organizer/Settings/Sections/AddressSettings/index.tsx:68,,Your organizer address,Η διεύθυνση του διοργανωτή σας,
src/components/routes/auth/Login/index.tsx:99 | src/components/routes/auth/Register/index.tsx:113,,Your password,Ο κωδικός πρόσβασής σας,
src/components/forms/StripeCheckoutForm/index.tsx:63,,Your payment is processing.,Η πληρωμή σας βρίσκεται σε επεξεργασία.,
src/components/common/InlineOrderSummary/index.tsx:226,,Your payment is protected with bank-level encryption,Η πληρωμή σας προστατεύεται με κρυπτογράφηση σε επίπεδο τράπεζας,
src/components/forms/StripeCheckoutForm/index.tsx:66,,"Your payment was not successful, please try again.","Η πληρωμή σας δεν ήταν επιτυχής, δοκιμάστε ξανά.",
src/components/forms/StripeCheckoutForm/index.tsx:130,,Your payment was unsuccessful. Please try again.,Η πληρωμή σας δεν ήταν επιτυχής. Δοκιμάστε ξανά.,
src/components/common/PlatformFeesSettings/index.tsx:151,,Your Plan,Το σχέδιό σας,
src/components/modals/RefundOrderModal/index.tsx:58,,Your refund is processing.,Η επιστροφή χρημάτων σας βρίσκεται σε επεξεργασία.,
src/components/routes/account/ManageAccount/sections/PaymentSettings/index.tsx:179,,Your Stripe account is connected and processing payments.,Ο λογαριασμός σας Stripe είναι συνδεδεμένος και επεξεργάζεται πληρωμές.,
src/components/routes/account/ManageAccount/sections/PaymentSettings/index.tsx:396 | src/components/routes/account/ManageAccount/sections/PaymentSettings/index.tsx:633,,Your Stripe account is connected and ready to process payments.,Ο λογαριασμός σας Stripe είναι συνδεδεμένος και έτοιμος για την επεξεργασία πληρωμών.,
src/components/routes/product-widget/AttendeeProductAndInformation/index.tsx:47,,Your ticket for,Το εισιτήριό σας για,
src/components/routes/account/ManageAccount/sections/PaymentSettings/VatSettings/VatSettingsForm.tsx:72,,Your VAT number is queued for validation,Ο αριθμός ΦΠΑ σας βρίσκεται σε ουρά για επικύρωση,
src/components/routes/account/ManageAccount/sections/PaymentSettings/VatSettings/VatSettingsForm.tsx:247,,Your VAT number will be validated when you save,Ο αριθμός ΦΠΑ σας θα επικυρωθεί όταν αποθηκεύσετε,
src/components/routes/product-widget/CollectInformation/index.tsx:378,,Your waitlist offer has expired and we were unable to complete your order. Please rejoin the waitlist to be notified when more spots become available.,Η προσφορά της λίστας αναμονής σας έχει λήξει και δεν μπορέσαμε να ολοκληρώσουμε την παραγγελία σας. Παρακαλούμε εγγραφείτε ξανά στη λίστα αναμονής για να ειδοποιηθείτε όταν γίνουν περισσότερες διαθέσιμες θέσεις.,
src/components/routes/organizer/Settings/Sections/SocialLinks/index.tsx:67,,YouTube,YouTube,
src/components/routes/product-widget/CollectInformation/index.tsx:552,,ZIP / Postal Code,Ταχυδρομικός Κώδικας,
src/components/common/CheckoutQuestion/index.tsx:170 | src/components/routes/event/Settings/Sections/LocationSettings/index.tsx:149 | src/components/routes/organizer/Settings/Sections/AddressSettings/index.tsx:104,,Zip or Postal Code,Ταχυδρομικός Κώδικας,
src/components/routes/product-widget/CollectInformation/index.tsx:553,,ZIP or Postal Code,Ταχυδρομικός Κώδικας,