source_references,msgctxt,msgid,msgstr,comments
,,,POT-Creation-Date: 2026-04-18 23:40-0400\nMIME-Version: 1.0\nContent-Type: text/plain; charset=utf-8\nContent-Transfer-Encoding: 8bit\nX-Generator: @lingui/cli\nLanguage: el\n,
src/components/layouts/Event/index.tsx:194 | src/components/layouts/OrganizerLayout/index.tsx:215,,- Click to Publish,"=GOOGLETRANSLATE(C3, ""en"", ""el"")",
src/components/layouts/Event/index.tsx:196 | src/components/layouts/OrganizerLayout/index.tsx:217,,- Click to Unpublish,"=GOOGLETRANSLATE(C4, ""en"", ""el"")",
src/components/common/NoResultsSplash/index.tsx:14,,'There\\'s nothing to show yet',"=GOOGLETRANSLATE(C5, ""en"", ""el"")",
src/components/routes/admin/Attribution/index.tsx:146,,(empty),"=GOOGLETRANSLATE(C6, ""en"", ""el"")",
src/components/common/ReportTable/index.tsx:303,,{0},"=GOOGLETRANSLATE(C7, ""en"", ""el"")",
src/components/common/CheckInStatusModal/index.tsx:143,,{0} {1},"=GOOGLETRANSLATE(C8, ""en"", ""el"")",
src/components/layouts/CheckIn/index.tsx:259,,{0} {1} is already checked in,"=GOOGLETRANSLATE(C9, ""en"", ""el"")",
src/components/layouts/CheckIn/index.tsx:154,,{0} <0>checked in</0> successfully,"=GOOGLETRANSLATE(C10, ""en"", ""el"")",
src/components/layouts/CheckIn/index.tsx:181,,{0} <0>checked out</0> successfully,"=GOOGLETRANSLATE(C11, ""en"", ""el"")",
src/components/routes/event/Webhooks/index.tsx:24 | src/components/routes/organizer/Webhooks/index.tsx:25,,{0} Active Webhooks,"=GOOGLETRANSLATE(C12, ""en"", ""el"")",
src/components/routes/product-widget/SelectProducts/index.tsx:477,,{0} available,"=GOOGLETRANSLATE(C13, ""en"", ""el"")",
src/components/modals/CreateTaxOrFeeModal/index.tsx:36,,{0} created successfully,"=GOOGLETRANSLATE(C14, ""en"", ""el"")",
src/components/common/ProductsTable/SortableProduct/index.tsx:403,,{0} left,"=GOOGLETRANSLATE(C15, ""en"", ""el"")",
src/components/layouts/AppLayout/Sidebar/index.tsx:81 | src/components/layouts/AuthLayout/index.tsx:137,,{0} logo,"=GOOGLETRANSLATE(C16, ""en"", ""el"")",
src/components/routes/events/Dashboard/index.tsx:141,,{0} organizers,"=GOOGLETRANSLATE(C17, ""en"", ""el"")",
src/components/routes/product-widget/CollectInformation/index.tsx:612,,{0} tickets,"=GOOGLETRANSLATE(C18, ""en"", ""el"")",
src/components/modals/EditTaxOrFeeModal/index.tsx:42,,{0} updated successfully,"=GOOGLETRANSLATE(C19, ""en"", ""el"")",
src/components/common/CheckIn/CheckInInfoModal.tsx:40,,{0}/{1} checked in,"=GOOGLETRANSLATE(C20, ""en"", ""el"")",
src/components/common/EventCard/index.tsx:125,,{availableCount} of {totalCount} available,"=GOOGLETRANSLATE(C21, ""en"", ""el"")",
src/components/common/Countdown/index.tsx:68,,"{days} days, {hours} hours, {minutes} minutes, and {seconds} seconds","=GOOGLETRANSLATE(C22, ""en"", ""el"")",
src/components/common/OrganizerWebhookTable/index.tsx:79 | src/components/common/WebhookTable/index.tsx:79,,{eventCount} events,"=GOOGLETRANSLATE(C23, ""en"", ""el"")",
src/components/common/Countdown/index.tsx:70,,"{hours} hours, {minutes} minutes, and {seconds} seconds","=GOOGLETRANSLATE(C24, ""en"", ""el"")",
src/components/common/Countdown/index.tsx:72,,{minutes} minutes and {seconds} seconds,"=GOOGLETRANSLATE(C25, ""en"", ""el"")",
src/components/routes/welcome/index.tsx:269,,{organizerName}'s first event,"=GOOGLETRANSLATE(C26, ""en"", ""el"")",
src/components/common/EventCard/index.tsx:121,,{totalCount} ticket types,"=GOOGLETRANSLATE(C27, ""en"", ""el"")",
src/components/routes/organizer/Settings/Sections/BasicSettings/index.tsx:98,,+1 234 567 890,"=GOOGLETRANSLATE(C28, ""en"", ""el"")",
src/components/common/ProductsTable/SortableProduct/index.tsx:376,,+Tax/Fees,"=GOOGLETRANSLATE(C29, ""en"", ""el"")",
src/components/common/CheckInListList/index.tsx:51,,"<0>Check-in lists help you manage event entry by day, area, or ticket type. You can link tickets to specific lists such as VIP zones or Day 1 passes and share a secure check-in link with staff. No account is required. Check-in works on mobile, desktop, or tablet, using a device camera or HID USB scanner.                                </0>","=GOOGLETRANSLATE(C30, ""en"", ""el"")",
src/components/common/WidgetEditor/index.tsx:334,,<0>https://</0>your-website.com,"=GOOGLETRANSLATE(C31, ""en"", ""el"")",
src/components/forms/ProductForm/index.tsx:309,,<0>Please enter the price excluding taxes and fees.</0><1>Taxes and fees can be added below.</1>,"=GOOGLETRANSLATE(C32, ""en"", ""el"")",
src/components/common/CapacityAssignmentList/index.tsx:50,,"<0>Set a single total attendance limit that applies to multiple ticket types at once.</0><1>For example, if you link a <2>Day Pass</2> and a <3>Full Weekend</3> ticket, they will both draw from the same pool of spots. Once the limit is reached, all linked tickets automatically stop selling.</1>","=GOOGLETRANSLATE(C33, ""en"", ""el"")",
src/components/forms/ProductForm/index.tsx:326,,<0>The number of products available for this product</0><1>This value can be overridden if there are <2>Capacity Limits</2> associated with this product.</1>,"=GOOGLETRANSLATE(C34, ""en"", ""el"")",
src/components/common/OrganizerWebhookTable/index.tsx:205 | src/components/common/WebhookTable/index.tsx:205,,"<0>Webhooks instantly notify external services when events happen, like adding a new attendee to your CRM or mailing list upon registration, ensuring seamless automation.</0><1>Use third-party services like <2>Zapier</2>, <3>IFTTT</3> or <4>Make</4> to create custom workflows and automate tasks.</1>","=GOOGLETRANSLATE(C35, ""en"", ""el"")",
src/components/common/PlatformFeesSettings/index.tsx:162,,≈ {0} at current rate,"=GOOGLETRANSLATE(C36, ""en"", ""el"")",
src/components/routes/event/GettingStarted/index.tsx:139,,⚡️ Set up your event,"=GOOGLETRANSLATE(C37, ""en"", ""el"")",
src/components/routes/event/GettingStarted/index.tsx:124,,🎟️ Add tickets,"=GOOGLETRANSLATE(C38, ""en"", ""el"")",
src/components/routes/event/GettingStarted/index.tsx:167,,🎨 Customize your event page,"=GOOGLETRANSLATE(C39, ""en"", ""el"")",
src/components/routes/event/GettingStarted/index.tsx:152,,💳 Connect with Stripe,"=GOOGLETRANSLATE(C40, ""en"", ""el"")",
src/components/routes/event/GettingStarted/index.tsx:181,,🚀 Set your event live,"=GOOGLETRANSLATE(C41, ""en"", ""el"")",
src/components/common/Countdown/index.tsx:34,,0 minutes and 0 seconds,"=GOOGLETRANSLATE(C42, ""en"", ""el"")",
src/components/routes/event/Webhooks/index.tsx:23 | src/components/routes/organizer/Webhooks/index.tsx:24,,1 Active Webhook,"=GOOGLETRANSLATE(C43, ""en"", ""el"")",
src/components/modals/SendMessageModal/index.tsx:119,,1 day after end date,"=GOOGLETRANSLATE(C44, ""en"", ""el"")",
src/components/modals/SendMessageModal/index.tsx:113,,1 day after start date,"=GOOGLETRANSLATE(C45, ""en"", ""el"")",
src/components/modals/SendMessageModal/index.tsx:111,,1 day before event,"=GOOGLETRANSLATE(C46, ""en"", ""el"")",
src/components/modals/SendMessageModal/index.tsx:112,,1 hour before event,"=GOOGLETRANSLATE(C47, ""en"", ""el"")",
src/components/routes/product-widget/CollectInformation/index.tsx:611,,1 ticket,"=GOOGLETRANSLATE(C48, ""en"", ""el"")",
src/components/common/EventCard/index.tsx:121,,1 ticket type,"=GOOGLETRANSLATE(C49, ""en"", ""el"")",
src/components/modals/SendMessageModal/index.tsx:110,,1 week before event,"=GOOGLETRANSLATE(C50, ""en"", ""el"")",
src/components/routes/event/Settings/Sections/LocationSettings/index.tsx:126 | src/components/routes/organizer/Settings/Sections/AddressSettings/index.tsx:81,,123 Main Street,"=GOOGLETRANSLATE(C51, ""en"", ""el"")",
src/components/routes/event/TicketDesigner/TicketDesignerPrint.tsx:81 | src/components/routes/event/TicketDesigner/TicketPreview.tsx:89,,123 Sample Street,"=GOOGLETRANSLATE(C52, ""en"", ""el"")",
src/components/common/WidgetEditor/index.tsx:230,,20,"=GOOGLETRANSLATE(C53, ""en"", ""el"")",
src/components/routes/event/Settings/Sections/LocationSettings/index.tsx:150 | src/components/routes/organizer/Settings/Sections/AddressSettings/index.tsx:105,,94103,"=GOOGLETRANSLATE(C54, ""en"", ""el"")",
src/components/routes/product-widget/OrderSummaryAndProducts/index.tsx:206,,A cancellation notice has been sent to,"=GOOGLETRANSLATE(C55, ""en"", ""el"")",
src/components/forms/QuestionForm/index.tsx:138,,A date input. Perfect for asking for a date of birth etc.,"=GOOGLETRANSLATE(C56, ""en"", ""el"")",
src/components/forms/TaxAndFeeForm/index.tsx:88,,A default {type} is automaticaly applied to all new products. You can override this on a per product basis.,"=GOOGLETRANSLATE(C57, ""en"", ""el"")",
src/components/forms/QuestionForm/index.tsx:126,,A Dropdown input allows only one selection,"=GOOGLETRANSLATE(C58, ""en"", ""el"")",
src/components/forms/TaxAndFeeForm/index.tsx:20,,"A fee, like a booking fee or a service fee","=GOOGLETRANSLATE(C59, ""en"", ""el"")",
src/components/forms/TaxAndFeeForm/index.tsx:35,,"A fixed amount per product. E.g, $0.50 per product","=GOOGLETRANSLATE(C60, ""en"", ""el"")",
src/components/forms/QuestionForm/index.tsx:108,,A multi line text input,"=GOOGLETRANSLATE(C61, ""en"", ""el"")",
src/components/routes/welcome/index.tsx:116,,A new verification code has been sent to your email,"=GOOGLETRANSLATE(C62, ""en"", ""el"")",
src/components/forms/TaxAndFeeForm/index.tsx:29,,"A percentage of the product price. E.g., 3.5% of the product price","=GOOGLETRANSLATE(C63, ""en"", ""el"")",
src/components/forms/PromoCodeForm/index.tsx:67,,A promo code with no discount can be used to reveal hidden products.,"=GOOGLETRANSLATE(C64, ""en"", ""el"")",
src/components/forms/QuestionForm/index.tsx:120,,A Radio option has multiple options but only one can be selected.,"=GOOGLETRANSLATE(C65, ""en"", ""el"")",
src/components/routes/event/Settings/Sections/SeoSettings/index.tsx:72 | src/components/routes/organizer/Settings/Sections/SeoSettings/index.tsx:69,,"A short description of the event that will be displayed in search engine results and when sharing on social media. By default, the event description will be used","=GOOGLETRANSLATE(C66, ""en"", ""el"")",
src/components/routes/organizer/Settings/Sections/BasicSettings/index.tsx:89,,A short description of your organizer that will be displayed to your users.,"=GOOGLETRANSLATE(C67, ""en"", ""el"")",
src/components/forms/QuestionForm/index.tsx:102,,A single line text input,"=GOOGLETRANSLATE(C68, ""en"", ""el"")",
src/components/forms/QuestionForm/index.tsx:87,,"A single question per order. E.g, What is your shipping address?","=GOOGLETRANSLATE(C69, ""en"", ""el"")",
src/components/forms/QuestionForm/index.tsx:93,,"A single question per product. E.g, What is your t-shirt size?","=GOOGLETRANSLATE(C70, ""en"", ""el"")",
src/components/forms/TaxAndFeeForm/index.tsx:14,,"A standard tax, like VAT or GST","=GOOGLETRANSLATE(C71, ""en"", ""el"")",
src/components/common/OrdersTable/index.tsx:429,,Abandoned,"=GOOGLETRANSLATE(C72, ""en"", ""el"")",
src/components/layouts/EventHomepage/index.tsx:389,,About,"=GOOGLETRANSLATE(C73, ""en"", ""el"")",
src/components/routes/account/ManageAccount/sections/PaymentSettings/index.tsx:434 | src/components/routes/account/ManageAccount/sections/PaymentSettings/index.tsx:463 | src/components/routes/account/ManageAccount/sections/PaymentSettings/index.tsx:681,,About Stripe Connect,"=GOOGLETRANSLATE(C74, ""en"", ""el"")",
src/components/common/PlatformFeesSettings/index.tsx:195,,Absorb fee,"=GOOGLETRANSLATE(C75, ""en"", ""el"")",
src/components/common/PlatformFeesSettings/index.tsx:232,,Absorb Fee,"=GOOGLETRANSLATE(C76, ""en"", ""el"")",
src/components/common/ThemeColorControls/index.tsx:51 | src/components/routes/event/TicketDesigner/index.tsx:129,,Accent Color,"=GOOGLETRANSLATE(C77, ""en"", ""el"")",
src/components/routes/event/Settings/Sections/PaymentSettings/index.tsx:94,,"Accept bank transfers, checks, or other offline payment methods","=GOOGLETRANSLATE(C78, ""en"", ""el"")",
src/components/routes/event/Settings/Sections/PaymentSettings/index.tsx:89,,Accept credit card payments with Stripe,"=GOOGLETRANSLATE(C79, ""en"", ""el"")",
src/components/routes/auth/AcceptInvitation/index.tsx:87,,Accept invitation,"=GOOGLETRANSLATE(C80, ""en"", ""el"")",
src/components/routes/auth/AcceptInvitation/index.tsx:166,,Accept Invitation,"=GOOGLETRANSLATE(C81, ""en"", ""el"")",
src/components/routes/account/ManageAccount/sections/PaymentSettings/index.tsx:358 | src/components/routes/account/ManageAccount/sections/PaymentSettings/index.tsx:609,,Access Denied,"=GOOGLETRANSLATE(C82, ""en"", ""el"")",
src/components/common/AdminOrdersTable/index.tsx:70 | src/components/routes/account/ManageAccount/index.tsx:24 | src/components/routes/account/ManageAccount/sections/AccountSettings/index.tsx:53 | src/components/routes/admin/Dashboard/index.tsx:353 | src/components/routes/admin/Dashboard/index.tsx:400 | src/components/routes/admin/Messages/index.tsx:164 | src/components/routes/admin/Messages/index.tsx:281,,Account,"=GOOGLETRANSLATE(C83, ""en"", ""el"")",
src/components/routes/account/ManageAccount/sections/PaymentSettings/index.tsx:343,,Account already connected!,"=GOOGLETRANSLATE(C84, ""en"", ""el"")",
src/components/modals/EditAccountConfigurationModal/index.tsx:70,,Account configuration updated successfully,"=GOOGLETRANSLATE(C85, ""en"", ""el"")",
src/components/routes/admin/Accounts/AccountDetail/index.tsx:123,,Account Information,"=GOOGLETRANSLATE(C86, ""en"", ""el"")",
src/components/routes/account/ManageAccount/sections/AccountSettings/index.tsx:62,,Account Name,"=GOOGLETRANSLATE(C87, ""en"", ""el"")",
src/components/routes/admin/Accounts/AccountDetail/index.tsx:87,,Account not found,"=GOOGLETRANSLATE(C88, ""en"", ""el"")",
src/components/common/GlobalMenu/index.tsx:47 | src/components/routes/account/ManageAccount/index.tsx:19,,Account Settings,"=GOOGLETRANSLATE(C89, ""en"", ""el"")",
src/components/routes/account/ManageAccount/sections/AccountSettings/index.tsx:42,,Account updated successfully,"=GOOGLETRANSLATE(C90, ""en"", ""el"")",
src/components/common/AdminUsersTable/index.tsx:127 | src/components/layouts/Admin/index.tsx:14 | src/components/routes/admin/Accounts/index.tsx:57 | src/components/routes/admin/Attribution/index.tsx:132,,Accounts,"=GOOGLETRANSLATE(C91, ""en"", ""el"")",
src/components/routes/account/ManageAccount/sections/PaymentSettings/index.tsx:71,,Action Required: Reconnect Your Stripe Account,"=GOOGLETRANSLATE(C92, ""en"", ""el"")",
src/components/routes/account/ManageAccount/sections/PaymentSettings/VatSettings/index.tsx:57,,Action Required: VAT Information Needed,"=GOOGLETRANSLATE(C93, ""en"", ""el"")",
src/components/common/AdminEventsTable/index.tsx:112 | src/components/common/AffiliateTable/index.tsx:172 | src/components/common/AttendeeTable/index.tsx:346 | src/components/common/OrdersTable/index.tsx:438 | src/components/common/ProductsTable/SortableProduct/index.tsx:471 | src/components/common/WaitlistTable/index.tsx:55 | src/components/common/WaitlistTable/index.tsx:210 | src/components/routes/admin/FailedJobs/index.tsx:167,,Actions,"=GOOGLETRANSLATE(C94, ""en"", ""el"")",
src/components/common/AttendeeTable/index.tsx:370,,Activate,"=GOOGLETRANSLATE(C95, ""en"", ""el"")",
src/components/forms/CheckInListForm/index.tsx:83,,Activation date,"=GOOGLETRANSLATE(C96, ""en"", ""el"")",
src/components/common/AffiliateTable/index.tsx:136 | src/components/common/AttendeeTable/index.tsx:283 | src/components/common/CheckInListList/index.tsx:118 | src/components/common/EmailTemplateSettings/EmailTemplateSettingsBase.tsx:269 | src/components/forms/AffiliateForm/index.tsx:21 | src/components/forms/CapaciyAssigmentForm/index.tsx:19 | src/components/modals/EditUserModal/index.tsx:116 | src/components/routes/event/attendees.tsx:27,,Active,"=GOOGLETRANSLATE(C97, ""en"", ""el"")",
src/components/routes/admin/Dashboard/index.tsx:354,,Active Events,"=GOOGLETRANSLATE(C98, ""en"", ""el"")",
src/components/forms/CheckInListForm/index.tsx:53,,Add a description for this check-in list,"=GOOGLETRANSLATE(C99, ""en"", ""el"")",
src/components/modals/ManageAttendeeModal/index.tsx:131,,Add any notes about the attendee. These will not be visible to the attendee.,"=GOOGLETRANSLATE(C100, ""en"", ""el"")",
src/components/modals/ManageAttendeeModal/index.tsx:133,,Add any notes about the attendee...,"=GOOGLETRANSLATE(C101, ""en"", ""el"")",
src/components/modals/ManageOrderModal/index.tsx:165,,Add any notes about the order. These will not be visible to the customer.,"=GOOGLETRANSLATE(C102, ""en"", ""el"")",
src/components/modals/ManageOrderModal/index.tsx:169,,Add any notes about the order...,"=GOOGLETRANSLATE(C103, ""en"", ""el"")",
src/components/common/QuestionsTable/index.tsx:433,,Add custom questions to collect additional information during checkout,"=GOOGLETRANSLATE(C104, ""en"", ""el"")",
src/components/forms/QuestionForm/index.tsx:202,,Add description,"=GOOGLETRANSLATE(C105, ""en"", ""el"")",
src/components/routes/event/GettingStarted/index.tsx:142,,Add event details and manage event settings.,"=GOOGLETRANSLATE(C106, ""en"", ""el"")",
src/components/routes/event/Settings/Sections/PaymentSettings/index.tsx:156,,"Add instructions for offline payments (e.g., bank transfer details, where to send checks, payment deadlines)","=GOOGLETRANSLATE(C107, ""en"", ""el"")",
src/components/routes/event/GettingStarted/index.tsx:132,,Add More tickets,"=GOOGLETRANSLATE(C108, ""en"", ""el"")",
src/components/common/HeadingCard/index.tsx:27,,Add New,"=GOOGLETRANSLATE(C109, ""en"", ""el"")",
src/components/forms/QuestionForm/index.tsx:68,,Add Option,"=GOOGLETRANSLATE(C110, ""en"", ""el"")",
src/components/common/ProductsTable/ProductsBlankSlate/index.tsx:73,,Add Product,"=GOOGLETRANSLATE(C111, ""en"", ""el"")",
src/components/common/ProductsTable/ProductsBlankSlate/index.tsx:54,,Add Product to Category,"=GOOGLETRANSLATE(C112, ""en"", ""el"")",
src/components/common/QuestionsTable/index.tsx:224 | src/components/common/QuestionsTable/index.tsx:478,,Add Question,"=GOOGLETRANSLATE(C113, ""en"", ""el"")",
src/components/routes/account/ManageAccount/sections/TaxSettings/index.tsx:20,,Add Tax or Fee,"=GOOGLETRANSLATE(C114, ""en"", ""el"")",
src/components/common/AddToCalendarCTA/index.tsx:20,,Add this event to your calendar,"=GOOGLETRANSLATE(C115, ""en"", ""el"")",
src/components/routes/event/GettingStarted/index.tsx:132,,Add tickets,"=GOOGLETRANSLATE(C116, ""en"", ""el"")",
src/components/forms/ProductForm/index.tsx:360,,Add tier,"=GOOGLETRANSLATE(C117, ""en"", ""el"")",
src/components/common/AddEventToCalendarButton/index.tsx:14 | src/components/common/AddToCalendarCTA/index.tsx:24 | src/components/layouts/EventHomepage/index.tsx:322,,Add to Calendar,"=GOOGLETRANSLATE(C118, ""en"", ""el"")",
src/components/common/OrganizerWebhookTable/index.tsx:223 | src/components/common/WebhookTable/index.tsx:223 | src/components/routes/event/Webhooks/index.tsx:37 | src/components/routes/organizer/Webhooks/index.tsx:35,,Add Webhook,"=GOOGLETRANSLATE(C119, ""en"", ""el"")",
src/components/routes/organizer/Settings/Sections/SocialLinks/index.tsx:185,,Add your social media handles and website URL. These will be displayed on your public organizer page.,"=GOOGLETRANSLATE(C120, ""en"", ""el"")",
src/components/common/PlatformFeesSettings/index.tsx:260,,Additional Fees,"=GOOGLETRANSLATE(C121, ""en"", ""el"")",
src/components/routes/product-widget/OrderSummaryAndProducts/index.tsx:380,,Additional Information,"=GOOGLETRANSLATE(C122, ""en"", ""el"")",
src/components/common/OrderDetails/index.tsx:96 | src/components/forms/QuestionForm/index.tsx:130 | src/components/routes/organizer/Settings/index.tsx:41 | src/components/routes/organizer/Settings/Sections/AddressSettings/index.tsx:67,,Address,"=GOOGLETRANSLATE(C123, ""en"", ""el"")",
src/components/common/CheckoutQuestion/index.tsx:156,,Address line 1,"=GOOGLETRANSLATE(C124, ""en"", ""el"")",
src/components/routes/event/Settings/Sections/LocationSettings/index.tsx:125 | src/components/routes/organizer/Settings/Sections/AddressSettings/index.tsx:80 | src/components/routes/product-widget/CollectInformation/index.tsx:523 | src/components/routes/product-widget/CollectInformation/index.tsx:524,,Address Line 1,"=GOOGLETRANSLATE(C125, ""en"", ""el"")",
src/components/common/CheckoutQuestion/index.tsx:159,,Address line 2,"=GOOGLETRANSLATE(C126, ""en"", ""el"")",
src/components/routes/event/Settings/Sections/LocationSettings/index.tsx:130 | src/components/routes/organizer/Settings/Sections/AddressSettings/index.tsx:85 | src/components/routes/product-widget/CollectInformation/index.tsx:528 | src/components/routes/product-widget/CollectInformation/index.tsx:529,,Address Line 2,"=GOOGLETRANSLATE(C127, ""en"", ""el"")",
src/components/layouts/Admin/index.tsx:12 | src/components/modals/EditUserModal/index.tsx:49 | src/components/modals/InviteUserModal/index.tsx:41,,Admin,"=GOOGLETRANSLATE(C128, ""en"", ""el"")",
src/components/routes/event/Settings/Sections/DangerZoneSettings/index.tsx:70 | src/components/routes/organizer/Settings/Sections/DangerZoneSettings/index.tsx:76,,Admin Access Required,"=GOOGLETRANSLATE(C129, ""en"", ""el"")",
src/components/common/GlobalMenu/index.tsx:63 | src/components/layouts/Admin/index.tsx:27 | src/components/routes/admin/Dashboard/index.tsx:70,,Admin Dashboard,"=GOOGLETRANSLATE(C130, ""en"", ""el"")",
src/components/modals/EditUserModal/index.tsx:51 | src/components/modals/InviteUserModal/index.tsx:43,,Admin users have full access to events and account settings.,"=GOOGLETRANSLATE(C131, ""en"", ""el"")",
src/components/common/AffiliateTable/index.tsx:87,,Affiliate,"=GOOGLETRANSLATE(C132, ""en"", ""el"")",
src/components/forms/AffiliateForm/index.tsx:75,,Affiliate code cannot be changed,"=GOOGLETRANSLATE(C133, ""en"", ""el"")",
src/components/modals/CreateAffiliateModal/index.tsx:55,,Affiliate created successfully,"=GOOGLETRANSLATE(C134, ""en"", ""el"")",
src/components/common/AffiliateTable/index.tsx:42,,Affiliate deleted successfully,"=GOOGLETRANSLATE(C135, ""en"", ""el"")",
src/components/forms/AffiliateForm/index.tsx:23,,Affiliate sales will be tracked,"=GOOGLETRANSLATE(C136, ""en"", ""el"")",
src/components/forms/AffiliateForm/index.tsx:29,,Affiliate sales will not be tracked. This will deactivate the affiliate.,"=GOOGLETRANSLATE(C137, ""en"", ""el"")",
src/components/modals/EditAffiliateModal/index.tsx:63,,Affiliate updated successfully,"=GOOGLETRANSLATE(C138, ""en"", ""el"")",
src/components/layouts/Event/index.tsx:116 | src/components/modals/DuplicateEventModal/index.tsx:33 | src/components/routes/event/Affiliates/index.tsx:66,,Affiliates,"=GOOGLETRANSLATE(C139, ""en"", ""el"")",
src/components/routes/event/Affiliates/index.tsx:49,,Affiliates Exported,"=GOOGLETRANSLATE(C140, ""en"", ""el"")",
src/components/common/AffiliateTable/index.tsx:63,,Affiliates help you track sales generated by partners and influencers. Create affiliate codes and share them to monitor performance.,"=GOOGLETRANSLATE(C141, ""en"", ""el"")",
src/components/routes/events/Dashboard/index.tsx:77,,All Archived Events,"=GOOGLETRANSLATE(C142, ""en"", ""el"")",
src/components/common/MessageList/index.tsx:29 | src/components/routes/product-widget/CollectInformation/index.tsx:505,,All attendees,"=GOOGLETRANSLATE(C143, ""en"", ""el"")",
src/components/modals/SendMessageModal/index.tsx:290,,All attendees of this event,"=GOOGLETRANSLATE(C144, ""en"", ""el"")",
src/components/common/OrganizerReportTable/index.tsx:291,,All Currencies,"=GOOGLETRANSLATE(C145, ""en"", ""el"")",
src/components/routes/account/ManageAccount/sections/PaymentSettings/index.tsx:185,,All done! You're now using our upgraded payment system.,"=GOOGLETRANSLATE(C146, ""en"", ""el"")",
src/components/routes/events/Dashboard/index.tsx:75,,All Ended Events,"=GOOGLETRANSLATE(C147, ""en"", ""el"")",
src/components/routes/organizer/Reports/PlatformFeesReport/index.tsx:33,,All Events,"=GOOGLETRANSLATE(C148, ""en"", ""el"")",
src/components/routes/admin/FailedJobs/index.tsx:90,,All failed jobs deleted,"=GOOGLETRANSLATE(C149, ""en"", ""el"")",
src/components/routes/admin/FailedJobs/index.tsx:76,,All jobs queued for retry,"=GOOGLETRANSLATE(C150, ""en"", ""el"")",
src/components/common/PromoCodeTable/index.tsx:136,,All Products,"=GOOGLETRANSLATE(C151, ""en"", ""el"")",
src/components/routes/event/SoldOutWaitlist/index.tsx:64,,All Statuses,"=GOOGLETRANSLATE(C152, ""en"", ""el"")",
src/components/routes/events/Dashboard/index.tsx:73,,All Upcoming Events,"=GOOGLETRANSLATE(C153, ""en"", ""el"")",
src/components/routes/event/Settings/Sections/PaymentSettings/index.tsx:160,,Allow attendees associated with unpaid orders to check in,"=GOOGLETRANSLATE(C154, ""en"", ""el"")",
src/components/common/SelfServiceSettings/index.tsx:23,,"Allow attendees to update their ticket information (name, email) via a secure link sent with their order confirmation.","=GOOGLETRANSLATE(C155, ""en"", ""el"")",
src/components/forms/ProductForm/index.tsx:491,,Allow customers to join a waitlist when this product is sold out,"=GOOGLETRANSLATE(C156, ""en"", ""el"")",
src/components/routes/event/Settings/Sections/SeoSettings/index.tsx:85 | src/components/routes/organizer/Settings/Sections/SeoSettings/index.tsx:82,,Allow search engine indexing,"=GOOGLETRANSLATE(C157, ""en"", ""el"")",
src/components/routes/event/Settings/Sections/SeoSettings/index.tsx:84 | src/components/routes/organizer/Settings/Sections/SeoSettings/index.tsx:81,,Allow search engines to index this event,"=GOOGLETRANSLATE(C158, ""en"", ""el"")",
src/components/routes/account/ManageAccount/sections/PaymentSettings/index.tsx:205 | src/components/routes/account/ManageAccount/sections/PaymentSettings/index.tsx:417,,Almost there! Finish connecting your Stripe account to start accepting payments.,"=GOOGLETRANSLATE(C159, ""en"", ""el"")",
src/components/routes/product-widget/PaymentReturn/index.tsx:90,,Almost there! We're just waiting for your payment to be processed. This should only take a few seconds.,"=GOOGLETRANSLATE(C160, ""en"", ""el"")",
src/components/routes/auth/Register/index.tsx:75,,Already have an account? <0>{0}</0>,"=GOOGLETRANSLATE(C161, ""en"", ""el"")",
src/components/modals/RefundOrderModal/index.tsx:85,,Already Refunded,"=GOOGLETRANSLATE(C162, ""en"", ""el"")",
src/components/modals/RefundOrderModal/index.tsx:131,,Also cancel this order,"=GOOGLETRANSLATE(C163, ""en"", ""el"")",
src/components/modals/CancelOrderModal/index.tsx:76,,Also refund this order,"=GOOGLETRANSLATE(C164, ""en"", ""el"")",
src/components/common/ProductsTable/SortableProduct/index.tsx:447,,Always available,"=GOOGLETRANSLATE(C165, ""en"", ""el"")",
src/components/routes/event/Settings/Sections/SeoSettings/index.tsx:80 | src/components/routes/organizer/Settings/Sections/SeoSettings/index.tsx:77,,"Amazing, Event, Keywords...","=GOOGLETRANSLATE(C166, ""en"", ""el"")",
src/components/common/OrdersTable/index.tsx:341 | src/components/forms/TaxAndFeeForm/index.tsx:71 | src/components/routes/product-widget/SelectProducts/Prices/Tiered/index.tsx:36,,Amount,"=GOOGLETRANSLATE(C167, ""en"", ""el"")",
src/components/routes/organizer/Reports/PlatformFeesReport/index.tsx:69,,Amount Paid,"=GOOGLETRANSLATE(C168, ""en"", ""el"")",
src/components/modals/CreateAttendeeModal/index.tsx:176,,Amount paid ({0}),"=GOOGLETRANSLATE(C169, ""en"", ""el"")",
src/components/forms/AffiliateForm/index.tsx:90,,An email to associate with this affiliate. The affiliate will not be notified.,"=GOOGLETRANSLATE(C170, ""en"", ""el"")",
src/mutations/useExportAnswers.ts:45,,An error occurred while checking export status.,"=GOOGLETRANSLATE(C171, ""en"", ""el"")",
src/components/common/ErrorDisplay/index.tsx:19,,An error occurred while loading the page,"=GOOGLETRANSLATE(C172, ""en"", ""el"")",
src/components/forms/ProductForm/index.tsx:514,,"An optional message to display on the highlighted product, e.g. \""Selling fast 🔥\"" or \""Best value\""","=GOOGLETRANSLATE(C173, ""en"", ""el"")",
src/components/forms/StripeCheckoutForm/index.tsx:40,,An unexpected error occurred.,"=GOOGLETRANSLATE(C174, ""en"", ""el"")",
src/hooks/useFormErrorResponseHandler.tsx:48,,An unexpected error occurred. Please try again.,"=GOOGLETRANSLATE(C175, ""en"", ""el"")",
src/components/common/QuestionAndAnswerList/index.tsx:97,,Answer updated successfully.,"=GOOGLETRANSLATE(C176, ""en"", ""el"")",
src/components/routes/event/Settings/Sections/EmailSettings/GeneralEmailSettings.tsx:65,,"Any queries from product holders will be sent to this email address. This will also be used as the \""reply-to\"" address for all emails sent from this event","=GOOGLETRANSLATE(C177, ""en"", ""el"")",
src/components/common/WidgetEditor/index.tsx:216,,Appearance,"=GOOGLETRANSLATE(C178, ""en"", ""el"")",
src/components/routes/admin/Accounts/AccountDetail/index.tsx:176,,Application Fees Configuration,"=GOOGLETRANSLATE(C179, ""en"", ""el"")",
src/components/routes/product-widget/SelectProducts/index.tsx:565,,applied,"=GOOGLETRANSLATE(C180, ""en"", ""el"")",
src/components/common/CapacityAssignmentList/index.tsx:99,,Applies to {0} products,"=GOOGLETRANSLATE(C181, ""en"", ""el"")",
src/components/common/CapacityAssignmentList/index.tsx:100,,Applies to 1 product,"=GOOGLETRANSLATE(C182, ""en"", ""el"")",
src/components/common/FilterModal/index.tsx:284,,Apply,"=GOOGLETRANSLATE(C183, ""en"", ""el"")",
src/components/routes/product-widget/SelectProducts/index.tsx:593,,Apply Promo Code,"=GOOGLETRANSLATE(C184, ""en"", ""el"")",
src/components/forms/TaxAndFeeForm/index.tsx:86,,Apply this {type} to all new products,"=GOOGLETRANSLATE(C185, ""en"", ""el"")",
src/components/routes/admin/Messages/index.tsx:232,,Approve Message,"=GOOGLETRANSLATE(C186, ""en"", ""el"")",
src/components/routes/event/Settings/Sections/DangerZoneSettings/index.tsx:61 | src/components/routes/organizer/Settings/Sections/DangerZoneSettings/index.tsx:67,,Archive,"=GOOGLETRANSLATE(C187, ""en"", ""el"")",
src/components/common/EventCard/index.tsx:149,,Archive event,"=GOOGLETRANSLATE(C188, ""en"", ""el"")",
src/components/routes/event/Settings/Sections/DangerZoneSettings/index.tsx:122 | src/components/routes/event/Settings/Sections/DangerZoneSettings/index.tsx:136,,Archive Event,"=GOOGLETRANSLATE(C189, ""en"", ""el"")",
src/components/routes/organizer/Settings/Sections/DangerZoneSettings/index.tsx:128 | src/components/routes/organizer/Settings/Sections/DangerZoneSettings/index.tsx:145,,Archive Organizer,"=GOOGLETRANSLATE(C190, ""en"", ""el"")",
src/components/routes/event/Settings/Sections/DangerZoneSettings/index.tsx:126,,Archive this event to hide it from the public. You can restore it later.,"=GOOGLETRANSLATE(C191, ""en"", ""el"")",
src/components/routes/organizer/Settings/Sections/DangerZoneSettings/index.tsx:134,,Archive this organizer. This will also archive all events belonging to this organizer.,"=GOOGLETRANSLATE(C192, ""en"", ""el"")",
src/components/common/EventCard/index.tsx:80 | src/components/common/EventsDashboardStatusButtons/index.tsx:32,,Archived,"=GOOGLETRANSLATE(C193, ""en"", ""el"")",
src/components/modals/SwitchOrganizerModal/index.tsx:106,,Archived Organizers,"=GOOGLETRANSLATE(C194, ""en"", ""el"")",
src/components/common/AttendeeTable/index.tsx:82,,Are you sure you want to activate this attendee?,"=GOOGLETRANSLATE(C195, ""en"", ""el"")",
src/components/common/EventCard/index.tsx:60,,Are you sure you want to archive this event?,"=GOOGLETRANSLATE(C196, ""en"", ""el"")",
src/components/routes/event/Settings/Sections/DangerZoneSettings/index.tsx:47,,Are you sure you want to archive this event? It will no longer be visible to the public.,"=GOOGLETRANSLATE(C197, ""en"", ""el"")",
src/components/routes/organizer/Settings/Sections/DangerZoneSettings/index.tsx:53,,Are you sure you want to archive this organizer? This will also archive all events belonging to this organizer.,"=GOOGLETRANSLATE(C198, ""en"", ""el"")",
src/components/common/AttendeeTable/index.tsx:83,,Are you sure you want to cancel this attendee? This will void their ticket,"=GOOGLETRANSLATE(C199, ""en"", ""el"")",
src/components/routes/event/messages.tsx:35,,Are you sure you want to cancel this scheduled message?,"=GOOGLETRANSLATE(C200, ""en"", ""el"")",
src/components/routes/admin/FailedJobs/index.tsx:85,,Are you sure you want to delete all failed jobs?,"=GOOGLETRANSLATE(C201, ""en"", ""el"")",
src/components/common/AffiliateTable/index.tsx:207,,Are you sure you want to delete this affiliate? This action cannot be undone.,"=GOOGLETRANSLATE(C202, ""en"", ""el"")",
src/components/routes/admin/Configurations/index.tsx:39,,Are you sure you want to delete this configuration? This may affect accounts using it.,"=GOOGLETRANSLATE(C203, ""en"", ""el"")",
src/components/common/PromoCodeTable/index.tsx:40,,Are you sure you want to delete this promo code?,"=GOOGLETRANSLATE(C204, ""en"", ""el"")",
src/components/common/EmailTemplateSettings/EmailTemplateSettingsBase.tsx:103,,Are you sure you want to delete this template? This action cannot be undone and emails will fall back to the default template.,"=GOOGLETRANSLATE(C205, ""en"", ""el"")",
src/components/common/EmailTemplateSettings/EmailTemplateSettingsBase.tsx:102,,Are you sure you want to delete this template? This action cannot be undone and emails will fall back to the organizer or default template.,"=GOOGLETRANSLATE(C206, ""en"", ""el"")",
src/components/common/OrganizerWebhookTable/index.tsx:122 | src/components/common/WebhookTable/index.tsx:122,,Are you sure you want to delete this webhook?,"=GOOGLETRANSLATE(C207, ""en"", ""el"")",
src/components/layouts/Checkout/index.tsx:305,,Are you sure you want to leave?,"=GOOGLETRANSLATE(C208, ""en"", ""el"")",
src/components/layouts/Event/index.tsx:156 | src/components/routes/event/EventDashboard/index.tsx:75,,Are you sure you want to make this event draft? This will make the event invisible to the public,"=GOOGLETRANSLATE(C209, ""en"", ""el"")",
src/components/layouts/Event/index.tsx:157 | src/components/routes/event/EventDashboard/index.tsx:76,,Are you sure you want to make this event public? This will make the event visible to the public,"=GOOGLETRANSLATE(C210, ""en"", ""el"")",
src/components/layouts/OrganizerLayout/index.tsx:131,,Are you sure you want to make this organizer draft? This will make the organizer page invisible to the public,"=GOOGLETRANSLATE(C211, ""en"", ""el"")",
src/components/layouts/OrganizerLayout/index.tsx:132,,Are you sure you want to make this organizer public? This will make the organizer page visible to the public,"=GOOGLETRANSLATE(C212, ""en"", ""el"")",
src/components/common/WaitlistTable/index.tsx:117,,Are you sure you want to offer a spot to this person? They will receive an email notification.,"=GOOGLETRANSLATE(C213, ""en"", ""el"")",
src/components/common/StatusToggle/index.tsx:40,,"Are you sure you want to publish this event? Once published, it will be visible to the public.","=GOOGLETRANSLATE(C214, ""en"", ""el"")",
src/components/common/StatusToggle/index.tsx:41,,"Are you sure you want to publish this organizer profile? Once published, it will be visible to the public.","=GOOGLETRANSLATE(C215, ""en"", ""el"")",
src/components/common/WaitlistTable/index.tsx:100,,Are you sure you want to remove this entry from the waitlist?,"=GOOGLETRANSLATE(C216, ""en"", ""el"")",
src/components/routes/product-widget/OrderSummaryAndProducts/index.tsx:514,,Are you sure you want to resend the order confirmation to {0}?,"=GOOGLETRANSLATE(C217, ""en"", ""el"")",
src/components/routes/product-widget/OrderSummaryAndProducts/index.tsx:489,,Are you sure you want to resend the ticket to {0}?,"=GOOGLETRANSLATE(C218, ""en"", ""el"")",
src/components/routes/event/Settings/Sections/DangerZoneSettings/index.tsx:46,,Are you sure you want to restore this event?,"=GOOGLETRANSLATE(C219, ""en"", ""el"")",
src/components/common/EventCard/index.tsx:61,,Are you sure you want to restore this event? It will be restored as a draft event.,"=GOOGLETRANSLATE(C220, ""en"", ""el"")",
src/components/routes/organizer/Settings/Sections/DangerZoneSettings/index.tsx:52,,Are you sure you want to restore this organizer?,"=GOOGLETRANSLATE(C221, ""en"", ""el"")",
src/components/common/StatusToggle/index.tsx:43,,Are you sure you want to unpublish this event? It will no longer be visible to the public.,"=GOOGLETRANSLATE(C222, ""en"", ""el"")",
src/components/common/StatusToggle/index.tsx:44,,Are you sure you want to unpublish this organizer profile? It will no longer be visible to the public.,"=GOOGLETRANSLATE(C223, ""en"", ""el"")",
src/components/common/CapacityAssignmentList/index.tsx:165,,Are you sure you would like to delete this Capacity Assignment?,"=GOOGLETRANSLATE(C224, ""en"", ""el"")",
src/components/common/CheckInListList/index.tsx:185,,Are you sure you would like to delete this Check-In List?,"=GOOGLETRANSLATE(C225, ""en"", ""el"")",
src/components/routes/account/ManageAccount/sections/PaymentSettings/VatSettings/VatSettingsForm.tsx:198,,Are you VAT registered in the EU?,"=GOOGLETRANSLATE(C226, ""en"", ""el"")",
src/constants/eventCategories.ts:11,,Art,"=GOOGLETRANSLATE(C227, ""en"", ""el"")",
src/components/routes/account/ManageAccount/sections/PaymentSettings/VatSettings/index.tsx:34,,"As your business is based in Ireland, Irish VAT at 23% applies automatically to all platform fees.","=GOOGLETRANSLATE(C228, ""en"", ""el"")",
src/components/routes/account/ManageAccount/sections/PaymentSettings/VatSettings/index.tsx:59 | src/components/routes/account/ManageAccount/sections/PaymentSettings/VatSettings/VatSettingsModal.tsx:21,,"As your business is based in the EU, we need to determine the correct VAT treatment for our platform fees:","=GOOGLETRANSLATE(C229, ""en"", ""el"")",
src/components/common/QuestionsTable/index.tsx:383,,Ask for name and email for each ticket purchased,"=GOOGLETRANSLATE(C230, ""en"", ""el"")",
src/components/forms/QuestionForm/index.tsx:85,,Ask once per order,"=GOOGLETRANSLATE(C231, ""en"", ""el"")",
src/components/forms/QuestionForm/index.tsx:91,,Ask once per product,"=GOOGLETRANSLATE(C232, ""en"", ""el"")",
src/components/routes/admin/Accounts/AccountDetail/index.tsx:179,,Assigned Configuration,"=GOOGLETRANSLATE(C233, ""en"", ""el"")",
src/components/routes/admin/Accounts/AccountDetail/index.tsx:224,,Assigned Tier,"=GOOGLETRANSLATE(C234, ""en"", ""el"")",
src/components/modals/CreateOrganizerWebhookModal/index.tsx:33 | src/components/modals/CreateWebhookModal/index.tsx:33,,At least one event type must be selected,"=GOOGLETRANSLATE(C235, ""en"", ""el"")",
src/components/routes/account/ManageAccount/sections/PaymentSettings/VatSettings/VatSettingsForm.tsx:100,,Attempts,"=GOOGLETRANSLATE(C236, ""en"", ""el"")",
src/components/routes/organizer/Reports/index.tsx:36,,Attendance and check-in rates across all events,"=GOOGLETRANSLATE(C237, ""en"", ""el"")",
src/components/common/AttendeeTicket/index.tsx:108 | src/components/common/Editor/Controls/InsertLiquidVariableControl.tsx:54 | src/components/common/Editor/Controls/InsertLiquidVariableControl.tsx:55 | src/components/common/QuestionsTable/index.tsx:461 | src/components/routes/product-widget/CollectInformation/index.tsx:643,,Attendee,"=GOOGLETRANSLATE(C238, ""en"", ""el"")",
src/components/forms/WebhookForm/index.tsx:115,,Attendee Cancelled,"=GOOGLETRANSLATE(C239, ""en"", ""el"")",
src/components/forms/WebhookForm/index.tsx:103,,Attendee Created,"=GOOGLETRANSLATE(C240, ""en"", ""el"")",
src/components/common/AttendeeTable/index.tsx:137 | src/components/modals/ManageAttendeeModal/index.tsx:147,,Attendee Details,"=GOOGLETRANSLATE(C241, ""en"", ""el"")",
src/components/common/QuestionsTable/index.tsx:423,,Attendee details collection,"=GOOGLETRANSLATE(C242, ""en"", ""el"")",
src/components/common/QuestionsTable/index.tsx:331,,Attendee details copied from order,"=GOOGLETRANSLATE(C243, ""en"", ""el"")",
src/components/common/Editor/Controls/InsertLiquidVariableControl.tsx:55,,Attendee Email,"=GOOGLETRANSLATE(C244, ""en"", ""el"")",
src/components/common/QuestionsTable/index.tsx:416,,Attendee Information,"=GOOGLETRANSLATE(C245, ""en"", ""el"")",
src/components/routes/event/Settings/Sections/HomepageAndCheckoutSettings/index.tsx:119,,Attendee information collection,"=GOOGLETRANSLATE(C246, ""en"", ""el"")",
src/components/common/Editor/Controls/InsertLiquidVariableControl.tsx:54,,Attendee Name,"=GOOGLETRANSLATE(C247, ""en"", ""el"")",
src/components/layouts/CheckIn/index.tsx:250,,Attendee not found,"=GOOGLETRANSLATE(C248, ""en"", ""el"")",
src/components/modals/ManageAttendeeModal/index.tsx:153,,Attendee Notes,"=GOOGLETRANSLATE(C249, ""en"", ""el"")",
src/components/routes/event/attendees.tsx:74,,Attendee Status,"=GOOGLETRANSLATE(C250, ""en"", ""el"")",
src/components/common/EmailTemplateEditor/EmailTemplateEditor.tsx:95 | src/components/common/EmailTemplateSettings/EmailTemplateSettingsBase.tsx:203 | src/components/modals/ManageAttendeeModal/index.tsx:172,,Attendee Ticket,"=GOOGLETRANSLATE(C251, ""en"", ""el"")",
src/components/forms/WebhookForm/index.tsx:109,,Attendee Updated,"=GOOGLETRANSLATE(C252, ""en"", ""el"")",
src/components/routes/product-widget/OrderSummaryAndProducts/index.tsx:437,,Attendee updated successfully,"=GOOGLETRANSLATE(C253, ""en"", ""el"")",
src/components/common/CheckInStatusModal/index.tsx:99,,Attendee's ticket not included in this list,"=GOOGLETRANSLATE(C254, ""en"", ""el"")",
src/components/common/EventCard/index.tsx:231 | src/components/common/ProductsTable/SortableProduct/index.tsx:386 | src/components/common/StatBoxes/index.tsx:45 | src/components/layouts/Event/index.tsx:120 | src/components/modals/ManageOrderModal/index.tsx:126 | src/components/routes/admin/Messages/index.tsx:90 | src/components/routes/admin/Messages/index.tsx:139 | src/components/routes/event/attendees.tsx:175 | src/components/routes/organizer/OrganizerDashboard/index.tsx:133,,Attendees,"=GOOGLETRANSLATE(C255, ""en"", ""el"")",
src/components/routes/event/attendees.tsx:133,,Attendees Exported,"=GOOGLETRANSLATE(C256, ""en"", ""el"")",
src/components/common/EventCard/index.tsx:228,,Attendees registered,"=GOOGLETRANSLATE(C257, ""en"", ""el"")",
src/components/routes/event/EventDashboard/index.tsx:277,,Attendees Registered,"=GOOGLETRANSLATE(C258, ""en"", ""el"")",
src/components/modals/SendMessageModal/index.tsx:286,,Attendees with a specific ticket,"=GOOGLETRANSLATE(C259, ""en"", ""el"")",
src/components/common/AdminEventsTable/index.tsx:138,,Attendees:,"=GOOGLETRANSLATE(C260, ""en"", ""el"")",
src/components/routes/admin/Attribution/index.tsx:29,,Attribution Analytics,"=GOOGLETRANSLATE(C261, ""en"", ""el"")",
src/components/routes/admin/Attribution/index.tsx:97,,Attribution Breakdown,"=GOOGLETRANSLATE(C262, ""en"", ""el"")",
src/components/routes/admin/Attribution/index.tsx:131,,Attribution Value,"=GOOGLETRANSLATE(C263, ""en"", ""el"")",
src/components/common/WidgetEditor/index.tsx:236,,Auto Resize,"=GOOGLETRANSLATE(C264, ""en"", ""el"")",
src/components/modals/OfferWaitlistModal/index.tsx:87,,Auto-offer is enabled,"=GOOGLETRANSLATE(C265, ""en"", ""el"")",
src/components/routes/event/Settings/Sections/WaitlistSettings/index.tsx:63,,Auto-Process Waitlist,"=GOOGLETRANSLATE(C266, ""en"", ""el"")",
src/components/common/ThemeColorControls/index.tsx:72,,"Automatically detected based on background color, but can be overridden","=GOOGLETRANSLATE(C267, ""en"", ""el"")",
src/components/routes/event/Settings/Sections/WaitlistSettings/index.tsx:64,,"Automatically offer tickets to the next person when capacity becomes available. If disabled, you can manually process the waitlist from the Waitlist page.","=GOOGLETRANSLATE(C268, ""en"", ""el"")",
src/components/common/WidgetEditor/index.tsx:238,,"Automatically resize the widget height based on the content. When disabled, the widget will fill the height of the container.","=GOOGLETRANSLATE(C269, ""en"", ""el"")",
src/components/modals/OfferWaitlistModal/index.tsx:163,,Available,"=GOOGLETRANSLATE(C270, ""en"", ""el"")",
src/components/modals/RefundOrderModal/index.tsx:92,,Available to Refund,"=GOOGLETRANSLATE(C271, ""en"", ""el"")",
src/components/common/Editor/Controls/LiquidTokenControl.tsx:49,,Available Tokens,"=GOOGLETRANSLATE(C272, ""en"", ""el"")",
src/components/common/OrderStatusBadge/index.tsx:15 | src/components/modals/SendMessageModal/index.tsx:334,,Awaiting offline payment,"=GOOGLETRANSLATE(C273, ""en"", ""el"")",
src/components/routes/event/orders.tsx:25 | src/components/routes/product-widget/OrderSummaryAndProducts/index.tsx:59,,Awaiting Offline Payment,"=GOOGLETRANSLATE(C274, ""en"", ""el"")",
src/components/routes/organizer/OrganizerDashboard/index.tsx:363,,Awaiting Offline Pmt.,"=GOOGLETRANSLATE(C275, ""en"", ""el"")",
src/components/common/CheckIn/AttendeeList.tsx:91,,Awaiting payment,"=GOOGLETRANSLATE(C276, ""en"", ""el"")",
src/components/common/AttendeeTable/index.tsx:289 | src/components/common/OrdersTable/index.tsx:417 | src/components/routes/event/attendees.tsx:29 | src/components/routes/organizer/OrganizerDashboard/index.tsx:360 | src/components/routes/product-widget/OrderSummaryAndProducts/index.tsx:56,,Awaiting Payment,"=GOOGLETRANSLATE(C277, ""en"", ""el"")",
src/components/forms/OrganizerForm/index.tsx:29,,Awesome Events Ltd.,"=GOOGLETRANSLATE(C278, ""en"", ""el"")",
src/components/routes/organizer/Settings/Sections/BasicSettings/index.tsx:74,,Awesome Organizer Ltd.,"=GOOGLETRANSLATE(C279, ""en"", ""el"")",
src/components/routes/admin/Accounts/AccountDetail/index.tsx:114,,Back to Accounts,"=GOOGLETRANSLATE(C280, ""en"", ""el"")",
src/components/forms/StripeCheckoutForm/index.tsx:108 | src/components/routes/product-widget/CollectInformation/index.tsx:336 | src/components/routes/product-widget/CollectInformation/index.tsx:364 | src/components/routes/product-widget/CollectInformation/index.tsx:393,,Back to Event,"=GOOGLETRANSLATE(C281, ""en"", ""el"")",
src/components/layouts/Checkout/index.tsx:192,,Back to event page,"=GOOGLETRANSLATE(C282, ""en"", ""el"")",
src/components/routes/auth/ForgotPassword/index.tsx:48 | src/components/routes/auth/ForgotPassword/index.tsx:74 | src/components/routes/auth/ResetPassword/index.tsx:79,,Back to login,"=GOOGLETRANSLATE(C283, ""en"", ""el"")",
src/components/routes/event/messages.tsx:56,,Back to messages,"=GOOGLETRANSLATE(C284, ""en"", ""el"")",
src/components/routes/organizer/Reports/ReportLayout/index.tsx:42,,Back to Reports,"=GOOGLETRANSLATE(C285, ""en"", ""el"")",
src/components/common/ThemeColorControls/index.tsx:61 | src/components/common/WidgetEditor/index.tsx:181,,Background Color,"=GOOGLETRANSLATE(C286, ""en"", ""el"")",
src/components/routes/event/HomepageDesigner/index.tsx:226 | src/components/routes/organizer/OrganizerHomepageDesigner/index.tsx:258,,Background Type,"=GOOGLETRANSLATE(C287, ""en"", ""el"")",
src/components/routes/organizer/Settings/index.tsx:29 | src/components/routes/organizer/Settings/Sections/BasicSettings/index.tsx:63,,Basic Information,"=GOOGLETRANSLATE(C288, ""en"", ""el"")",
src/components/layouts/AuthLayout/index.tsx:52,,Beautiful checkout experience on any device,"=GOOGLETRANSLATE(C289, ""en"", ""el"")",
src/components/routes/event/GettingStarted/index.tsx:97,,"Before your event can go live, there are a few things you need to do. Complete all the steps below to get started.","=GOOGLETRANSLATE(C290, ""en"", ""el"")",
src/components/routes/product-widget/CollectInformation/index.tsx:517 | src/components/routes/product-widget/OrderSummaryAndProducts/index.tsx:287,,Billing Address,"=GOOGLETRANSLATE(C291, ""en"", ""el"")",
src/components/routes/event/Settings/Sections/PaymentSettings/index.tsx:170,,Billing Settings,"=GOOGLETRANSLATE(C292, ""en"", ""el"")",
src/components/common/EmailTemplateEditor/EmailTemplateEditor.tsx:47,,Body is required,"=GOOGLETRANSLATE(C293, ""en"", ""el"")",
src/components/routes/product-widget/OrderSummaryAndProducts/index.tsx:201,,Bookmark this page to manage your order anytime.,"=GOOGLETRANSLATE(C294, ""en"", ""el"")",
src/components/routes/event/TicketDesigner/index.tsx:108,,"Brand your tickets with a custom logo, colors, and footer message.","=GOOGLETRANSLATE(C295, ""en"", ""el"")",
src/components/common/LanguageSwitcher/index.tsx:32,,Brazilian Portuguese,"=GOOGLETRANSLATE(C296, ""en"", ""el"")",
src/constants/eventCategories.ts:17,,Business,"=GOOGLETRANSLATE(C297, ""en"", ""el"")",
src/components/modals/EditAccountVatSettingsModal/index.tsx:147,,Business Address,"=GOOGLETRANSLATE(C298, ""en"", ""el"")",
src/components/modals/EditAccountVatSettingsModal/index.tsx:148,,Business address for VAT purposes,"=GOOGLETRANSLATE(C299, ""en"", ""el"")",
src/components/modals/EditAccountVatSettingsModal/index.tsx:140 | src/components/routes/admin/Accounts/AccountDetail/index.tsx:294,,Business Name,"=GOOGLETRANSLATE(C300, ""en"", ""el"")",
src/components/common/EmailTemplateEditor/CTAConfiguration.tsx:27,,Button Label,"=GOOGLETRANSLATE(C301, ""en"", ""el"")",
src/components/routes/event/HomepageDesigner/index.tsx:245,,Button Text,"=GOOGLETRANSLATE(C302, ""en"", ""el"")",
src/components/common/PlatformFeesSettings/index.tsx:63,,Buyer pays,"=GOOGLETRANSLATE(C303, ""en"", ""el"")",
src/components/common/PlatformFeesSettings/index.tsx:238,,Buyers see a clean price. The platform fee is deducted from your payout.,"=GOOGLETRANSLATE(C304, ""en"", ""el"")",
src/components/routes/product-widget/CollectInformation/index.tsx:732 | src/components/routes/product-widget/Payment/index.tsx:152,,"By continuing, you agree to the <0>{0} Terms of Service</0>","=GOOGLETRANSLATE(C305, ""en"", ""el"")",
src/components/routes/auth/Register/index.tsx:141,,By registering you agree to our <0>Terms of Service</0> and <1>Privacy Policy</1>.,"=GOOGLETRANSLATE(C306, ""en"", ""el"")",
src/components/routes/admin/Configurations/index.tsx:258,,Bypass Application Fees,"=GOOGLETRANSLATE(C307, ""en"", ""el"")",
src/components/forms/TaxAndFeeForm/index.tsx:52,,Calculation Type,"=GOOGLETRANSLATE(C308, ""en"", ""el"")",
src/components/routes/event/Settings/Sections/LocationSettings/index.tsx:143 | src/components/routes/organizer/Settings/Sections/AddressSettings/index.tsx:98,,California,"=GOOGLETRANSLATE(C309, ""en"", ""el"")",
src/components/common/EmailTemplateEditor/CTAConfiguration.tsx:20,,Call-to-Action Button,"=GOOGLETRANSLATE(C310, ""en"", ""el"")",
src/components/common/AttendeeCheckInTable/PermissionDeniedMessage.tsx:16,,"Camera permission was denied. <0>Request Permission</0> again, or if this doesn't work, you will need to <1>grant this page</1> access to your camera in your browser settings.","=GOOGLETRANSLATE(C311, ""en"", ""el"")",
src/components/common/CheckIn/ScannerSelectionModal.tsx:35,,Camera Scanner,"=GOOGLETRANSLATE(C312, ""en"", ""el"")",
src/components/routes/admin/Attribution/index.tsx:107,,Campaign,"=GOOGLETRANSLATE(C313, ""en"", ""el"")",
src/components/common/AttendeeTable/index.tsx:370 | src/components/common/CheckIn/CheckInOptionsModal.tsx:59 | src/components/common/CheckIn/ScannerSelectionModal.tsx:57 | src/components/common/ContactOrganizerModal/index.tsx:104 | src/components/common/EmailTemplateSettings/EmailTemplateSettingsBase.tsx:123 | src/components/common/PromoCodeTable/index.tsx:43 | src/components/common/QuestionAndAnswerList/index.tsx:149 | src/components/common/WaitlistTable/index.tsx:111 | src/components/common/WaitlistTable/index.tsx:132 | src/components/routes/event/messages.tsx:82 | src/components/routes/event/Settings/Sections/DangerZoneSettings/index.tsx:61 | src/components/routes/organizer/Settings/Sections/DangerZoneSettings/index.tsx:67 | src/components/routes/product-widget/OrderSummaryAndProducts/EditAttendeeModal/index.tsx:85 | src/components/routes/product-widget/OrderSummaryAndProducts/EditOrderModal/index.tsx:85 | src/utilites/confirmationDialog.tsx:17,,Cancel,"=GOOGLETRANSLATE(C314, ""en"", ""el"")",
src/components/modals/RefundOrderModal/index.tsx:132,,Cancel all products and release them back to the pool,"=GOOGLETRANSLATE(C315, ""en"", ""el"")",
src/components/routes/profile/ManageProfile/index.tsx:136,,Cancel email change,"=GOOGLETRANSLATE(C316, ""en"", ""el"")",
src/components/common/OrdersTable/index.tsx:186,,Cancel order,"=GOOGLETRANSLATE(C317, ""en"", ""el"")",
src/components/modals/CancelOrderModal/index.tsx:83,,Cancel Order,"=GOOGLETRANSLATE(C318, ""en"", ""el"")",
src/components/modals/CancelOrderModal/index.tsx:57,,Cancel Order {0},"=GOOGLETRANSLATE(C319, ""en"", ""el"")",
src/components/modals/CancelOrderModal/index.tsx:67,,"Canceling will cancel all attendees associated with this order, and release the tickets back into the available pool.","=GOOGLETRANSLATE(C320, ""en"", ""el"")",
src/components/common/AttendeeTable/index.tsx:295 | src/components/common/AttendeeTicket/index.tsx:149 | src/components/common/OrdersTable/index.tsx:423 | src/components/common/OrderStatusBadge/index.tsx:12 | src/components/common/WaitlistTable/index.tsx:27 | src/components/routes/admin/Messages/index.tsx:126 | src/components/routes/event/attendees.tsx:28 | src/components/routes/event/orders.tsx:24 | src/components/routes/event/SoldOutWaitlist/index.tsx:75 | src/components/routes/organizer/OrganizerDashboard/index.tsx:357 | src/components/routes/product-widget/OrderSummaryAndProducts/index.tsx:97,,Cancelled,"=GOOGLETRANSLATE(C321, ""en"", ""el"")",
src/components/common/CheckIn/AttendeeList.tsx:30,,Cannot Check In,"=GOOGLETRANSLATE(C322, ""en"", ""el"")",
src/components/common/CheckIn/AttendeeList.tsx:34,,Cannot Check In (Cancelled),"=GOOGLETRANSLATE(C323, ""en"", ""el"")",
src/components/routes/admin/Configurations/index.tsx:35,,Cannot delete the system default configuration,"=GOOGLETRANSLATE(C324, ""en"", ""el"")",
src/components/forms/CapaciyAssigmentForm/index.tsx:42,,Capacity,"=GOOGLETRANSLATE(C325, ""en"", ""el"")",
src/components/modals/CreateCapacityAssignmentModal/index.tsx:36,,Capacity Assignment created successfully,"=GOOGLETRANSLATE(C326, ""en"", ""el"")",
src/components/common/CapacityAssignmentList/index.tsx:34,,Capacity Assignment deleted successfully,"=GOOGLETRANSLATE(C327, ""en"", ""el"")",
src/components/modals/DuplicateEventModal/index.tsx:28,,Capacity Assignments,"=GOOGLETRANSLATE(C328, ""en"", ""el"")",
src/components/layouts/Event/index.tsx:124,,Capacity Management,"=GOOGLETRANSLATE(C329, ""en"", ""el"")",
src/components/modals/CreateProductCategoryModal/index.tsx:56,,"Categories allow you to group products together. For example, you might have a category for \""Tickets\"" and another for \""Merchandise\"".","=GOOGLETRANSLATE(C330, ""en"", ""el"")",
src/components/forms/ProductForm/index.tsx:289,,Categories help you organize your products. This title will be displayed on the public event page.,"=GOOGLETRANSLATE(C331, ""en"", ""el"")",
src/components/common/ProductsTable/SortableCategory/index.tsx:93,,Categories reordered successfully.,"=GOOGLETRANSLATE(C332, ""en"", ""el"")",
src/components/routes/event/products.tsx:101 | src/components/routes/event/Settings/Sections/EventDetailsForm/index.tsx:84,,Category,"=GOOGLETRANSLATE(C333, ""en"", ""el"")",
src/components/modals/CreateProductCategoryModal/index.tsx:37,,Category Created Successfully,"=GOOGLETRANSLATE(C334, ""en"", ""el"")",
src/components/routes/profile/ManageProfile/index.tsx:238,,Change password,"=GOOGLETRANSLATE(C335, ""en"", ""el"")",
src/components/modals/OfferWaitlistModal/index.tsx:98,,Change waitlist settings,"=GOOGLETRANSLATE(C336, ""en"", ""el"")",
src/constants/eventCategories.ts:15,,Charity,"=GOOGLETRANSLATE(C337, ""en"", ""el"")",
src/components/common/CheckIn/AttendeeList.tsx:41,,Check In,"=GOOGLETRANSLATE(C338, ""en"", ""el"")",
src/components/common/CheckIn/CheckInOptionsModal.tsx:27,,Check in {0} {1},"=GOOGLETRANSLATE(C339, ""en"", ""el"")",
src/components/common/CheckIn/CheckInOptionsModal.tsx:52,,Check in and mark order as paid,"=GOOGLETRANSLATE(C340, ""en"", ""el"")",
src/components/common/CheckIn/CheckInOptionsModal.tsx:43,,Check in only,"=GOOGLETRANSLATE(C341, ""en"", ""el"")",
src/components/common/CheckIn/AttendeeList.tsx:38,,Check Out,"=GOOGLETRANSLATE(C342, ""en"", ""el"")",
src/components/layouts/Checkout/index.tsx:233,,Check out this event!,"=GOOGLETRANSLATE(C343, ""en"", ""el"")",
src/components/routes/auth/ForgotPassword/index.tsx:42 | src/components/routes/welcome/index.tsx:142,,Check your email,"=GOOGLETRANSLATE(C344, ""en"", ""el"")",
src/components/routes/auth/Login/index.tsx:133 | src/components/routes/my-tickets/index.tsx:174,,"Check your inbox! If tickets are associated with this email, you'll receive a link to view them.","=GOOGLETRANSLATE(C345, ""en"", ""el"")",
src/components/forms/WebhookForm/index.tsx:121,,Check-in Created,"=GOOGLETRANSLATE(C346, ""en"", ""el"")",
src/components/forms/WebhookForm/index.tsx:127,,Check-in Deleted,"=GOOGLETRANSLATE(C347, ""en"", ""el"")",
src/components/modals/CheckInListSuccessModal/index.tsx:20,,Check-In List Created,"=GOOGLETRANSLATE(C348, ""en"", ""el"")",
src/components/common/CheckInListList/index.tsx:35,,Check-In List deleted successfully,"=GOOGLETRANSLATE(C349, ""en"", ""el"")",
src/components/layouts/CheckIn/index.tsx:420,,Check-in list has expired,"=GOOGLETRANSLATE(C350, ""en"", ""el"")",
src/components/layouts/CheckIn/index.tsx:437,,Check-in list is not active,"=GOOGLETRANSLATE(C351, ""en"", ""el"")",
src/components/layouts/CheckIn/index.tsx:370,,Check-in list not found,"=GOOGLETRANSLATE(C352, ""en"", ""el"")",
src/components/routes/organizer/Reports/CheckInSummaryReport/index.tsx:51,,Check-in Lists,"=GOOGLETRANSLATE(C353, ""en"", ""el"")",
src/components/layouts/Event/index.tsx:121 | src/components/modals/DuplicateEventModal/index.tsx:29 | src/components/routes/event/CheckInLists/index.tsx:36,,Check-In Lists,"=GOOGLETRANSLATE(C354, ""en"", ""el"")",
src/components/forms/CheckInListForm/index.tsx:31,,"Check-in lists let you control entry across days, areas, or ticket types. You can share a secure check-in link with staff — no account required.","=GOOGLETRANSLATE(C355, ""en"", ""el"")",
src/components/routes/organizer/Reports/CheckInSummaryReport/index.tsx:45,,Check-in Rate,"=GOOGLETRANSLATE(C356, ""en"", ""el"")",
src/components/common/AttendeeTable/index.tsx:307 | src/components/common/CheckInStatusModal/index.tsx:36 | src/components/common/CheckInStatusModal/index.tsx:134,,Check-In Status,"=GOOGLETRANSLATE(C357, ""en"", ""el"")",
src/components/routes/organizer/Reports/CheckInSummaryReport/index.tsx:58 | src/components/routes/organizer/Reports/index.tsx:35,,Check-in Summary,"=GOOGLETRANSLATE(C358, ""en"", ""el"")",
src/components/common/CheckInListList/index.tsx:164,,Check-In URL copied to clipboard,"=GOOGLETRANSLATE(C359, ""en"", ""el"")",
src/components/common/AttendeeDetails/index.tsx:47,,Check-Ins,"=GOOGLETRANSLATE(C360, ""en"", ""el"")",
src/components/forms/QuestionForm/index.tsx:114,,Checkbox options allow multiple selections,"=GOOGLETRANSLATE(C361, ""en"", ""el"")",
src/components/forms/QuestionForm/index.tsx:112,,Checkboxes,"=GOOGLETRANSLATE(C362, ""en"", ""el"")",
src/components/common/AttendeeTable/index.tsx:322 | src/components/common/CheckInStatusModal/index.tsx:110 | src/components/routes/organizer/Reports/CheckInSummaryReport/index.tsx:40,,Checked In,"=GOOGLETRANSLATE(C363, ""en"", ""el"")",
src/components/routes/event/Settings/index.tsx:52,,Checkout,"=GOOGLETRANSLATE(C364, ""en"", ""el"")",
src/components/routes/event/Settings/Sections/HomepageAndCheckoutSettings/index.tsx:87,,Checkout Settings,"=GOOGLETRANSLATE(C365, ""en"", ""el"")",
src/components/common/LanguageSwitcher/index.tsx:34,,Chinese (Simplified),"=GOOGLETRANSLATE(C366, ""en"", ""el"")",
src/components/common/LanguageSwitcher/index.tsx:36,,Chinese (Traditional),"=GOOGLETRANSLATE(C367, ""en"", ""el"")",
src/components/routes/event/HomepageDesigner/index.tsx:216 | src/components/routes/organizer/OrganizerHomepageDesigner/index.tsx:248,,Choose a color for your background,"=GOOGLETRANSLATE(C368, ""en"", ""el"")",
src/components/modals/ChooseAccountModal/index.tsx:13,,Choose an account,"=GOOGLETRANSLATE(C369, ""en"", ""el"")",
src/components/routes/events/Dashboard/index.tsx:233,,Choose an Organizer,"=GOOGLETRANSLATE(C370, ""en"", ""el"")",
src/components/common/CalendarOptionsPopover/index.tsx:21,,Choose calendar,"=GOOGLETRANSLATE(C371, ""en"", ""el"")",
src/components/routes/organizer/Settings/Sections/PlatformFeesSettings/index.tsx:45,,Choose the default setting for new events. This can be overridden for individual events.,"=GOOGLETRANSLATE(C372, ""en"", ""el"")",
src/components/routes/event/Settings/Sections/PlatformFeesSettings/index.tsx:51,,Choose who pays the platform fee. This does not affect additional fees you've configured in your account settings.,"=GOOGLETRANSLATE(C373, ""en"", ""el"")",
src/components/common/CheckoutQuestion/index.tsx:162 | src/components/routes/event/Settings/Sections/LocationSettings/index.tsx:137 | src/components/routes/organizer/Settings/Sections/AddressSettings/index.tsx:92 | src/components/routes/product-widget/CollectInformation/index.tsx:537 | src/components/routes/product-widget/CollectInformation/index.tsx:538,,City,"=GOOGLETRANSLATE(C374, ""en"", ""el"")",
src/components/common/SearchBar/index.tsx:75,,Clear Search Text,"=GOOGLETRANSLATE(C375, ""en"", ""el"")",
src/components/common/PromoCodeTable/index.tsx:103,,Click to copy,"=GOOGLETRANSLATE(C376, ""en"", ""el"")",
src/components/common/AttendeeTable/index.tsx:207,,Click to view notes,"=GOOGLETRANSLATE(C377, ""en"", ""el"")",
src/components/routes/product-widget/SelectProducts/index.tsx:598,,close,"=GOOGLETRANSLATE(C378, ""en"", ""el"")",
src/components/common/AttendeeCheckInTable/PermissionDeniedMessage.tsx:27 | src/components/layouts/Checkout/index.tsx:187 | src/components/modals/JoinWaitlistModal/index.tsx:103 | src/components/modals/JoinWaitlistModal/index.tsx:130 | src/components/modals/RefundOrderModal/index.tsx:169 | src/components/routes/product-widget/SelectProducts/index.tsx:375 | src/components/routes/product-widget/SelectProducts/index.tsx:599,,Close,"=GOOGLETRANSLATE(C379, ""en"", ""el"")",
src/components/modals/CreateEventModal/index.tsx:119,,Close modal,"=GOOGLETRANSLATE(C380, ""en"", ""el"")",
src/components/layouts/Checkout/index.tsx:183,,Close popup window and return to event page.,"=GOOGLETRANSLATE(C381, ""en"", ""el"")",
src/components/layouts/AppLayout/Sidebar/index.tsx:98,,Close sidebar,"=GOOGLETRANSLATE(C382, ""en"", ""el"")",
src/components/common/AffiliateTable/index.tsx:86 | src/components/common/PromoCodeTable/index.tsx:74 | src/components/forms/AffiliateForm/index.tsx:38 | src/components/forms/AffiliateForm/index.tsx:72 | src/components/forms/PromoCodeForm/index.tsx:42,,Code,"=GOOGLETRANSLATE(C383, ""en"", ""el"")",
src/components/modals/CreateAffiliateModal/index.tsx:31,,"Code can only contain letters, numbers, hyphens, and underscores","=GOOGLETRANSLATE(C384, ""en"", ""el"")",
src/components/modals/CreateAffiliateModal/index.tsx:30,,Code is required,"=GOOGLETRANSLATE(C385, ""en"", ""el"")",
src/components/modals/CreateAffiliateModal/index.tsx:32,,Code must be at least 3 characters,"=GOOGLETRANSLATE(C386, ""en"", ""el"")",
src/components/modals/CreatePromoCodeModal/index.tsx:26 | src/components/modals/EditPromoCodeModal/index.tsx:38,,Code must be between 3 and 50 characters long,"=GOOGLETRANSLATE(C387, ""en"", ""el"")",
src/components/modals/CreateAffiliateModal/index.tsx:33,,Code must be no more than 20 characters,"=GOOGLETRANSLATE(C388, ""en"", ""el"")",
src/components/layouts/OrganizerLayout/index.tsx:170,,Collaborate with your team to create amazing events together.,"=GOOGLETRANSLATE(C389, ""en"", ""el"")",
src/components/forms/ProductForm/index.tsx:473,,Collapse this product when the event page is initially loaded,"=GOOGLETRANSLATE(C390, ""en"", ""el"")",
src/components/routes/event/Settings/Sections/HomepageAndCheckoutSettings/index.tsx:46 | src/components/routes/organizer/Settings/Sections/EventDefaults/index.tsx:34,,Collect attendee details for each ticket purchased.,"=GOOGLETRANSLATE(C391, ""en"", ""el"")",
src/components/common/QuestionsTable/index.tsx:387,,Collect details per order,"=GOOGLETRANSLATE(C392, ""en"", ""el"")",
src/components/common/QuestionsTable/index.tsx:381,,Collect details per ticket,"=GOOGLETRANSLATE(C393, ""en"", ""el"")",
src/components/routes/event/HomepageDesigner/index.tsx:214 | src/components/routes/organizer/OrganizerHomepageDesigner/index.tsx:246,,Color,"=GOOGLETRANSLATE(C394, ""en"", ""el"")",
src/components/common/ThemeColorControls/index.tsx:70,,Color Mode,"=GOOGLETRANSLATE(C395, ""en"", ""el"")",
src/components/common/WidgetEditor/index.tsx:19,,Color must be a valid hex color code. Example: #ffffff,"=GOOGLETRANSLATE(C396, ""en"", ""el"")",
src/components/common/WidgetEditor/index.tsx:173,,Colors,"=GOOGLETRANSLATE(C397, ""en"", ""el"")",
src/components/common/ColumnVisibilityToggle/index.tsx:21,,Columns,"=GOOGLETRANSLATE(C398, ""en"", ""el"")",
src/constants/eventCategories.ts:9,,Comedy,"=GOOGLETRANSLATE(C399, ""en"", ""el"")",
src/components/layouts/AppLayout/Sidebar/index.tsx:68,,Coming Soon,"=GOOGLETRANSLATE(C400, ""en"", ""el"")",
src/components/routes/event/Settings/Sections/SeoSettings/index.tsx:78 | src/components/routes/organizer/Settings/Sections/SeoSettings/index.tsx:75,,Comma seperated keywords that describe the event. These will be used by search engines to help categorize and index the event,"=GOOGLETRANSLATE(C401, ""en"", ""el"")",
src/components/routes/profile/ManageProfile/index.tsx:204,,Communication Preferences,"=GOOGLETRANSLATE(C402, ""en"", ""el"")",
src/components/routes/product-widget/CollectInformation/index.tsx:728,,Complete Order,"=GOOGLETRANSLATE(C403, ""en"", ""el"")",
src/components/routes/product-widget/CollectInformation/index.tsx:346 | src/components/routes/product-widget/Payment/index.tsx:148,,Complete Payment,"=GOOGLETRANSLATE(C404, ""en"", ""el"")",
src/components/common/StripeConnectButton/index.tsx:87 | src/components/routes/event/EventDashboard/index.tsx:243,,Complete Stripe Setup,"=GOOGLETRANSLATE(C405, ""en"", ""el"")",
src/components/routes/account/ManageAccount/sections/PaymentSettings/index.tsx:115,,Complete the setup below to continue,"=GOOGLETRANSLATE(C406, ""en"", ""el"")",
src/components/routes/event/EventDashboard/index.tsx:165,,Complete these steps to start selling tickets for your event.,"=GOOGLETRANSLATE(C407, ""en"", ""el"")",
src/components/routes/product-widget/CollectInformation/index.tsx:417,,"Complete your order to secure your tickets. This offer is time-limited, so don't wait too long.","=GOOGLETRANSLATE(C408, ""en"", ""el"")",
src/components/routes/product-widget/CollectInformation/index.tsx:344,,Complete your payment to secure your tickets.,"=GOOGLETRANSLATE(C409, ""en"", ""el"")",
src/components/routes/auth/AcceptInvitation/index.tsx:88,,Complete your profile to join the team.,"=GOOGLETRANSLATE(C410, ""en"", ""el"")",
src/components/common/OrdersTable/index.tsx:405 | src/components/modals/SendMessageModal/index.tsx:333 | src/components/routes/event/GettingStarted/index.tsx:75 | src/components/routes/event/orders.tsx:23 | src/components/routes/my-tickets/index.tsx:34 | src/components/routes/organizer/OrganizerDashboard/index.tsx:354,,Completed,"=GOOGLETRANSLATE(C411, ""en"", ""el"")",
src/components/common/StatBoxes/index.tsx:75,,Completed orders,"=GOOGLETRANSLATE(C412, ""en"", ""el"")",
src/components/routes/event/EventDashboard/index.tsx:275,,Completed Orders,"=GOOGLETRANSLATE(C413, ""en"", ""el"")",
src/components/common/WidgetEditor/index.tsx:293,,Component Code,"=GOOGLETRANSLATE(C414, ""en"", ""el"")",
src/components/routes/event/messages.tsx:240 | src/components/routes/event/messages.tsx:287,,Compose,"=GOOGLETRANSLATE(C415, ""en"", ""el"")",
src/components/routes/event/Settings/Sections/LocationSettings/index.tsx:120,,Conference Center,"=GOOGLETRANSLATE(C416, ""en"", ""el"")",
src/components/routes/admin/Accounts/AccountDetail/index.tsx:42,,Configuration assigned successfully,"=GOOGLETRANSLATE(C417, ""en"", ""el"")",
src/components/routes/admin/Configurations/index.tsx:195,,Configuration created successfully,"=GOOGLETRANSLATE(C418, ""en"", ""el"")",
src/components/routes/admin/Configurations/index.tsx:41,,Configuration deleted successfully,"=GOOGLETRANSLATE(C419, ""en"", ""el"")",
src/components/routes/admin/Configurations/index.tsx:74,,Configuration names are visible to end users. Fixed fees will be converted to the order currency at the current exchange rate.,"=GOOGLETRANSLATE(C420, ""en"", ""el"")",
src/components/routes/admin/Configurations/index.tsx:195,,Configuration updated successfully,"=GOOGLETRANSLATE(C421, ""en"", ""el"")",
src/components/layouts/Admin/index.tsx:21 | src/components/routes/admin/Configurations/index.tsx:64,,Configurations,"=GOOGLETRANSLATE(C422, ""en"", ""el"")",
src/components/routes/event/Settings/index.tsx:158,,"Configure event details, location, checkout options, and email notifications.","=GOOGLETRANSLATE(C423, ""en"", ""el"")",
src/components/common/QuestionsTable/index.tsx:417,,Configure how attendee details are collected during checkout,"=GOOGLETRANSLATE(C424, ""en"", ""el"")",
src/components/common/PlatformFeesSettings/index.tsx:267,,Configure Taxes & Fees,"=GOOGLETRANSLATE(C425, ""en"", ""el"")",
src/components/routes/event/Reports/PromoCodesReport/index.tsx:35,,Configured Discount,"=GOOGLETRANSLATE(C426, ""en"", ""el"")",
src/utilites/confirmationDialog.tsx:16,,Confirm,"=GOOGLETRANSLATE(C427, ""en"", ""el"")",
src/components/routes/product-widget/CollectInformation/index.tsx:462 | src/components/routes/product-widget/CollectInformation/index.tsx:463 | src/components/routes/product-widget/CollectInformation/index.tsx:687 | src/components/routes/product-widget/CollectInformation/index.tsx:688,,Confirm Email Address,"=GOOGLETRANSLATE(C428, ""en"", ""el"")",
src/components/routes/profile/ConfirmEmailChange/index.tsx:51 | src/components/routes/profile/ConfirmEmailChange/index.tsx:56,,Confirm Email Change,"=GOOGLETRANSLATE(C429, ""en"", ""el"")",
src/components/routes/auth/ResetPassword/index.tsx:71,,Confirm new password,"=GOOGLETRANSLATE(C430, ""en"", ""el"")",
src/components/routes/profile/ManageProfile/index.tsx:236,,Confirm New Password,"=GOOGLETRANSLATE(C431, ""en"", ""el"")",
src/components/routes/auth/AcceptInvitation/index.tsx:134 | src/components/routes/auth/Register/index.tsx:119,,Confirm password,"=GOOGLETRANSLATE(C432, ""en"", ""el"")",
src/components/routes/auth/AcceptInvitation/index.tsx:133 | src/components/routes/auth/Register/index.tsx:118 | src/components/routes/auth/ResetPassword/index.tsx:70,,Confirm Password,"=GOOGLETRANSLATE(C433, ""en"", ""el"")",
src/components/layouts/Event/index.tsx:259,,Confirm your email to access all features.,"=GOOGLETRANSLATE(C434, ""en"", ""el"")",
src/components/layouts/OrganizerLayout/index.tsx:311,,Confirmation email sent! Please check your inbox.,"=GOOGLETRANSLATE(C435, ""en"", ""el"")",
src/components/routes/product-widget/OrderSummaryAndProducts/index.tsx:196,,Confirmation sent to,"=GOOGLETRANSLATE(C436, ""en"", ""el"")",
src/components/routes/profile/ConfirmEmailAddress/index.tsx:36,,Confirming email address...,"=GOOGLETRANSLATE(C437, ""en"", ""el"")",
src/components/routes/event/GettingStarted/index.tsx:93,,Congratulations on creating an event!,"=GOOGLETRANSLATE(C438, ""en"", ""el"")",
src/components/modals/EventLiveCelebrationModal/index.tsx:52,,Congratulations! Your event is now visible to the public.,"=GOOGLETRANSLATE(C439, ""en"", ""el"")",
src/components/routes/account/ManageAccount/sections/PaymentSettings/index.tsx:235,,Connect & Upgrade,"=GOOGLETRANSLATE(C440, ""en"", ""el"")",
src/components/routes/account/ManageAccount/sections/PaymentSettings/index.tsx:653,,Connect Documentation,"=GOOGLETRANSLATE(C441, ""en"", ""el"")",
src/components/routes/event/EventDashboard/index.tsx:230,,Connect payment processing,"=GOOGLETRANSLATE(C442, ""en"", ""el"")",
src/components/layouts/OrganizerLayout/index.tsx:183 | src/components/layouts/OrganizerLayout/index.tsx:191,,Connect Stripe,"=GOOGLETRANSLATE(C443, ""en"", ""el"")",
src/components/common/EmailTemplateSettings/EmailTemplateSettingsBase.tsx:351,,Connect Stripe to enable email template editing,"=GOOGLETRANSLATE(C444, ""en"", ""el"")",
src/components/modals/SendMessageModal/index.tsx:240,,Connect Stripe to enable messaging,"=GOOGLETRANSLATE(C445, ""en"", ""el"")",
src/components/routes/event/EventDashboard/index.tsx:243,,Connect to Stripe,"=GOOGLETRANSLATE(C446, ""en"", ""el"")",
src/components/common/StripeConnectButton/index.tsx:85 | src/components/routes/account/ManageAccount/sections/PaymentSettings/index.tsx:235 | src/components/routes/account/ManageAccount/sections/PaymentSettings/index.tsx:454 | src/components/routes/account/ManageAccount/sections/PaymentSettings/index.tsx:671 | src/components/routes/event/GettingStarted/index.tsx:159,,Connect with Stripe,"=GOOGLETRANSLATE(C447, ""en"", ""el"")",
src/components/layouts/OrganizerLayout/index.tsx:184,,Connect your Stripe account to accept payments for tickets and products.,"=GOOGLETRANSLATE(C448, ""en"", ""el"")",
src/components/routes/account/ManageAccount/sections/PaymentSettings/index.tsx:223,,Connect your Stripe account to accept payments.,"=GOOGLETRANSLATE(C449, ""en"", ""el"")",
src/components/routes/account/ManageAccount/sections/PaymentSettings/index.tsx:446,,Connect your Stripe account to start accepting payments for your events.,"=GOOGLETRANSLATE(C450, ""en"", ""el"")",
src/components/routes/account/ManageAccount/sections/PaymentSettings/index.tsx:221,,Connect your Stripe account to start accepting payments.,"=GOOGLETRANSLATE(C451, ""en"", ""el"")",
src/components/routes/event/GettingStarted/index.tsx:155,,Connect your Stripe account to start receiving payments.,"=GOOGLETRANSLATE(C452, ""en"", ""el"")",
src/components/routes/account/ManageAccount/sections/PaymentSettings/index.tsx:392 | src/components/routes/account/ManageAccount/sections/PaymentSettings/index.tsx:629,,Connected to Stripe,"=GOOGLETRANSLATE(C453, ""en"", ""el"")",
src/components/routes/event/Settings/Sections/LocationSettings/index.tsx:101,,Connection Details,"=GOOGLETRANSLATE(C454, ""en"", ""el"")",
src/components/common/WaitlistTable/index.tsx:149 | src/components/layouts/EventHomepage/index.tsx:583 | src/components/layouts/OrganizerHomepage/index.tsx:245,,Contact,"=GOOGLETRANSLATE(C455, ""en"", ""el"")",
src/components/common/ContactOrganizerModal/index.tsx:66,,Contact {0},"=GOOGLETRANSLATE(C456, ""en"", ""el"")",
src/components/forms/OrganizerForm/index.tsx:35,,Contact Email,"=GOOGLETRANSLATE(C457, ""en"", ""el"")",
src/components/common/Editor/Controls/InsertLiquidVariableControl.tsx:48 | src/components/common/Editor/Controls/InsertLiquidVariableControl.tsx:81,,Contact email for support,"=GOOGLETRANSLATE(C458, ""en"", ""el"")",
src/components/common/WidgetEditor/index.tsx:29 | src/components/common/WidgetEditor/index.tsx:222 | src/components/layouts/Checkout/CheckoutFooter/index.tsx:57 | src/components/routes/product-widget/SelectProducts/index.tsx:551,,Continue,"=GOOGLETRANSLATE(C459, ""en"", ""el"")",
src/components/common/WidgetEditor/index.tsx:221 | src/components/routes/event/HomepageDesigner/index.tsx:252,,Continue Button Text,"=GOOGLETRANSLATE(C460, ""en"", ""el"")",
src/components/routes/event/GettingStarted/index.tsx:145,,Continue set up,"=GOOGLETRANSLATE(C461, ""en"", ""el"")",
src/components/forms/OrganizerForm/index.tsx:125 | src/components/modals/CreateEventModal/index.tsx:264 | src/components/routes/welcome/index.tsx:410,,Continue Setup,"=GOOGLETRANSLATE(C462, ""en"", ""el"")",
src/components/routes/product-widget/SelectProducts/index.tsx:404,,Continue to Checkout,"=GOOGLETRANSLATE(C463, ""en"", ""el"")",
src/components/forms/OrganizerForm/index.tsx:123,,Continue to event creation,"=GOOGLETRANSLATE(C464, ""en"", ""el"")",
src/components/routes/welcome/index.tsx:408,,Continue to next step,"=GOOGLETRANSLATE(C465, ""en"", ""el"")",
src/components/routes/product-widget/CollectInformation/index.tsx:728,,Continue to Payment,"=GOOGLETRANSLATE(C466, ""en"", ""el"")",
src/components/routes/event/Settings/Sections/PlatformFeesSettings/index.tsx:49,,Control how platform fees are handled for this event,"=GOOGLETRANSLATE(C467, ""en"", ""el"")",
src/components/common/AttendeeTicket/index.tsx:208 | src/components/common/CopyButton/index.tsx:13 | src/components/modals/CheckInListSuccessModal/index.tsx:42 | src/components/modals/EventLiveCelebrationModal/index.tsx:75 | src/components/modals/ShareModal/index.tsx:255,,Copied,"=GOOGLETRANSLATE(C468, ""en"", ""el"")",
src/components/routes/product-widget/CollectInformation/index.tsx:652,,Copied from above,"=GOOGLETRANSLATE(C469, ""en"", ""el"")",
src/components/common/PromoCodeTable/index.tsx:111,,copied to clipboard,"=GOOGLETRANSLATE(C470, ""en"", ""el"")",
src/components/common/AffiliateTable/index.tsx:52,,Copied to clipboard,"=GOOGLETRANSLATE(C471, ""en"", ""el"")",
src/components/modals/EventLiveCelebrationModal/index.tsx:67 | src/components/modals/ShareModal/index.tsx:248,,Copied!,"=GOOGLETRANSLATE(C472, ""en"", ""el"")",
src/components/common/CopyButton/index.tsx:13 | src/components/modals/CheckInListSuccessModal/index.tsx:42 | src/components/modals/EventLiveCelebrationModal/index.tsx:75 | src/components/modals/ShareModal/index.tsx:255,,Copy,"=GOOGLETRANSLATE(C473, ""en"", ""el"")",
src/components/common/AffiliateTable/index.tsx:188,,Copy Affiliate Link,"=GOOGLETRANSLATE(C474, ""en"", ""el"")",
src/components/common/CheckInListList/index.tsx:158,,Copy Check-In URL,"=GOOGLETRANSLATE(C475, ""en"", ""el"")",
src/components/common/AffiliateTable/index.tsx:183,,Copy Code,"=GOOGLETRANSLATE(C476, ""en"", ""el"")",
src/components/routes/product-widget/CollectInformation/index.tsx:481,,Copy details to first attendee,"=GOOGLETRANSLATE(C477, ""en"", ""el"")",
src/components/common/AttendeeTable/index.tsx:197 | src/components/common/OrdersTable/index.tsx:256,,Copy Email,"=GOOGLETRANSLATE(C478, ""en"", ""el"")",
src/components/modals/EventLiveCelebrationModal/index.tsx:67,,Copy link,"=GOOGLETRANSLATE(C479, ""en"", ""el"")",
src/components/common/AttendeeTicket/index.tsx:208 | src/components/modals/ShareModal/index.tsx:171,,Copy Link,"=GOOGLETRANSLATE(C480, ""en"", ""el"")",
src/components/routes/product-widget/CollectInformation/index.tsx:491,,Copy my details to:,"=GOOGLETRANSLATE(C481, ""en"", ""el"")",
src/components/modals/ShareModal/index.tsx:264,,Copy this link to share it anywhere,"=GOOGLETRANSLATE(C482, ""en"", ""el"")",
src/components/modals/ShareModal/index.tsx:248,,Copy to clipboard,"=GOOGLETRANSLATE(C483, ""en"", ""el"")",
src/components/common/AffiliateTable/index.tsx:111 | src/components/common/PromoCodeTable/index.tsx:184,,Copy URL,"=GOOGLETRANSLATE(C484, ""en"", ""el"")",
src/components/common/CheckoutQuestion/index.tsx:174 | src/components/routes/event/Settings/Sections/LocationSettings/index.tsx:155 | src/components/routes/organizer/Settings/Sections/AddressSettings/index.tsx:110 | src/components/routes/product-widget/CollectInformation/index.tsx:558,,Country,"=GOOGLETRANSLATE(C485, ""en"", ""el"")",
src/components/routes/organizer/Settings/Sections/ImageAssetSettings/index.tsx:37,,Cover,"=GOOGLETRANSLATE(C486, ""en"", ""el"")",
src/components/routes/event/HomepageDesigner/index.tsx:179 | src/components/routes/organizer/OrganizerHomepageDesigner/index.tsx:189,,Cover Image,"=GOOGLETRANSLATE(C487, ""en"", ""el"")",
src/components/routes/event/HomepageDesigner/index.tsx:194,,Cover image will be displayed at the top of your event page,"=GOOGLETRANSLATE(C488, ""en"", ""el"")",
src/components/routes/organizer/OrganizerHomepageDesigner/index.tsx:204,,Cover image will be displayed at the top of your organizer page,"=GOOGLETRANSLATE(C489, ""en"", ""el"")",
src/components/routes/event/attendees.tsx:199 | src/components/routes/event/products.tsx:79,,Create,"=GOOGLETRANSLATE(C490, ""en"", ""el"")",
src/components/modals/CreateTaxOrFeeModal/index.tsx:59,,Create {0},"=GOOGLETRANSLATE(C491, ""en"", ""el"")",
src/components/common/EmailTemplateEditor/EmailTemplateEditor.tsx:108,,Create {0} Template,"=GOOGLETRANSLATE(C492, ""en"", ""el"")",
src/components/common/WidgetEditor/index.tsx:161,,Create a custom widget to sell tickets on your site.,"=GOOGLETRANSLATE(C493, ""en"", ""el"")",
src/components/routes/auth/AcceptInvitation/index.tsx:128,,Create a password,"=GOOGLETRANSLATE(C494, ""en"", ""el"")",
src/components/modals/CreateCapacityAssignmentModal/index.tsx:59,,Create a Product,"=GOOGLETRANSLATE(C495, ""en"", ""el"")",
src/components/common/PromoCodeTable/index.tsx:61,,Create a Promo Code,"=GOOGLETRANSLATE(C496, ""en"", ""el"")",
src/components/modals/CreateCheckInListModal/index.tsx:65,,Create a Ticket,"=GOOGLETRANSLATE(C497, ""en"", ""el"")",
src/components/modals/CreateOrganizerModal/index.tsx:24,,"Create additional organizers to manage separate brands, departments, or event series under one account. Each organizer has its own events, settings, and public page.","=GOOGLETRANSLATE(C498, ""en"", ""el"")",
src/components/common/AffiliateTable/index.tsx:72 | src/components/modals/CreateAffiliateModal/index.tsx:77 | src/components/modals/CreateAffiliateModal/index.tsx:93 | src/components/routes/event/Affiliates/index.tsx:90,,Create Affiliate,"=GOOGLETRANSLATE(C499, ""en"", ""el"")",
src/components/modals/CreateEventModal/index.tsx:167,,create an organizer,"=GOOGLETRANSLATE(C500, ""en"", ""el"")",
src/components/routes/event/products.tsx:49,,Create and configure tickets and merchandise for sale.,"=GOOGLETRANSLATE(C501, ""en"", ""el"")",
src/components/modals/CreateAttendeeModal/index.tsx:207,,Create Attendee,"=GOOGLETRANSLATE(C502, ""en"", ""el"")",
src/components/common/CapacityAssignmentList/index.tsx:64 | src/components/modals/CreateCapacityAssignmentModal/index.tsx:68 | src/components/modals/CreateCapacityAssignmentModal/index.tsx:79 | src/components/routes/event/CapacityAssignments/index.tsx:52,,Create Capacity Assignment,"=GOOGLETRANSLATE(C503, ""en"", ""el"")",
src/components/common/ProductsTable/SortableCategory/index.tsx:132 | src/components/common/ProductsTable/SortableCategory/index.tsx:133,,Create category,"=GOOGLETRANSLATE(C504, ""en"", ""el"")",
src/components/modals/CreateProductCategoryModal/index.tsx:45 | src/components/modals/CreateProductCategoryModal/index.tsx:60,,Create Category,"=GOOGLETRANSLATE(C505, ""en"", ""el"")",
src/components/common/CheckInListList/index.tsx:62 | src/components/modals/CreateCheckInListModal/index.tsx:84 | src/components/modals/CreateCheckInListModal/index.tsx:100 | src/components/routes/event/CheckInLists/index.tsx:51,,Create Check-In List,"=GOOGLETRANSLATE(C506, ""en"", ""el"")",
src/components/routes/admin/Configurations/index.tsx:69 | src/components/routes/admin/Configurations/index.tsx:206 | src/components/routes/admin/Configurations/index.tsx:268,,Create Configuration,"=GOOGLETRANSLATE(C507, ""en"", ""el"")",
src/components/common/EmailTemplateSettings/EmailTemplateSettingsBase.tsx:313,,Create custom email templates for this event that override the organizer defaults,"=GOOGLETRANSLATE(C508, ""en"", ""el"")",
src/components/common/EmailTemplateSettings/EmailTemplateSettingsBase.tsx:303,,Create Custom Template,"=GOOGLETRANSLATE(C509, ""en"", ""el"")",
src/components/routes/event/promo-codes.tsx:34,,"Create discounts, access codes for hidden tickets, and special offers.","=GOOGLETRANSLATE(C510, ""en"", ""el"")",
src/components/common/NoEventsBlankSlate/index.tsx:30 | src/components/layouts/OrganizerLayout/index.tsx:160 | src/components/routes/organizer/Events/index.tsx:65 | src/components/routes/organizer/OrganizerDashboard/index.tsx:260,,Create Event,"=GOOGLETRANSLATE(C511, ""en"", ""el"")",
src/components/routes/events/Dashboard/index.tsx:172,,Create new,"=GOOGLETRANSLATE(C512, ""en"", ""el"")",
src/components/routes/auth/ResetPassword/index.tsx:57,,Create new password,"=GOOGLETRANSLATE(C513, ""en"", ""el"")",
src/components/common/GlobalMenu/index.tsx:79 | src/components/modals/CreateEventModal/index.tsx:138 | src/components/modals/CreateOrganizerModal/index.tsx:18 | src/components/modals/SwitchOrganizerModal/index.tsx:96,,Create Organizer,"=GOOGLETRANSLATE(C514, ""en"", ""el"")",
src/components/modals/CreateProductModal/index.tsx:89,,Create Product,"=GOOGLETRANSLATE(C515, ""en"", ""el"")",
src/components/modals/CreatePromoCodeModal/index.tsx:51 | src/components/modals/CreatePromoCodeModal/index.tsx:56,,Create Promo Code,"=GOOGLETRANSLATE(C516, ""en"", ""el"")",
src/components/modals/CreateQuestionModal/index.tsx:70 | src/components/modals/CreateQuestionModal/index.tsx:75,,Create Question,"=GOOGLETRANSLATE(C517, ""en"", ""el"")",
src/components/forms/ProductForm/index.tsx:420 | src/components/modals/CreateTaxOrFeeModal/index.tsx:53,,Create Tax or Fee,"=GOOGLETRANSLATE(C518, ""en"", ""el"")",
src/components/modals/CreateProductModal/index.tsx:81,,Create Ticket or Product,"=GOOGLETRANSLATE(C519, ""en"", ""el"")",
src/components/routes/event/GettingStarted/index.tsx:127,,"Create tickets for your event, set prices, and manage available quantity.","=GOOGLETRANSLATE(C520, ""en"", ""el"")",
src/components/routes/event/Affiliates/index.tsx:64,,Create trackable links to reward partners who promote your event.,"=GOOGLETRANSLATE(C521, ""en"", ""el"")",
src/components/modals/CreateOrganizerWebhookModal/index.tsx:56 | src/components/modals/CreateOrganizerWebhookModal/index.tsx:66 | src/components/modals/CreateWebhookModal/index.tsx:56 | src/components/modals/CreateWebhookModal/index.tsx:66,,Create Webhook,"=GOOGLETRANSLATE(C522, ""en"", ""el"")",
src/components/modals/CreateEventModal/index.tsx:127,,Create Your Event,"=GOOGLETRANSLATE(C523, ""en"", ""el"")",
src/components/routes/welcome/index.tsx:302,,Create your first event,"=GOOGLETRANSLATE(C524, ""en"", ""el"")",
src/components/routes/organizer/OrganizerDashboard/index.tsx:251,,Create your first event to start selling tickets and managing attendees.,"=GOOGLETRANSLATE(C525, ""en"", ""el"")",
src/components/layouts/EventHomepage/EventNotAvailable/index.tsx:13 | src/components/layouts/PublicOrganizer/OrganizerNotFound/index.tsx:12,,Create your own event,"=GOOGLETRANSLATE(C526, ""en"", ""el"")",
src/components/routes/admin/Accounts/AccountDetail/index.tsx:132 | src/components/routes/admin/Messages/index.tsx:169 | src/components/routes/admin/Messages/index.tsx:309,,Created,"=GOOGLETRANSLATE(C527, ""en"", ""el"")",
src/components/routes/welcome/index.tsx:410,,Creating Event...,"=GOOGLETRANSLATE(C528, ""en"", ""el"")",
src/components/forms/OrganizerForm/index.tsx:125,,Creating Organizer...,"=GOOGLETRANSLATE(C529, ""en"", ""el"")",
src/components/routes/welcome/index.tsx:408,,"Creating your event, please wait","=GOOGLETRANSLATE(C530, ""en"", ""el"")",
src/components/forms/OrganizerForm/index.tsx:123,,"Creating your organizer profile, please wait","=GOOGLETRANSLATE(C531, ""en"", ""el"")",
src/components/common/EmailTemplateEditor/EmailTemplateEditor.tsx:48,,CTA label is required,"=GOOGLETRANSLATE(C532, ""en"", ""el"")",
src/components/common/OrganizerReportTable/index.tsx:306 | src/components/forms/OrganizerForm/index.tsx:50 | src/components/routes/account/ManageAccount/sections/AccountSettings/index.tsx:73 | src/components/routes/admin/Accounts/AccountDetail/index.tsx:149 | src/components/routes/event/Settings/Sections/EventDetailsForm/index.tsx:117 | src/components/routes/organizer/Reports/EventsPerformanceReport/index.tsx:51 | src/components/routes/organizer/Reports/PlatformFeesReport/index.tsx:99 | src/components/routes/organizer/Reports/TaxSummaryReport/index.tsx:33 | src/components/routes/organizer/Settings/Sections/BasicSettings/index.tsx:116,,Currency,"=GOOGLETRANSLATE(C533, ""en"", ""el"")",
src/components/routes/profile/ManageProfile/index.tsx:228,,Current Password,"=GOOGLETRANSLATE(C534, ""en"", ""el"")",
src/components/routes/account/ManageAccount/sections/PaymentSettings/index.tsx:164,,Current payment processor,"=GOOGLETRANSLATE(C535, ""en"", ""el"")",
src/components/modals/EditAccountVatSettingsModal/index.tsx:156,,Current VAT number is validated,"=GOOGLETRANSLATE(C536, ""en"", ""el"")",
src/components/modals/EditAccountVatSettingsModal/index.tsx:157,,Current VAT number validation failed,"=GOOGLETRANSLATE(C537, ""en"", ""el"")",
src/components/common/ProductsTable/SortableProduct/index.tsx:104,,Currently available for purchase,"=GOOGLETRANSLATE(C538, ""en"", ""el"")",
src/components/layouts/AuthLayout/index.tsx:46,,Custom Branding,"=GOOGLETRANSLATE(C539, ""en"", ""el"")",
src/components/modals/SendMessageModal/index.tsx:405,,Custom date and time,"=GOOGLETRANSLATE(C540, ""en"", ""el"")",
src/components/routes/event/Settings/Sections/LocationSettings/index.tsx:162,,Custom Maps URL,"=GOOGLETRANSLATE(C541, ""en"", ""el"")",
src/components/common/Editor/Controls/InsertLiquidVariableControl.tsx:50 | src/components/common/Editor/Controls/InsertLiquidVariableControl.tsx:83,,Custom message after checkout,"=GOOGLETRANSLATE(C542, ""en"", ""el"")",
src/components/common/QuestionsTable/index.tsx:432,,Custom Questions,"=GOOGLETRANSLATE(C543, ""en"", ""el"")",
src/components/common/OrganizerReportTable/index.tsx:61 | src/components/common/ReportTable/index.tsx:53,,Custom Range,"=GOOGLETRANSLATE(C544, ""en"", ""el"")",
src/components/common/EmailTemplateSettings/EmailTemplateSettingsBase.tsx:225,,Custom template,"=GOOGLETRANSLATE(C545, ""en"", ""el"")",
src/components/common/AdminOrdersTable/index.tsx:71 | src/components/common/OrdersTable/index.tsx:200,,Customer,"=GOOGLETRANSLATE(C546, ""en"", ""el"")",
src/components/modals/RefundOrderModal/index.tsx:125,,Customer will receive an email confirming the refund,"=GOOGLETRANSLATE(C547, ""en"", ""el"")",
src/components/common/Editor/Controls/InsertLiquidVariableControl.tsx:26,,Customer's email address,"=GOOGLETRANSLATE(C548, ""en"", ""el"")",
src/components/common/Editor/Controls/InsertLiquidVariableControl.tsx:24,,Customer's first name,"=GOOGLETRANSLATE(C549, ""en"", ""el"")",
src/components/common/Editor/Controls/InsertLiquidVariableControl.tsx:25,,Customer's last name,"=GOOGLETRANSLATE(C550, ""en"", ""el"")",
src/components/routes/organizer/Reports/EventsPerformanceReport/index.tsx:108,,Customers,"=GOOGLETRANSLATE(C551, ""en"", ""el"")",
src/components/routes/event/Settings/Sections/EmailSettings/GeneralEmailSettings.tsx:59,,Customize the email and notification settings for this event,"=GOOGLETRANSLATE(C552, ""en"", ""el"")",
src/components/common/EmailTemplateSettings/EmailTemplateSettingsBase.tsx:315,,Customize the emails sent to your customers using Liquid templating. These templates will be used as defaults for all events in your organization.,"=GOOGLETRANSLATE(C553, ""en"", ""el"")",
src/components/routes/event/Settings/Sections/HomepageAndCheckoutSettings/index.tsx:88,,Customize the event homepage and checkout messaging,"=GOOGLETRANSLATE(C554, ""en"", ""el"")",
src/components/routes/event/HomepageDesigner/index.tsx:161,,"Customize the layout, colors, and branding of your event homepage.","=GOOGLETRANSLATE(C555, ""en"", ""el"")",
src/components/routes/event/Settings/Sections/MiscSettings/index.tsx:76,,Customize the miscellaneous settings for this event,"=GOOGLETRANSLATE(C556, ""en"", ""el"")",
src/components/common/QuestionsTable/index.tsx:411,,Customize the questions asked during checkout to gather important information from your attendees.,"=GOOGLETRANSLATE(C557, ""en"", ""el"")",
src/components/routes/event/Settings/Sections/SeoSettings/index.tsx:60 | src/components/routes/organizer/Settings/Sections/SeoSettings/index.tsx:57,,Customize the SEO settings for this event,"=GOOGLETRANSLATE(C558, ""en"", ""el"")",
src/components/routes/event/HomepageDesigner/index.tsx:253,,Customize the text shown on the continue button,"=GOOGLETRANSLATE(C559, ""en"", ""el"")",
src/components/common/EmailTemplateEditor/EmailTemplateEditor.tsx:112,,Customize your email template using Liquid templating,"=GOOGLETRANSLATE(C560, ""en"", ""el"")",
src/components/routes/event/GettingStarted/index.tsx:174,,Customize your event page,"=GOOGLETRANSLATE(C561, ""en"", ""el"")",
src/components/routes/event/GettingStarted/index.tsx:170,,Customize your event page to match your brand and style.,"=GOOGLETRANSLATE(C562, ""en"", ""el"")",
src/components/routes/organizer/OrganizerHomepageDesigner/index.tsx:171,,Customize your organizer page appearance,"=GOOGLETRANSLATE(C563, ""en"", ""el"")",
src/components/routes/organizer/Reports/index.tsx:18,,"Daily revenue, taxes, fees, and refunds across all events","=GOOGLETRANSLATE(C564, ""en"", ""el"")",
src/components/routes/event/Reports/index.tsx:23,,Daily Sales Report,"=GOOGLETRANSLATE(C565, ""en"", ""el"")",
src/components/routes/event/Reports/index.tsx:24,,"Daily sales, tax, and fee breakdown","=GOOGLETRANSLATE(C566, ""en"", ""el"")",
src/components/common/CapacityAssignmentList/index.tsx:158 | src/components/common/CheckInListList/index.tsx:178 | src/components/common/OrdersTable/index.tsx:182 | src/components/common/OrganizerWebhookTable/index.tsx:116 | src/components/common/ProductsTable/SortableProduct/index.tsx:498 | src/components/common/PromoCodeTable/index.tsx:188 | src/components/common/WebhookTable/index.tsx:116,,Danger zone,"=GOOGLETRANSLATE(C567, ""en"", ""el"")",
src/components/common/AttendeeTable/index.tsx:367 | src/components/common/DangerZone/index.tsx:30 | src/components/routes/event/Settings/index.tsx:88 | src/components/routes/organizer/Settings/index.tsx:71,,Danger Zone,"=GOOGLETRANSLATE(C568, ""en"", ""el"")",
src/components/common/ThemeColorControls/index.tsx:93,,Dark,"=GOOGLETRANSLATE(C569, ""en"", ""el"")",
src/components/layouts/Admin/index.tsx:13 | src/components/layouts/Event/index.tsx:96 | src/components/routes/organizer/OrganizerDashboard/index.tsx:162,,Dashboard,"=GOOGLETRANSLATE(C570, ""en"", ""el"")",
src/components/layouts/AuthLayout/index.tsx:61,,Data Ownership,"=GOOGLETRANSLATE(C571, ""en"", ""el"")",
src/components/common/AdminOrdersTable/index.tsx:94 | src/components/common/OrderDetails/index.tsx:39 | src/components/forms/QuestionForm/index.tsx:136 | src/components/routes/organizer/Reports/EventsPerformanceReport/index.tsx:56 | src/components/routes/organizer/Reports/RevenueSummaryReport/index.tsx:24,,Date,"=GOOGLETRANSLATE(C572, ""en"", ""el"")",
src/components/common/AttendeeTicket/index.tsx:75,,Date & Time,"=GOOGLETRANSLATE(C573, ""en"", ""el"")",
src/components/common/Editor/Controls/InsertLiquidVariableControl.tsx:35 | src/components/common/Editor/Controls/InsertLiquidVariableControl.tsx:69,,Date of the event,"=GOOGLETRANSLATE(C574, ""en"", ""el"")",
src/components/common/Editor/Controls/InsertLiquidVariableControl.tsx:23,,Date order was placed,"=GOOGLETRANSLATE(C575, ""en"", ""el"")",
src/components/forms/CapaciyAssigmentForm/index.tsx:38,,Day one capacity,"=GOOGLETRANSLATE(C576, ""en"", ""el"")",
src/components/routes/admin/Accounts/AccountDetail/index.tsx:94,,Default,"=GOOGLETRANSLATE(C577, ""en"", ""el"")",
src/components/routes/organizer/Settings/Sections/EventDefaults/index.tsx:82,,Default attendee information collection,"=GOOGLETRANSLATE(C578, ""en"", ""el"")",
src/components/routes/organizer/Settings/Sections/PlatformFeesSettings/index.tsx:44,,Default Fee Handling,"=GOOGLETRANSLATE(C579, ""en"", ""el"")",
src/components/common/EmailTemplateSettings/EmailTemplateSettingsBase.tsx:215,,Default template will be used,"=GOOGLETRANSLATE(C580, ""en"", ""el"")",
src/components/routes/event/Settings/Sections/DangerZoneSettings/index.tsx:101 | src/components/routes/organizer/Settings/Sections/DangerZoneSettings/index.tsx:107,,delete,"=GOOGLETRANSLATE(C581, ""en"", ""el"")",
src/components/common/ProductsTable/SortableProduct/index.tsx:504 | src/components/common/PromoCodeTable/index.tsx:43 | src/components/common/QuestionsTable/index.tsx:150 | src/components/common/TaxAndFeeList/index.tsx:78 | src/components/routes/admin/FailedJobs/index.tsx:209,,Delete,"=GOOGLETRANSLATE(C582, ""en"", ""el"")",
src/components/common/AffiliateTable/index.tsx:203,,Delete Affiliate,"=GOOGLETRANSLATE(C583, ""en"", ""el"")",
src/components/routes/admin/FailedJobs/index.tsx:135,,Delete All,"=GOOGLETRANSLATE(C584, ""en"", ""el"")",
src/components/common/CapacityAssignmentList/index.tsx:161,,Delete Capacity,"=GOOGLETRANSLATE(C585, ""en"", ""el"")",
src/components/common/ProductsTable/SortableCategory/index.tsx:150 | src/components/common/ProductsTable/SortableCategory/index.tsx:151,,Delete category,"=GOOGLETRANSLATE(C586, ""en"", ""el"")",
src/components/common/CheckInListList/index.tsx:181,,Delete Check-In List,"=GOOGLETRANSLATE(C587, ""en"", ""el"")",
src/components/common/PromoCodeTable/index.tsx:193,,Delete code,"=GOOGLETRANSLATE(C588, ""en"", ""el"")",
src/components/routes/event/Settings/Sections/DangerZoneSettings/index.tsx:82 | src/components/routes/event/Settings/Sections/DangerZoneSettings/index.tsx:116,,Delete Event,"=GOOGLETRANSLATE(C589, ""en"", ""el"")",
src/components/common/ImageUploadDropzone/index.tsx:255,,Delete image,"=GOOGLETRANSLATE(C590, ""en"", ""el"")",
src/components/routes/admin/FailedJobs/index.tsx:301,,Delete Job,"=GOOGLETRANSLATE(C591, ""en"", ""el"")",
src/components/routes/organizer/Settings/Sections/DangerZoneSettings/index.tsx:88 | src/components/routes/organizer/Settings/Sections/DangerZoneSettings/index.tsx:122,,Delete Organizer,"=GOOGLETRANSLATE(C592, ""en"", ""el"")",
src/components/common/EmailTemplateSettings/EmailTemplateSettingsBase.tsx:123,,Delete Template,"=GOOGLETRANSLATE(C593, ""en"", ""el"")",
src/components/common/QuestionsTable/index.tsx:197,,Delete this question? This cannot be undone.,"=GOOGLETRANSLATE(C594, ""en"", ""el"")",
src/components/common/OrganizerWebhookTable/index.tsx:127 | src/components/common/WebhookTable/index.tsx:127,,Delete webhook,"=GOOGLETRANSLATE(C595, ""en"", ""el"")",
src/components/forms/ProductForm/index.tsx:280 | src/components/forms/TaxAndFeeForm/index.tsx:81 | src/components/modals/DuplicateEventModal/index.tsx:115 | src/components/routes/event/Settings/Sections/EventDetailsForm/index.tsx:95 | src/components/routes/organizer/Settings/Sections/BasicSettings/index.tsx:86,,Description,"=GOOGLETRANSLATE(C596, ""en"", ""el"")",
src/components/forms/CheckInListForm/index.tsx:52,,Description for check-in staff,"=GOOGLETRANSLATE(C597, ""en"", ""el"")",
src/components/modals/DuplicateEventModal/index.tsx:149,,Deselect All,"=GOOGLETRANSLATE(C598, ""en"", ""el"")",
src/components/routes/event/TicketDesigner/index.tsx:122,,Design Elements,"=GOOGLETRANSLATE(C599, ""en"", ""el"")",
src/components/common/ProgressStepper/index.tsx:18 | src/components/common/ProgressStepper/index.tsx:23,,Details,"=GOOGLETRANSLATE(C600, ""en"", ""el"")",
src/components/routes/welcome/index.tsx:193,,Didn't receive the code?,"=GOOGLETRANSLATE(C601, ""en"", ""el"")",
src/components/forms/CapaciyAssigmentForm/index.tsx:27,,Disabling this capacity will track sales but not stop them when the limit is reached,"=GOOGLETRANSLATE(C602, ""en"", ""el"")",
src/components/routes/organizer/Settings/Sections/SocialLinks/index.tsx:71,,Discord,"=GOOGLETRANSLATE(C603, ""en"", ""el"")",
src/components/common/PromoCodeTable/index.tsx:75,,Discount,"=GOOGLETRANSLATE(C604, ""en"", ""el"")",
src/components/forms/PromoCodeForm/index.tsx:93,,Discount %,"=GOOGLETRANSLATE(C605, ""en"", ""el"")",
src/components/forms/PromoCodeForm/index.tsx:93,,Discount in {0},"=GOOGLETRANSLATE(C606, ""en"", ""el"")",
src/components/forms/PromoCodeForm/index.tsx:73,,Discount Type,"=GOOGLETRANSLATE(C607, ""en"", ""el"")",
src/components/routes/event/Settings/Sections/HomepageAndCheckoutSettings/index.tsx:132,,Display a checkbox allowing customers to opt-in to receive marketing communications from this event organizer.,"=GOOGLETRANSLATE(C608, ""en"", ""el"")",
src/components/routes/event/Settings/Sections/HomepageAndCheckoutSettings/index.tsx:139,,Display a mandatory checkbox requiring customers to consent to data collection policies.,"=GOOGLETRANSLATE(C609, ""en"", ""el"")",
src/components/routes/event/Settings/Sections/PaymentSettings/index.tsx:193,,Document Label,"=GOOGLETRANSLATE(C610, ""en"", ""el"")",
src/components/routes/account/ManageAccount/sections/PaymentSettings/index.tsx:692,,Documentation,"=GOOGLETRANSLATE(C611, ""en"", ""el"")",
src/components/common/AddToCalendarCTA/index.tsx:19,,Don't forget!,"=GOOGLETRANSLATE(C612, ""en"", ""el"")",
src/components/routes/auth/Login/index.tsx:82,,Don't have an account? <0>Sign up</0>,"=GOOGLETRANSLATE(C613, ""en"", ""el"")",
src/components/common/ProductsTable/SortableProduct/index.tsx:308,,Donation,"=GOOGLETRANSLATE(C614, ""en"", ""el"")",
src/components/forms/ProductForm/index.tsx:166,,Donation / Pay what you'd like product,"=GOOGLETRANSLATE(C615, ""en"", ""el"")",
src/components/modals/CheckInListSuccessModal/index.tsx:59 | src/components/modals/EventLiveCelebrationModal/index.tsx:123,,Done,"=GOOGLETRANSLATE(C616, ""en"", ""el"")",
src/components/common/CalendarOptionsPopover/index.tsx:38,,Download .ics,"=GOOGLETRANSLATE(C617, ""en"", ""el"")",
src/components/common/DownloadCsvButton/index.tsx:48,,Download CSV,"=GOOGLETRANSLATE(C618, ""en"", ""el"")",
src/components/common/OrdersTable/index.tsx:158,,Download invoice,"=GOOGLETRANSLATE(C619, ""en"", ""el"")",
src/components/layouts/Checkout/index.tsx:253,,Download Invoice,"=GOOGLETRANSLATE(C620, ""en"", ""el"")",
src/components/modals/ShareModal/index.tsx:228,,Download QR Code,"=GOOGLETRANSLATE(C621, ""en"", ""el"")",
src/components/routes/event/Reports/index.tsx:38,,"Download sales, attendee, and financial reports for all completed orders.","=GOOGLETRANSLATE(C622, ""en"", ""el"")",
src/components/common/OrdersTable/index.tsx:97 | src/components/layouts/Checkout/index.tsx:104,,Downloading Invoice,"=GOOGLETRANSLATE(C623, ""en"", ""el"")",
src/components/common/EventCard/index.tsx:86 | src/components/layouts/Event/index.tsx:193 | src/components/layouts/OrganizerLayout/index.tsx:214,,Draft,"=GOOGLETRANSLATE(C624, ""en"", ""el"")",
src/components/forms/QuestionForm/index.tsx:124,,Dropdown selection,"=GOOGLETRANSLATE(C625, ""en"", ""el"")",
src/components/common/EmailTemplateSettings/EmailTemplateSettingsBase.tsx:353,,"Due to the high risk of spam, you must connect a Stripe account before you can modify email templates. This is to ensure that all event organizers are verified and accountable.","=GOOGLETRANSLATE(C626, ""en"", ""el"")",
src/components/modals/SendMessageModal/index.tsx:241,,"Due to the high risk of spam, you must connect a Stripe account before you can send messages to attendees.\nThis is to ensure that all event organizers are verified and accountable.","=GOOGLETRANSLATE(C627, ""en"", ""el"")",
src/components/common/ProductsTable/SortableProduct/index.tsx:494,,Duplicate,"=GOOGLETRANSLATE(C628, ""en"", ""el"")",
src/components/common/EventCard/index.tsx:144,,Duplicate event,"=GOOGLETRANSLATE(C629, ""en"", ""el"")",
src/components/modals/DuplicateEventModal/index.tsx:100 | src/components/modals/DuplicateEventModal/index.tsx:177,,Duplicate Event,"=GOOGLETRANSLATE(C630, ""en"", ""el"")",
src/components/modals/DuplicateEventModal/index.tsx:135,,Duplicate Options,"=GOOGLETRANSLATE(C631, ""en"", ""el"")",
src/components/modals/DuplicateProductModal/index.tsx:113 | src/components/modals/DuplicateProductModal/index.tsx:117,,Duplicate Product,"=GOOGLETRANSLATE(C632, ""en"", ""el"")",
src/components/common/LanguageSwitcher/index.tsx:28,,Dutch,"=GOOGLETRANSLATE(C633, ""en"", ""el"")",
src/components/routes/event/Settings/Sections/WaitlistSettings/index.tsx:71,,e.g. 180 (3 hours),"=GOOGLETRANSLATE(C634, ""en"", ""el"")",
src/components/routes/event/HomepageDesigner/index.tsx:254,,"e.g., Get Tickets, Register Now","=GOOGLETRANSLATE(C635, ""en"", ""el"")",
src/components/modals/SendMessageModal/index.tsx:348,,"e.g., Important update about your tickets","=GOOGLETRANSLATE(C636, ""en"", ""el"")",
src/components/routes/admin/Configurations/index.tsx:221,,"e.g., Standard, Premium, Enterprise","=GOOGLETRANSLATE(C637, ""en"", ""el"")",
src/components/modals/OfferWaitlistModal/index.tsx:129,,Each person will receive an email with a reserved spot to complete their purchase.,"=GOOGLETRANSLATE(C638, ""en"", ""el"")",
src/components/forms/ProductForm/index.tsx:86,,Early bird,"=GOOGLETRANSLATE(C639, ""en"", ""el"")",
src/components/common/QuestionsTable/index.tsx:142 | src/components/common/TaxAndFeeList/index.tsx:70 | src/components/modals/ManageAttendeeModal/index.tsx:221 | src/components/modals/ManageOrderModal/index.tsx:203 | src/components/routes/admin/Accounts/AccountDetail/index.tsx:268 | src/components/routes/product-widget/OrderSummaryAndProducts/index.tsx:235,,Edit,"=GOOGLETRANSLATE(C640, ""en"", ""el"")",
src/components/common/ProductsTable/SortableProduct/index.tsx:488 | src/components/modals/EditTaxOrFeeModal/index.tsx:52,,Edit {0},"=GOOGLETRANSLATE(C641, ""en"", ""el"")",
src/components/common/EmailTemplateEditor/EmailTemplateEditor.tsx:106,,Edit {0} Template,"=GOOGLETRANSLATE(C642, ""en"", ""el"")",
src/components/common/AffiliateTable/index.tsx:175 | src/components/modals/EditAffiliateModal/index.tsx:81 | src/components/modals/EditAffiliateModal/index.tsx:93,,Edit Affiliate,"=GOOGLETRANSLATE(C643, ""en"", ""el"")",
src/components/common/QuestionAndAnswerList/index.tsx:159,,Edit Answer,"=GOOGLETRANSLATE(C644, ""en"", ""el"")",
src/components/modals/EditAccountConfigurationModal/index.tsx:85,,Edit Application Fees,"=GOOGLETRANSLATE(C645, ""en"", ""el"")",
src/components/routes/product-widget/OrderSummaryAndProducts/index.tsx:123,,Edit Attendee,"=GOOGLETRANSLATE(C646, ""en"", ""el"")",
src/components/routes/product-widget/OrderSummaryAndProducts/EditAttendeeModal/index.tsx:45,,Edit Attendee Details,"=GOOGLETRANSLATE(C647, ""en"", ""el"")",
src/components/common/CapacityAssignmentList/index.tsx:148,,Edit Capacity,"=GOOGLETRANSLATE(C648, ""en"", ""el"")",
src/components/modals/EditCapacityAssignmentModal/index.tsx:66 | src/components/modals/EditCapacityAssignmentModal/index.tsx:74,,Edit Capacity Assignment,"=GOOGLETRANSLATE(C649, ""en"", ""el"")",
src/components/common/ProductsTable/SortableCategory/index.tsx:141 | src/components/common/ProductsTable/SortableCategory/index.tsx:142,,Edit category,"=GOOGLETRANSLATE(C650, ""en"", ""el"")",
src/components/common/CheckInListList/index.tsx:150 | src/components/modals/EditCheckInListModal/index.tsx:71 | src/components/modals/EditCheckInListModal/index.tsx:97,,Edit Check-In List,"=GOOGLETRANSLATE(C651, ""en"", ""el"")",
src/components/common/PromoCodeTable/index.tsx:176,,Edit Code,"=GOOGLETRANSLATE(C652, ""en"", ""el"")",
src/components/routes/admin/Configurations/index.tsx:206,,Edit Configuration,"=GOOGLETRANSLATE(C653, ""en"", ""el"")",
src/components/routes/product-widget/OrderSummaryAndProducts/EditOrderModal/index.tsx:45,,Edit Order Details,"=GOOGLETRANSLATE(C654, ""en"", ""el"")",
src/components/modals/EditOrganizerModal/index.tsx:63,,Edit Organizer,"=GOOGLETRANSLATE(C655, ""en"", ""el"")",
src/components/modals/EditProductModal/index.tsx:106 | src/components/modals/EditProductModal/index.tsx:114,,Edit Product,"=GOOGLETRANSLATE(C656, ""en"", ""el"")",
src/components/modals/EditProductCategoryModal/index.tsx:62 | src/components/modals/EditProductCategoryModal/index.tsx:70,,Edit Product Category,"=GOOGLETRANSLATE(C657, ""en"", ""el"")",
src/components/modals/EditPromoCodeModal/index.tsx:79 | src/components/modals/EditPromoCodeModal/index.tsx:84,,Edit Promo Code,"=GOOGLETRANSLATE(C658, ""en"", ""el"")",
src/components/modals/EditQuestionModal/index.tsx:95 | src/components/modals/EditQuestionModal/index.tsx:101,,Edit Question,"=GOOGLETRANSLATE(C659, ""en"", ""el"")",
src/components/routes/account/ManageAccount/sections/Users/index.tsx:120,,Edit user,"=GOOGLETRANSLATE(C660, ""en"", ""el"")",
src/components/modals/EditUserModal/index.tsx:68 | src/components/modals/EditUserModal/index.tsx:126,,Edit User,"=GOOGLETRANSLATE(C661, ""en"", ""el"")",
src/components/modals/EditAccountVatSettingsModal/index.tsx:111,,Edit VAT Settings,"=GOOGLETRANSLATE(C662, ""en"", ""el"")",
src/components/common/OrganizerWebhookTable/index.tsx:104 | src/components/common/WebhookTable/index.tsx:104,,Edit webhook,"=GOOGLETRANSLATE(C663, ""en"", ""el"")",
src/components/modals/EditOrganizerWebhookModal/index.tsx:65 | src/components/modals/EditOrganizerWebhookModal/index.tsx:86 | src/components/modals/EditWebhookModal/index.tsx:66 | src/components/modals/EditWebhookModal/index.tsx:87,,Edit Webhook,"=GOOGLETRANSLATE(C664, ""en"", ""el"")",
src/components/common/EmailTemplateEditor/EmailTemplateEditor.tsx:136,,Editor,"=GOOGLETRANSLATE(C665, ""en"", ""el"")",
src/constants/eventCategories.ts:19,,Education,"=GOOGLETRANSLATE(C666, ""en"", ""el"")",
src/components/forms/TaxAndFeeForm/index.tsx:74,,eg. 2.50 for $2.50,"=GOOGLETRANSLATE(C667, ""en"", ""el"")",
src/components/forms/TaxAndFeeForm/index.tsx:74,,eg. 23.5 for 23.5%,"=GOOGLETRANSLATE(C668, ""en"", ""el"")",
src/components/routes/admin/Messages/index.tsx:324,,Eligibility Failures,"=GOOGLETRANSLATE(C669, ""en"", ""el"")",
src/components/common/CheckInStatusModal/index.tsx:162,,Eligible Check-In Lists,"=GOOGLETRANSLATE(C670, ""en"", ""el"")",
src/components/common/AttendeeDetails/index.tsx:22 | src/components/common/OrderDetails/index.tsx:31 | src/components/common/QuestionsTable/index.tsx:253 | src/components/forms/AffiliateForm/index.tsx:89 | src/components/modals/EditUserModal/index.tsx:86 | src/components/modals/InviteUserModal/index.tsx:67 | src/components/modals/JoinWaitlistModal/index.tsx:171 | src/components/routes/admin/Accounts/AccountDetail/index.tsx:128 | src/components/routes/admin/Dashboard/index.tsx:401 | src/components/routes/auth/AcceptInvitation/index.tsx:112 | src/components/routes/auth/ForgotPassword/index.tsx:65 | src/components/routes/auth/Login/index.tsx:93 | src/components/routes/auth/Register/index.tsx:104 | src/components/routes/organizer/Settings/Sections/BasicSettings/index.tsx:78 | src/components/routes/product-widget/OrderSummaryAndProducts/EditAttendeeModal/index.tsx:68 | src/components/routes/product-widget/OrderSummaryAndProducts/EditOrderModal/index.tsx:68 | src/components/routes/product-widget/OrderSummaryAndProducts/index.tsx:251 | src/components/routes/profile/ManageProfile/index.tsx:156,,Email,"=GOOGLETRANSLATE(C671, ""en"", ""el"")",
src/components/routes/event/Settings/Sections/EmailSettings/GeneralEmailSettings.tsx:58,,Email & Notification Settings,"=GOOGLETRANSLATE(C672, ""en"", ""el"")",
src/components/routes/event/Settings/index.tsx:64,,Email & Templates,"=GOOGLETRANSLATE(C673, ""en"", ""el"")",
src/components/modals/CreateAttendeeModal/index.tsx:143 | src/components/modals/ManageAttendeeModal/index.tsx:114 | src/components/modals/ManageOrderModal/index.tsx:157,,Email address,"=GOOGLETRANSLATE(C674, ""en"", ""el"")",
src/components/routes/product-widget/CollectInformation/index.tsx:454 | src/components/routes/product-widget/CollectInformation/index.tsx:455 | src/components/routes/product-widget/CollectInformation/index.tsx:678 | src/components/routes/product-widget/CollectInformation/index.tsx:679,,Email Address,"=GOOGLETRANSLATE(C675, ""en"", ""el"")",
src/components/common/AttendeeTable/index.tsx:118 | src/components/common/OrdersTable/index.tsx:114,,Email address copied to clipboard,"=GOOGLETRANSLATE(C676, ""en"", ""el"")",
src/components/routes/product-widget/CollectInformation/index.tsx:113 | src/components/routes/product-widget/CollectInformation/index.tsx:124,,Email addresses do not match,"=GOOGLETRANSLATE(C677, ""en"", ""el"")",
src/components/common/EmailTemplateEditor/EmailTemplateEditor.tsx:149,,Email Body,"=GOOGLETRANSLATE(C678, ""en"", ""el"")",
src/components/routes/profile/ManageProfile/index.tsx:87,,Email change cancelled successfully,"=GOOGLETRANSLATE(C679, ""en"", ""el"")",
src/components/routes/profile/ManageProfile/index.tsx:126,,Email change pending,"=GOOGLETRANSLATE(C680, ""en"", ""el"")",
src/components/routes/profile/ManageProfile/index.tsx:169,,Email confirmation resent,"=GOOGLETRANSLATE(C681, ""en"", ""el"")",
src/components/layouts/Event/index.tsx:76 | src/components/layouts/OrganizerLayout/index.tsx:104 | src/components/routes/profile/ManageProfile/index.tsx:100,,Email confirmation resent successfully,"=GOOGLETRANSLATE(C682, ""en"", ""el"")",
src/components/routes/event/Settings/Sections/EmailSettings/GeneralEmailSettings.tsx:70,,Email footer message,"=GOOGLETRANSLATE(C683, ""en"", ""el"")",
src/components/common/ContactOrganizerModal/index.tsx:34 | src/components/routes/product-widget/OrderSummaryAndProducts/EditAttendeeModal/index.tsx:32 | src/components/routes/product-widget/OrderSummaryAndProducts/EditOrderModal/index.tsx:32,,Email is required,"=GOOGLETRANSLATE(C684, ""en"", ""el"")",
src/components/routes/profile/ManageProfile/index.tsx:159,,Email not verified,"=GOOGLETRANSLATE(C685, ""en"", ""el"")",
src/components/common/EmailTemplateEditor/EmailTemplatePreviewPane.tsx:27,,Email Preview,"=GOOGLETRANSLATE(C686, ""en"", ""el"")",
src/components/common/EmailTemplateSettings/EmailTemplateSettingsBase.tsx:338 | src/components/routes/organizer/Settings/index.tsx:65,,Email Templates,"=GOOGLETRANSLATE(C687, ""en"", ""el"")",
src/components/layouts/OrganizerLayout/index.tsx:290,,Email Verification Required,"=GOOGLETRANSLATE(C688, ""en"", ""el"")",
src/components/routes/welcome/index.tsx:97,,Email verified successfully!,"=GOOGLETRANSLATE(C689, ""en"", ""el"")",
src/components/common/WidgetEditor/index.tsx:246 | src/components/common/WidgetEditor/index.tsx:275,,Embed Code,"=GOOGLETRANSLATE(C690, ""en"", ""el"")",
src/components/common/WidgetEditor/index.tsx:262,,Embed Script,"=GOOGLETRANSLATE(C691, ""en"", ""el"")",
src/components/modals/EventLiveCelebrationModal/index.tsx:113,,Embed Widget,"=GOOGLETRANSLATE(C692, ""en"", ""el"")",
src/components/common/SelfServiceSettings/index.tsx:19,,Enable attendee self-service,"=GOOGLETRANSLATE(C693, ""en"", ""el"")",
src/components/common/SelfServiceSettings/index.tsx:18,,Enable attendee self-service by default,"=GOOGLETRANSLATE(C694, ""en"", ""el"")",
src/components/routes/event/Settings/Sections/PaymentSettings/index.tsx:184,,Enable Invoicing,"=GOOGLETRANSLATE(C695, ""en"", ""el"")",
src/components/forms/CapaciyAssigmentForm/index.tsx:21,,Enable this capacity to stop product sales when the limit is reached,"=GOOGLETRANSLATE(C696, ""en"", ""el"")",
src/components/common/EmailTemplateEditor/EmailTemplateEditor.tsx:191,,Enable this template for sending emails,"=GOOGLETRANSLATE(C697, ""en"", ""el"")",
src/components/forms/ProductForm/index.tsx:493,,Enable Waitlist,"=GOOGLETRANSLATE(C698, ""en"", ""el"")",
src/components/forms/WebhookForm/index.tsx:22,,Enabled,"=GOOGLETRANSLATE(C699, ""en"", ""el"")",
src/components/common/AdminEventsTable/index.tsx:107 | src/components/modals/DuplicateEventModal/index.tsx:129 | src/components/routes/event/Settings/Sections/EventDetailsForm/index.tsx:109,,End Date,"=GOOGLETRANSLATE(C700, ""en"", ""el"")",
src/components/modals/CreateEventModal/index.tsx:232,,End Date & Time (optional),"=GOOGLETRANSLATE(C701, ""en"", ""el"")",
src/components/modals/CreateEventModal/index.tsx:43 | src/components/routes/welcome/index.tsx:236,,End date must be after start date,"=GOOGLETRANSLATE(C702, ""en"", ""el"")",
src/components/routes/welcome/index.tsx:385,,End time (optional),"=GOOGLETRANSLATE(C703, ""en"", ""el"")",
src/components/common/EventCard/index.tsx:83 | src/components/common/EventsDashboardStatusButtons/index.tsx:26 | src/components/common/EventStatusBadge/index.tsx:14 | src/components/common/ProductsTable/SortableProduct/index.tsx:89 | src/components/common/ProductsTable/SortableProduct/index.tsx:438,,Ended,"=GOOGLETRANSLATE(C704, ""en"", ""el"")",
src/components/common/LanguageSwitcher/index.tsx:18 | src/components/common/LanguageSwitcher/index.tsx:60 | src/components/modals/CreateAttendeeModal/index.tsx:156,,English,"=GOOGLETRANSLATE(C705, ""en"", ""el"")",
src/components/forms/CheckInListForm/index.tsx:61,,Enter a password to protect this list,"=GOOGLETRANSLATE(C706, ""en"", ""el"")",
src/components/common/EmailTemplateEditor/EmailTemplatePreviewPane.tsx:58,,Enter a subject and body to see the preview,"=GOOGLETRANSLATE(C707, ""en"", ""el"")",
src/components/forms/AffiliateForm/index.tsx:91,,Enter affiliate email (optional),"=GOOGLETRANSLATE(C708, ""en"", ""el"")",
src/components/forms/AffiliateForm/index.tsx:83,,Enter affiliate name,"=GOOGLETRANSLATE(C709, ""en"", ""el"")",
src/components/modals/CreateAttendeeModal/index.tsx:181,,Enter an amount excluding taxes and fees.,"=GOOGLETRANSLATE(C710, ""en"", ""el"")",
src/components/modals/EditAccountVatSettingsModal/index.tsx:149,,Enter business address,"=GOOGLETRANSLATE(C711, ""en"", ""el"")",
src/components/modals/EditAccountVatSettingsModal/index.tsx:142,,Enter business name,"=GOOGLETRANSLATE(C712, ""en"", ""el"")",
src/components/routes/product-widget/OrderSummaryAndProducts/EditAttendeeModal/index.tsx:69 | src/components/routes/product-widget/OrderSummaryAndProducts/EditOrderModal/index.tsx:69,,Enter email,"=GOOGLETRANSLATE(C713, ""en"", ""el"")",
src/components/common/EmailTemplateEditor/EmailTemplateEditor.tsx:128,,Enter email subject...,"=GOOGLETRANSLATE(C714, ""en"", ""el"")",
src/components/routes/product-widget/OrderSummaryAndProducts/EditAttendeeModal/index.tsx:54 | src/components/routes/product-widget/OrderSummaryAndProducts/EditOrderModal/index.tsx:54,,Enter first name,"=GOOGLETRANSLATE(C715, ""en"", ""el"")",
src/components/routes/product-widget/OrderSummaryAndProducts/EditAttendeeModal/index.tsx:61 | src/components/routes/product-widget/OrderSummaryAndProducts/EditOrderModal/index.tsx:61,,Enter last name,"=GOOGLETRANSLATE(C716, ""en"", ""el"")",
src/components/routes/auth/ResetPassword/index.tsx:65,,Enter new password,"=GOOGLETRANSLATE(C717, ""en"", ""el"")",
src/components/modals/EditAccountVatSettingsModal/index.tsx:124,,Enter the VAT number including country code,"=GOOGLETRANSLATE(C718, ""en"", ""el"")",
src/components/forms/AffiliateForm/index.tsx:39,,Enter unique affiliate code,"=GOOGLETRANSLATE(C719, ""en"", ""el"")",
src/components/common/ContactOrganizerModal/index.tsx:80 | src/components/routes/auth/Login/index.tsx:150 | src/components/routes/my-tickets/index.tsx:192,,Enter your email,"=GOOGLETRANSLATE(C720, ""en"", ""el"")",
src/components/routes/auth/ForgotPassword/index.tsx:58,,Enter your email and we'll send you instructions to reset your password.,"=GOOGLETRANSLATE(C721, ""en"", ""el"")",
src/components/common/ContactOrganizerModal/index.tsx:74,,Enter your name,"=GOOGLETRANSLATE(C722, ""en"", ""el"")",
src/components/routes/account/ManageAccount/sections/PaymentSettings/VatSettings/VatSettingsForm.tsx:217,,"Enter your VAT number including the country code, without spaces (e.g., IE1234567A, DE123456789)","=GOOGLETRANSLATE(C723, ""en"", ""el"")",
src/components/common/WaitlistTable/index.tsx:240,,Entries will appear here when customers join the waitlist for sold out products.,"=GOOGLETRANSLATE(C724, ""en"", ""el"")",
src/components/common/OrdersTable/index.tsx:105 | src/components/common/OrganizerWebhookTable/index.tsx:149 | src/components/layouts/Checkout/index.tsx:112,,Error,"=GOOGLETRANSLATE(C725, ""en"", ""el"")",
src/components/routes/profile/ConfirmEmailAddress/index.tsx:27,,Error confirming email address,"=GOOGLETRANSLATE(C726, ""en"", ""el"")",
src/components/routes/profile/ConfirmEmailChange/index.tsx:35,,Error confirming email change,"=GOOGLETRANSLATE(C727, ""en"", ""el"")",
src/components/modals/OrganizerWebhookLogsModal/index.tsx:152 | src/components/modals/WebhookLogsModal/index.tsx:166,,Error loading logs,"=GOOGLETRANSLATE(C728, ""en"", ""el"")",
src/components/routes/account/ManageAccount/sections/PaymentSettings/VatSettings/index.tsx:68 | src/components/routes/account/ManageAccount/sections/PaymentSettings/VatSettings/VatSettingsModal.tsx:30,,EU VAT-registered businesses: Reverse charge mechanism applies (0% - Article 196 of VAT Directive 2006/112/EC),"=GOOGLETRANSLATE(C729, ""en"", ""el"")",
src/components/routes/account/ManageAccount/sections/AccountSettings/index.tsx:74 | src/components/routes/event/Settings/Sections/EventDetailsForm/index.tsx:118 | src/components/routes/organizer/Settings/Sections/BasicSettings/index.tsx:117,,EUR,"=GOOGLETRANSLATE(C730, ""en"", ""el"")",
src/components/common/AdminOrdersTable/index.tsx:72 | src/components/common/Editor/Controls/InsertLiquidVariableControl.tsx:34 | src/components/common/Editor/Controls/InsertLiquidVariableControl.tsx:35 | src/components/common/Editor/Controls/InsertLiquidVariableControl.tsx:36 | src/components/common/Editor/Controls/InsertLiquidVariableControl.tsx:37 | src/components/common/Editor/Controls/InsertLiquidVariableControl.tsx:38 | src/components/common/Editor/Controls/InsertLiquidVariableControl.tsx:39 | src/components/common/Editor/Controls/InsertLiquidVariableControl.tsx:40 | src/components/common/Editor/Controls/InsertLiquidVariableControl.tsx:68 | src/components/common/Editor/Controls/InsertLiquidVariableControl.tsx:69 | src/components/common/Editor/Controls/InsertLiquidVariableControl.tsx:70 | src/components/common/Editor/Controls/InsertLiquidVariableControl.tsx:71 | src/components/common/Editor/Controls/InsertLiquidVariableControl.tsx:72 | src/components/common/Editor/Controls/InsertLiquidVariableControl.tsx:73 | src/components/common/Editor/Controls/InsertLiquidVariableControl.tsx:74 | src/components/routes/admin/Dashboard/index.tsx:256 | src/components/routes/admin/Dashboard/index.tsx:305 | src/components/routes/admin/Messages/index.tsx:163 | src/components/routes/admin/Messages/index.tsx:277 | src/components/routes/events/Dashboard/index.tsx:184 | src/components/routes/organizer/Reports/CheckInSummaryReport/index.tsx:19 | src/components/routes/organizer/Reports/EventsPerformanceReport/index.tsx:41 | src/components/routes/organizer/Reports/PlatformFeesReport/index.tsx:43 | src/components/routes/organizer/Reports/TaxSummaryReport/index.tsx:23,,Event,"=GOOGLETRANSLATE(C731, ""en"", ""el"")",
src/components/forms/WebhookForm/index.tsx:55,,Event Archived,"=GOOGLETRANSLATE(C732, ""en"", ""el"")",
src/components/routes/event/Settings/Sections/DangerZoneSettings/index.tsx:54,,Event archived successfully,"=GOOGLETRANSLATE(C733, ""en"", ""el"")",
src/components/modals/CreateEventModal/index.tsx:185,,Event Category,"=GOOGLETRANSLATE(C734, ""en"", ""el"")",
src/components/modals/DuplicateEventModal/index.tsx:30,,Event Cover Image,"=GOOGLETRANSLATE(C735, ""en"", ""el"")",
src/components/forms/WebhookForm/index.tsx:43,,Event Created,"=GOOGLETRANSLATE(C736, ""en"", ""el"")",
src/components/common/EmailTemplateSettings/EmailTemplateSettingsBase.tsx:225,,Event custom template,"=GOOGLETRANSLATE(C737, ""en"", ""el"")",
src/components/common/Editor/Controls/InsertLiquidVariableControl.tsx:35 | src/components/common/Editor/Controls/InsertLiquidVariableControl.tsx:69 | src/components/routes/my-tickets/index.tsx:62 | src/components/routes/organizer/Reports/CheckInSummaryReport/index.tsx:29 | src/components/routes/product-widget/OrderSummaryAndProducts/index.tsx:306,,Event Date,"=GOOGLETRANSLATE(C738, ""en"", ""el"")",
src/components/routes/account/ManageAccount/sections/EventDefaultsSettings/index.tsx:5 | src/components/routes/organizer/Settings/index.tsx:35 | src/components/routes/organizer/Settings/Sections/EventDefaults/index.tsx:73,,Event Defaults,"=GOOGLETRANSLATE(C739, ""en"", ""el"")",
src/components/routes/event/Settings/Sections/DangerZoneSettings/index.tsx:34,,Event deleted successfully,"=GOOGLETRANSLATE(C740, ""en"", ""el"")",
src/components/common/Editor/Controls/InsertLiquidVariableControl.tsx:38 | src/components/common/Editor/Controls/InsertLiquidVariableControl.tsx:72 | src/components/modals/CreateEventModal/index.tsx:197,,Event Description,"=GOOGLETRANSLATE(C741, ""en"", ""el"")",
src/components/common/Editor/Controls/InsertLiquidVariableControl.tsx:38 | src/components/common/Editor/Controls/InsertLiquidVariableControl.tsx:72,,Event details,"=GOOGLETRANSLATE(C742, ""en"", ""el"")",
src/components/routes/event/Settings/index.tsx:40 | src/components/routes/event/Settings/Sections/EventDetailsForm/index.tsx:70 | src/components/routes/product-widget/OrderSummaryAndProducts/index.tsx:605,,Event Details,"=GOOGLETRANSLATE(C743, ""en"", ""el"")",
src/components/modals/DuplicateEventModal/index.tsx:89,,Event duplicated successfully,"=GOOGLETRANSLATE(C744, ""en"", ""el"")",
src/components/common/Editor/Controls/InsertLiquidVariableControl.tsx:37,,Event Full Address,"=GOOGLETRANSLATE(C745, ""en"", ""el"")",
src/components/layouts/Checkout/index.tsx:197,,Event Homepage,"=GOOGLETRANSLATE(C746, ""en"", ""el"")",
src/components/common/Editor/Controls/InsertLiquidVariableControl.tsx:71,,Event Location,"=GOOGLETRANSLATE(C747, ""en"", ""el"")",
src/components/routes/event/Settings/Sections/LocationSettings/index.tsx:88,,Event location & venue details,"=GOOGLETRANSLATE(C748, ""en"", ""el"")",
src/components/layouts/AuthLayout/index.tsx:84,,Event Management Platform,"=GOOGLETRANSLATE(C749, ""en"", ""el"")",
src/components/routes/welcome/index.tsx:352,,Event name,"=GOOGLETRANSLATE(C750, ""en"", ""el"")",
src/components/modals/CreateEventModal/index.tsx:176,,Event Name,"=GOOGLETRANSLATE(C751, ""en"", ""el"")",
src/components/routes/welcome/index.tsx:232,,Event name is required,"=GOOGLETRANSLATE(C752, ""en"", ""el"")",
src/components/modals/CreateEventModal/index.tsx:40,,Event name should be less than 150 characters,"=GOOGLETRANSLATE(C753, ""en"", ""el"")",
src/components/layouts/EventHomepage/EventNotAvailable/index.tsx:9 | src/components/layouts/EventHomepage/EventNotAvailable/index.tsx:11,,Event Not Available,"=GOOGLETRANSLATE(C754, ""en"", ""el"")",
src/components/common/Editor/Controls/InsertLiquidVariableControl.tsx:44 | src/components/common/Editor/Controls/InsertLiquidVariableControl.tsx:77,,Event organizer name,"=GOOGLETRANSLATE(C755, ""en"", ""el"")",
src/components/layouts/Event/index.tsx:248,,Event Page,"=GOOGLETRANSLATE(C756, ""en"", ""el"")",
src/components/routes/event/Settings/Sections/DangerZoneSettings/index.tsx:54,,Event restored successfully,"=GOOGLETRANSLATE(C757, ""en"", ""el"")",
src/components/layouts/Event/index.tsx:106 | src/components/routes/event/Settings/index.tsx:159,,Event Settings,"=GOOGLETRANSLATE(C758, ""en"", ""el"")",
src/components/common/EventCard/index.tsx:72 | src/components/common/StatusToggle/index.tsx:65 | src/components/layouts/Event/index.tsx:172 | src/components/routes/event/EventDashboard/index.tsx:90 | src/components/routes/event/GettingStarted/index.tsx:68,,Event status update failed. Please try again later,"=GOOGLETRANSLATE(C759, ""en"", ""el"")",
src/components/common/EventCard/index.tsx:69 | src/components/common/StatusToggle/index.tsx:57 | src/components/layouts/Event/index.tsx:168 | src/components/routes/event/EventDashboard/index.tsx:87 | src/components/routes/event/GettingStarted/index.tsx:65,,Event status updated,"=GOOGLETRANSLATE(C760, ""en"", ""el"")",
src/components/common/Editor/Controls/InsertLiquidVariableControl.tsx:36 | src/components/common/Editor/Controls/InsertLiquidVariableControl.tsx:70,,Event Time,"=GOOGLETRANSLATE(C761, ""en"", ""el"")",
src/components/common/Editor/Controls/InsertLiquidVariableControl.tsx:39 | src/components/common/Editor/Controls/InsertLiquidVariableControl.tsx:73,,Event timezone,"=GOOGLETRANSLATE(C762, ""en"", ""el"")",
src/components/common/Editor/Controls/InsertLiquidVariableControl.tsx:39 | src/components/common/Editor/Controls/InsertLiquidVariableControl.tsx:73,,Event Timezone,"=GOOGLETRANSLATE(C763, ""en"", ""el"")",
src/components/common/AdminEventsTable/index.tsx:84 | src/components/common/Editor/Controls/InsertLiquidVariableControl.tsx:34 | src/components/common/Editor/Controls/InsertLiquidVariableControl.tsx:68,,Event Title,"=GOOGLETRANSLATE(C764, ""en"", ""el"")",
src/components/routes/admin/Messages/index.tsx:77,,Event Too New,"=GOOGLETRANSLATE(C765, ""en"", ""el"")",
src/components/common/OrganizerWebhookTable/index.tsx:237 | src/components/common/WebhookTable/index.tsx:237 | src/components/forms/WebhookForm/index.tsx:143,,Event Types,"=GOOGLETRANSLATE(C766, ""en"", ""el"")",
src/components/forms/WebhookForm/index.tsx:49,,Event Updated,"=GOOGLETRANSLATE(C767, ""en"", ""el"")",
src/components/common/Editor/Controls/InsertLiquidVariableControl.tsx:40 | src/components/common/Editor/Controls/InsertLiquidVariableControl.tsx:74,,Event Venue,"=GOOGLETRANSLATE(C768, ""en"", ""el"")",
src/components/common/AdminAccountsTable/index.tsx:82 | src/components/layouts/Admin/index.tsx:16 | src/components/layouts/OrganizerLayout/index.tsx:89 | src/components/routes/admin/Accounts/AccountDetail/index.tsx:159 | src/components/routes/admin/Attribution/index.tsx:133 | src/components/routes/admin/Dashboard/index.tsx:403 | src/components/routes/admin/Events/index.tsx:77 | src/components/routes/organizer/Events/index.tsx:45,,Events,"=GOOGLETRANSLATE(C769, ""en"", ""el"")",
src/components/routes/organizer/Reports/EventsPerformanceReport/index.tsx:120 | src/components/routes/organizer/Reports/index.tsx:23,,Events Performance,"=GOOGLETRANSLATE(C770, ""en"", ""el"")",
src/components/routes/admin/Dashboard/index.tsx:450,,Events Starting in Next 24 Hours,"=GOOGLETRANSLATE(C771, ""en"", ""el"")",
src/components/common/EmailTemplateEditor/CTAConfiguration.tsx:23,,Every email template must include a call-to-action button that links to the appropriate page,"=GOOGLETRANSLATE(C772, ""en"", ""el"")",
src/components/common/QuestionsTable/index.tsx:494,,"Examples: \""How did you hear about us?\"", \""Company name for invoice\""","=GOOGLETRANSLATE(C773, ""en"", ""el"")",
src/components/common/QuestionsTable/index.tsx:495,,"Examples: \""T-shirt size\"", \""Meal preference\"", \""Job title\""","=GOOGLETRANSLATE(C774, ""en"", ""el"")",
src/components/routes/admin/FailedJobs/index.tsx:166 | src/components/routes/admin/FailedJobs/index.tsx:265,,Exception,"=GOOGLETRANSLATE(C775, ""en"", ""el"")",
src/components/forms/CheckInListForm/index.tsx:89,,Expiration date,"=GOOGLETRANSLATE(C776, ""en"", ""el"")",
src/components/common/WaitlistTable/index.tsx:28 | src/components/routes/event/SoldOutWaitlist/index.tsx:74,,Expired,"=GOOGLETRANSLATE(C777, ""en"", ""el"")",
src/components/common/PromoCodeTable/index.tsx:78,,Expires,"=GOOGLETRANSLATE(C778, ""en"", ""el"")",
src/components/forms/PromoCodeForm/index.tsx:109,,Expiry Date,"=GOOGLETRANSLATE(C779, ""en"", ""el"")",
src/components/routes/event/Affiliates/index.tsx:84 | src/components/routes/event/attendees.tsx:209 | src/components/routes/event/orders.tsx:142,,Export,"=GOOGLETRANSLATE(C780, ""en"", ""el"")",
src/components/common/QuestionsTable/index.tsx:403,,Export Answers,"=GOOGLETRANSLATE(C781, ""en"", ""el"")",
src/components/common/OrganizerReportTable/index.tsx:347,,Export CSV,"=GOOGLETRANSLATE(C782, ""en"", ""el"")",
src/mutations/useExportAnswers.ts:39,,Export failed. Please try again.,"=GOOGLETRANSLATE(C783, ""en"", ""el"")",
src/mutations/useExportAnswers.ts:17,,Export started. Preparing file...,"=GOOGLETRANSLATE(C784, ""en"", ""el"")",
src/components/common/OrganizerReportTable/index.tsx:204,,Export successful,"=GOOGLETRANSLATE(C785, ""en"", ""el"")",
src/components/routes/event/Affiliates/index.tsx:45,,Exporting Affiliates,"=GOOGLETRANSLATE(C786, ""en"", ""el"")",
src/components/routes/event/attendees.tsx:129,,Exporting Attendees,"=GOOGLETRANSLATE(C787, ""en"", ""el"")",
src/mutations/useExportAnswers.ts:33,,Exporting complete. Downloading file...,"=GOOGLETRANSLATE(C788, ""en"", ""el"")",
src/components/routes/event/orders.tsx:90,,Exporting Orders,"=GOOGLETRANSLATE(C789, ""en"", ""el"")",
src/components/routes/organizer/Settings/Sections/SocialLinks/index.tsx:46,,Facebook,"=GOOGLETRANSLATE(C790, ""en"", ""el"")",
src/components/routes/admin/Messages/index.tsx:127,,Failed,"=GOOGLETRANSLATE(C791, ""en"", ""el"")",
src/components/routes/admin/FailedJobs/index.tsx:165 | src/components/routes/admin/FailedJobs/index.tsx:261,,Failed At,"=GOOGLETRANSLATE(C792, ""en"", ""el"")",
src/components/layouts/Admin/index.tsx:20 | src/components/routes/admin/FailedJobs/index.tsx:114,,Failed Jobs,"=GOOGLETRANSLATE(C793, ""en"", ""el"")",
src/components/layouts/Checkout/index.tsx:127,,Failed to abandon order. Please try again.,"=GOOGLETRANSLATE(C794, ""en"", ""el"")",
src/components/routes/admin/Accounts/AccountDetail/index.tsx:43,,Failed to assign configuration,"=GOOGLETRANSLATE(C795, ""en"", ""el"")",
src/components/common/AttendeeTable/index.tsx:103,,Failed to cancel attendee,"=GOOGLETRANSLATE(C796, ""en"", ""el"")",
src/components/routes/event/messages.tsx:43,,Failed to cancel message,"=GOOGLETRANSLATE(C797, ""en"", ""el"")",
src/components/modals/CancelOrderModal/index.tsx:46,,Failed to cancel order,"=GOOGLETRANSLATE(C798, ""en"", ""el"")",
src/components/modals/CreateAffiliateModal/index.tsx:62,,Failed to create affiliate,"=GOOGLETRANSLATE(C799, ""en"", ""el"")",
src/components/routes/admin/Configurations/index.tsx:199,,Failed to create configuration,"=GOOGLETRANSLATE(C800, ""en"", ""el"")",
src/components/common/EmailTemplateSettings/EmailTemplateSettingsBase.tsx:184 | src/components/common/EmailTemplateSettings/EmailTemplateSettingsBase.tsx:187,,Failed to create template,"=GOOGLETRANSLATE(C801, ""en"", ""el"")",
src/components/routes/admin/Configurations/index.tsx:42,,Failed to delete configuration,"=GOOGLETRANSLATE(C802, ""en"", ""el"")",
src/components/routes/event/Settings/Sections/DangerZoneSettings/index.tsx:38,,Failed to delete event,"=GOOGLETRANSLATE(C803, ""en"", ""el"")",
src/components/routes/admin/FailedJobs/index.tsx:68,,Failed to delete job,"=GOOGLETRANSLATE(C804, ""en"", ""el"")",
src/components/routes/admin/FailedJobs/index.tsx:93,,Failed to delete jobs,"=GOOGLETRANSLATE(C805, ""en"", ""el"")",
src/components/routes/organizer/Settings/Sections/DangerZoneSettings/index.tsx:44,,Failed to delete organizer,"=GOOGLETRANSLATE(C806, ""en"", ""el"")",
src/components/common/QuestionsTable/index.tsx:203,,Failed to delete question,"=GOOGLETRANSLATE(C807, ""en"", ""el"")",
src/components/common/EmailTemplateSettings/EmailTemplateSettingsBase.tsx:118 | src/components/common/EmailTemplateSettings/EmailTemplateSettingsBase.tsx:119,,Failed to delete template,"=GOOGLETRANSLATE(C808, ""en"", ""el"")",
src/components/common/OrdersTable/index.tsx:106 | src/components/layouts/Checkout/index.tsx:113,,Failed to download invoice. Please try again.,"=GOOGLETRANSLATE(C809, ""en"", ""el"")",
src/components/routes/event/Affiliates/index.tsx:54,,Failed to export affiliates,"=GOOGLETRANSLATE(C810, ""en"", ""el"")",
src/components/routes/event/attendees.tsx:138,,Failed to export attendees,"=GOOGLETRANSLATE(C811, ""en"", ""el"")",
src/components/routes/event/orders.tsx:99,,Failed to export orders,"=GOOGLETRANSLATE(C812, ""en"", ""el"")",
src/components/common/OrganizerReportTable/index.tsx:206,,Failed to export report. Please try again.,"=GOOGLETRANSLATE(C813, ""en"", ""el"")",
src/components/modals/EditCheckInListModal/index.tsx:81,,Failed to load Check-In List,"=GOOGLETRANSLATE(C814, ""en"", ""el"")",
src/components/modals/MessageRecipientsModal/index.tsx:48,,Failed to load recipients,"=GOOGLETRANSLATE(C815, ""en"", ""el"")",
src/components/modals/EditOrganizerWebhookModal/index.tsx:74 | src/components/modals/EditWebhookModal/index.tsx:75,,Failed to load Webhook,"=GOOGLETRANSLATE(C816, ""en"", ""el"")",
src/components/common/WaitlistTable/index.tsx:127,,Failed to offer spot,"=GOOGLETRANSLATE(C817, ""en"", ""el"")",
src/components/modals/OfferWaitlistModal/index.tsx:68,,Failed to offer tickets,"=GOOGLETRANSLATE(C818, ""en"", ""el"")",
src/components/common/WaitlistTable/index.tsx:107,,Failed to remove from waitlist,"=GOOGLETRANSLATE(C819, ""en"", ""el"")",
src/components/common/QuestionsTable/index.tsx:184,,Failed to reorder questions,"=GOOGLETRANSLATE(C820, ""en"", ""el"")",
src/components/routes/product-widget/OrderSummaryAndProducts/index.tsx:530,,Failed to resend order confirmation,"=GOOGLETRANSLATE(C821, ""en"", ""el"")",
src/components/routes/product-widget/OrderSummaryAndProducts/index.tsx:506,,Failed to resend ticket,"=GOOGLETRANSLATE(C822, ""en"", ""el"")",
src/components/common/AttendeeTable/index.tsx:76,,Failed to resend ticket email,"=GOOGLETRANSLATE(C823, ""en"", ""el"")",
src/components/routes/welcome/index.tsx:125,,Failed to resend verification code,"=GOOGLETRANSLATE(C824, ""en"", ""el"")",
src/components/routes/admin/FailedJobs/index.tsx:56,,Failed to retry job,"=GOOGLETRANSLATE(C825, ""en"", ""el"")",
src/components/routes/admin/FailedJobs/index.tsx:79,,Failed to retry jobs,"=GOOGLETRANSLATE(C826, ""en"", ""el"")",
src/components/common/EmailTemplateSettings/EmailTemplateSettingsBase.tsx:150 | src/components/common/EmailTemplateSettings/EmailTemplateSettingsBase.tsx:153 | src/components/common/EmailTemplateSettings/EmailTemplateSettingsBase.tsx:156 | src/components/common/EmailTemplateSettings/EmailTemplateSettingsBase.tsx:181,,Failed to save template,"=GOOGLETRANSLATE(C827, ""en"", ""el"")",
src/components/routes/account/ManageAccount/sections/PaymentSettings/VatSettings/VatSettingsForm.tsx:182,,Failed to save VAT settings. Please try again.,"=GOOGLETRANSLATE(C828, ""en"", ""el"")",
src/components/common/ContactOrganizerModal/index.tsx:57,,Failed to send message. Please try again.,"=GOOGLETRANSLATE(C829, ""en"", ""el"")",
src/components/common/ProductsTable/SortableProduct/index.tsx:231,,Failed to sort products,"=GOOGLETRANSLATE(C830, ""en"", ""el"")",
src/mutations/useExportAnswers.ts:15,,Failed to start export job,"=GOOGLETRANSLATE(C831, ""en"", ""el"")",
src/components/routes/admin/Accounts/index.tsx:48 | src/components/routes/admin/Events/index.tsx:68 | src/components/routes/admin/Users/index.tsx:48,,Failed to start impersonation. Please try again.,"=GOOGLETRANSLATE(C832, ""en"", ""el"")",
src/components/common/ImpersonationBanner/index.tsx:29,,Failed to stop impersonation. Please try again.,"=GOOGLETRANSLATE(C833, ""en"", ""el"")",
src/components/modals/EditAccountConfigurationModal/index.tsx:77,,Failed to update account configuration,"=GOOGLETRANSLATE(C834, ""en"", ""el"")",
src/components/modals/EditAffiliateModal/index.tsx:70,,Failed to update affiliate,"=GOOGLETRANSLATE(C835, ""en"", ""el"")",
src/components/common/QuestionAndAnswerList/index.tsx:102,,Failed to update answer.,"=GOOGLETRANSLATE(C836, ""en"", ""el"")",
src/components/routes/product-widget/OrderSummaryAndProducts/index.tsx:446,,Failed to update attendee,"=GOOGLETRANSLATE(C837, ""en"", ""el"")",
src/components/routes/admin/Configurations/index.tsx:199,,Failed to update configuration,"=GOOGLETRANSLATE(C838, ""en"", ""el"")",
src/components/routes/event/Settings/Sections/DangerZoneSettings/index.tsx:57,,Failed to update event status,"=GOOGLETRANSLATE(C839, ""en"", ""el"")",
src/components/routes/admin/Accounts/AccountDetail/index.tsx:53,,Failed to update messaging tier,"=GOOGLETRANSLATE(C840, ""en"", ""el"")",
src/components/routes/product-widget/OrderSummaryAndProducts/index.tsx:481,,Failed to update order,"=GOOGLETRANSLATE(C841, ""en"", ""el"")",
src/components/routes/organizer/Settings/Sections/DangerZoneSettings/index.tsx:63,,Failed to update organizer status,"=GOOGLETRANSLATE(C842, ""en"", ""el"")",
src/components/common/QuestionsTable/index.tsx:374,,Failed to update setting,"=GOOGLETRANSLATE(C843, ""en"", ""el"")",
src/components/modals/EditAccountVatSettingsModal/index.tsx:103,,Failed to update VAT settings,"=GOOGLETRANSLATE(C844, ""en"", ""el"")",
src/components/common/Editor/Controls/InsertImageControl/index.tsx:66,,Failed to upload image.,"=GOOGLETRANSLATE(C845, ""en"", ""el"")",
src/components/common/ImageUploadDropzone/index.tsx:103,,Failed to upload image. Please try again.,"=GOOGLETRANSLATE(C846, ""en"", ""el"")",
src/components/routes/welcome/index.tsx:102,,Failed to verify email,"=GOOGLETRANSLATE(C847, ""en"", ""el"")",
src/components/forms/TaxAndFeeForm/index.tsx:18 | src/components/forms/TaxAndFeeForm/index.tsx:39 | src/components/modals/CreateTaxOrFeeModal/index.tsx:36 | src/components/modals/CreateTaxOrFeeModal/index.tsx:59 | src/components/modals/EditTaxOrFeeModal/index.tsx:42 | src/components/modals/EditTaxOrFeeModal/index.tsx:52 | src/components/modals/EditTaxOrFeeModal/index.tsx:59,,Fee,"=GOOGLETRANSLATE(C848, ""en"", ""el"")",
src/components/routes/admin/Configurations/index.tsx:227,,Fee Currency,"=GOOGLETRANSLATE(C849, ""en"", ""el"")",
src/components/routes/event/Settings/Sections/PlatformFeesSettings/index.tsx:50,,Fee Handling,"=GOOGLETRANSLATE(C850, ""en"", ""el"")",
src/components/common/InlineOrderSummary/index.tsx:147 | src/components/common/OrdersTable/index.tsx:352 | src/components/forms/ProductForm/index.tsx:409 | src/components/routes/organizer/Reports/RevenueSummaryReport/index.tsx:54,,Fees,"=GOOGLETRANSLATE(C851, ""en"", ""el"")",
src/components/routes/account/ManageAccount/sections/PaymentSettings/index.tsx:291,,Fees are subject to change. You will be notified of any changes to your fee structure.,"=GOOGLETRANSLATE(C852, ""en"", ""el"")",
src/components/routes/admin/Configurations/index.tsx:88,,Fees Bypassed,"=GOOGLETRANSLATE(C853, ""en"", ""el"")",
src/constants/eventCategories.ts:5,,Festival,"=GOOGLETRANSLATE(C854, ""en"", ""el"")",
src/components/common/ImageUploadDropzone/index.tsx:58,,File is too large. Maximum size is 5MB.,"=GOOGLETRANSLATE(C855, ""en"", ""el"")",
src/components/routes/product-widget/CollectInformation/index.tsx:473 | src/components/routes/product-widget/CollectInformation/index.tsx:493,,Fill in your details above first,"=GOOGLETRANSLATE(C856, ""en"", ""el"")",
src/components/routes/event/attendees.tsx:185,,Filter Attendees,"=GOOGLETRANSLATE(C857, ""en"", ""el"")",
src/components/routes/organizer/Reports/PlatformFeesReport/index.tsx:123,,Filter by Event,"=GOOGLETRANSLATE(C858, ""en"", ""el"")",
src/components/routes/event/orders.tsx:123,,Filter Orders,"=GOOGLETRANSLATE(C859, ""en"", ""el"")",
src/components/common/FilterModal/index.tsx:87 | src/components/common/FilterModal/index.tsx:254,,Filters,"=GOOGLETRANSLATE(C860, ""en"", ""el"")",
src/components/common/FilterModal/index.tsx:254,,Filters ({activeFilterCount}),"=GOOGLETRANSLATE(C861, ""en"", ""el"")",
src/components/routes/account/ManageAccount/sections/PaymentSettings/index.tsx:214,,Finish Setup,"=GOOGLETRANSLATE(C862, ""en"", ""el"")",
src/components/routes/account/ManageAccount/sections/PaymentSettings/index.tsx:425 | src/components/routes/account/ManageAccount/sections/PaymentSettings/index.tsx:672,,Finish Stripe Setup,"=GOOGLETRANSLATE(C863, ""en"", ""el"")",
src/components/routes/product-widget/CollectInformation/index.tsx:504,,First attendee,"=GOOGLETRANSLATE(C864, ""en"", ""el"")",
src/components/routes/event/Settings/Sections/PaymentSettings/index.tsx:209,,First Invoice Number,"=GOOGLETRANSLATE(C865, ""en"", ""el"")",
src/components/modals/CreateAttendeeModal/index.tsx:129 | src/components/modals/ManageAttendeeModal/index.tsx:110 | src/components/modals/ManageOrderModal/index.tsx:144 | src/components/routes/product-widget/CollectInformation/index.tsx:439 | src/components/routes/product-widget/CollectInformation/index.tsx:663,,First name,"=GOOGLETRANSLATE(C866, ""en"", ""el"")",
src/components/common/QuestionsTable/index.tsx:251 | src/components/modals/EditUserModal/index.tsx:77 | src/components/modals/InviteUserModal/index.tsx:63 | src/components/modals/JoinWaitlistModal/index.tsx:161 | src/components/routes/auth/AcceptInvitation/index.tsx:97 | src/components/routes/auth/Register/index.tsx:90 | src/components/routes/product-widget/CollectInformation/index.tsx:438 | src/components/routes/product-widget/CollectInformation/index.tsx:662 | src/components/routes/product-widget/OrderSummaryAndProducts/EditAttendeeModal/index.tsx:53 | src/components/routes/product-widget/OrderSummaryAndProducts/EditOrderModal/index.tsx:53 | src/components/routes/profile/ManageProfile/index.tsx:152,,First Name,"=GOOGLETRANSLATE(C867, ""en"", ""el"")",
src/components/modals/JoinWaitlistModal/index.tsx:46 | src/components/routes/product-widget/OrderSummaryAndProducts/EditAttendeeModal/index.tsx:29 | src/components/routes/product-widget/OrderSummaryAndProducts/EditOrderModal/index.tsx:29,,First name is required,"=GOOGLETRANSLATE(C868, ""en"", ""el"")",
src/components/routes/auth/AcceptInvitation/index.tsx:30,,First name must be between 1 and 50 characters,"=GOOGLETRANSLATE(C869, ""en"", ""el"")",
src/components/routes/event/Reports/PromoCodesReport/index.tsx:64,,First Used,"=GOOGLETRANSLATE(C870, ""en"", ""el"")",
src/components/forms/TaxAndFeeForm/index.tsx:33,,Fixed,"=GOOGLETRANSLATE(C871, ""en"", ""el"")",
src/components/forms/PromoCodeForm/index.tsx:85,,Fixed amount,"=GOOGLETRANSLATE(C872, ""en"", ""el"")",
src/components/modals/EditAccountConfigurationModal/index.tsx:89 | src/components/routes/admin/Accounts/AccountDetail/index.tsx:191 | src/components/routes/admin/Configurations/index.tsx:93 | src/components/routes/admin/Configurations/index.tsx:235,,Fixed Fee,"=GOOGLETRANSLATE(C873, ""en"", ""el"")",
src/components/modals/EditAccountConfigurationModal/index.tsx:90,,Fixed fee amount in {currencyCode},"=GOOGLETRANSLATE(C874, ""en"", ""el"")",
src/components/routes/admin/Configurations/index.tsx:236,,Fixed fee charged per transaction,"=GOOGLETRANSLATE(C875, ""en"", ""el"")",
src/components/modals/EditAccountConfigurationModal/index.tsx:40 | src/components/routes/admin/Configurations/index.tsx:172,,Fixed fee must be 0 or greater,"=GOOGLETRANSLATE(C876, ""en"", ""el"")",
src/components/routes/account/ManageAccount/sections/PaymentSettings/index.tsx:276,,Fixed Fee:,"=GOOGLETRANSLATE(C877, ""en"", ""el"")",
src/components/common/AttendeeCheckInTable/QrScanner.tsx:138,,Flash is not available on this device,"=GOOGLETRANSLATE(C878, ""en"", ""el"")",
src/components/layouts/AuthLayout/index.tsx:26,,Flexible Ticketing,"=GOOGLETRANSLATE(C879, ""en"", ""el"")",
src/constants/eventCategories.ts:14,,Food & Drink,"=GOOGLETRANSLATE(C880, ""en"", ""el"")",
src/components/routes/event/TicketDesigner/index.tsx:160,,Footer Text,"=GOOGLETRANSLATE(C881, ""en"", ""el"")",
src/components/routes/auth/Login/index.tsx:108,,Forgot password?,"=GOOGLETRANSLATE(C882, ""en"", ""el"")",
src/components/common/AttendeeTicket/index.tsx:64 | src/components/common/Currency/index.tsx:90 | src/components/common/InlineOrderSummary/index.tsx:57 | src/components/common/OrderSummary/index.tsx:46 | src/components/common/OrderSummary/index.tsx:99 | src/components/common/ProductsTable/SortableProduct/index.tsx:115 | src/components/common/ProductsTable/SortableProduct/index.tsx:125 | src/components/layouts/OrganizerHomepage/EventCard/index.tsx:180 | src/components/routes/product-widget/SelectProducts/Prices/Tiered/index.tsx:53,,Free,"=GOOGLETRANSLATE(C883, ""en"", ""el"")",
src/components/forms/ProductForm/index.tsx:160,,Free Product,"=GOOGLETRANSLATE(C884, ""en"", ""el"")",
src/components/forms/ProductForm/index.tsx:162,,"Free product, no payment information required","=GOOGLETRANSLATE(C885, ""en"", ""el"")",
src/components/common/LanguageSwitcher/index.tsx:22,,French,"=GOOGLETRANSLATE(C886, ""en"", ""el"")",
src/components/modals/RefundOrderModal/index.tsx:109,,Full refund,"=GOOGLETRANSLATE(C887, ""en"", ""el"")",
src/components/forms/ProductForm/index.tsx:145,,General,"=GOOGLETRANSLATE(C888, ""en"", ""el"")",
src/components/routes/event/TicketDesigner/TicketDesignerPrint.tsx:36 | src/components/routes/event/TicketDesigner/TicketPreview.tsx:41,,General Admission,"=GOOGLETRANSLATE(C889, ""en"", ""el"")",
src/components/routes/organizer/Settings/Sections/BasicSettings/index.tsx:64,,General information about your organizer,"=GOOGLETRANSLATE(C890, ""en"", ""el"")",
src/components/forms/AffiliateForm/index.tsx:57 | src/components/forms/PromoCodeForm/index.tsx:56,,Generate,"=GOOGLETRANSLATE(C891, ""en"", ""el"")",
src/components/forms/AffiliateForm/index.tsx:53 | src/components/forms/AffiliateForm/index.tsx:60 | src/components/forms/PromoCodeForm/index.tsx:52 | src/components/forms/PromoCodeForm/index.tsx:59,,Generate code,"=GOOGLETRANSLATE(C892, ""en"", ""el"")",
src/components/forms/CheckInListForm/index.tsx:73,,Generate random password,"=GOOGLETRANSLATE(C893, ""en"", ""el"")",
src/components/common/LanguageSwitcher/index.tsx:16,,German,"=GOOGLETRANSLATE(C894, ""en"", ""el"")",
src/components/layouts/EventHomepage/index.tsx:420,,Get Directions,"=GOOGLETRANSLATE(C895, ""en"", ""el"")",
src/components/layouts/AuthLayout/index.tsx:37,,Get paid immediately via Stripe Connect,"=GOOGLETRANSLATE(C896, ""en"", ""el"")",
src/components/routes/auth/Register/index.tsx:73,,Get started,"=GOOGLETRANSLATE(C897, ""en"", ""el"")",
src/components/layouts/EventHomepage/index.tsx:619,,Get Tickets,"=GOOGLETRANSLATE(C898, ""en"", ""el"")",
src/components/routes/event/EventDashboard/index.tsx:163,,Get your event ready,"=GOOGLETRANSLATE(C899, ""en"", ""el"")",
src/components/layouts/Event/index.tsx:92,,Getting Started,"=GOOGLETRANSLATE(C900, ""en"", ""el"")",
src/components/routes/organizer/Settings/Sections/SocialLinks/index.tsx:102,,GitHub,"=GOOGLETRANSLATE(C901, ""en"", ""el"")",
src/components/routes/profile/ConfirmEmailChange/index.tsx:23 | src/components/routes/profile/ConfirmEmailChange/index.tsx:42,,Go back to profile,"=GOOGLETRANSLATE(C902, ""en"", ""el"")",
src/components/routes/product-widget/CollectInformation/index.tsx:381,,Go to Event Page,"=GOOGLETRANSLATE(C903, ""en"", ""el"")",
src/components/common/ErrorDisplay/index.tsx:67,,Go to home page,"=GOOGLETRANSLATE(C904, ""en"", ""el"")",
src/components/common/ThemeColorControls/index.tsx:113,,Good readability,"=GOOGLETRANSLATE(C905, ""en"", ""el"")",
src/components/common/CalendarOptionsPopover/index.tsx:29,,Google Calendar,"=GOOGLETRANSLATE(C906, ""en"", ""el"")",
src/components/common/EventCard/index.tsx:234,,Gross revenue,"=GOOGLETRANSLATE(C907, ""en"", ""el"")",
src/components/routes/organizer/Reports/EventsPerformanceReport/index.tsx:73,,Gross Revenue,"=GOOGLETRANSLATE(C908, ""en"", ""el"")",
src/components/common/StatBoxes/index.tsx:63,,Gross sales,"=GOOGLETRANSLATE(C909, ""en"", ""el"")",
src/components/routes/admin/Dashboard/index.tsx:259 | src/components/routes/event/EventDashboard/index.tsx:314 | src/components/routes/organizer/OrganizerDashboard/index.tsx:121 | src/components/routes/organizer/Reports/RevenueSummaryReport/index.tsx:30,,Gross Sales,"=GOOGLETRANSLATE(C910, ""en"", ""el"")",
src/components/layouts/Event/index.tsx:119,,Guest Management,"=GOOGLETRANSLATE(C911, ""en"", ""el"")",
src/components/routes/product-widget/OrderSummaryAndProducts/index.tsx:616,,Guests,"=GOOGLETRANSLATE(C912, ""en"", ""el"")",
src/components/routes/product-widget/SelectProducts/index.tsx:560,,Have a promo code?,"=GOOGLETRANSLATE(C913, ""en"", ""el"")",
src/components/routes/admin/Dashboard/index.tsx:74,,"Hello {0}, manage your platform from here.","=GOOGLETRANSLATE(C914, ""en"", ""el"")",
src/components/forms/OrganizerForm/index.tsx:36 | src/components/routes/organizer/Settings/Sections/BasicSettings/index.tsx:81,,hello@awesome-events.com,"=GOOGLETRANSLATE(C915, ""en"", ""el"")",
src/components/routes/my-tickets/index.tsx:238,,Here are all the tickets associated with your email address.,"=GOOGLETRANSLATE(C916, ""en"", ""el"")",
src/components/common/WidgetEditor/index.tsx:303,,Here is an example of how you can use the component in your application.,"=GOOGLETRANSLATE(C917, ""en"", ""el"")",
src/components/common/WidgetEditor/index.tsx:290,,Here is the React component you can use to embed the widget in your application.,"=GOOGLETRANSLATE(C918, ""en"", ""el"")",
src/components/common/AffiliateTable/index.tsx:235,,Here is your affiliate link,"=GOOGLETRANSLATE(C919, ""en"", ""el"")",
src/components/routes/account/ManageAccount/sections/PaymentSettings/index.tsx:84,,Here's what to expect:,"=GOOGLETRANSLATE(C920, ""en"", ""el"")",
src/components/routes/event/EventDashboard/index.tsx:115,,Hi {0} 👋,"=GOOGLETRANSLATE(C921, ""en"", ""el"")",
src/components/routes/organizer/Reports/PlatformFeesReport/index.tsx:75,,Hi.Events Fee,"=GOOGLETRANSLATE(C922, ""en"", ""el"")",
src/components/routes/organizer/Reports/index.tsx:42,,Hi.Events platform fees and VAT breakdown by transaction,"=GOOGLETRANSLATE(C923, ""en"", ""el"")",
src/components/common/ProductsTable/SortableProduct/index.tsx:92 | src/components/common/ProductsTable/SortableProduct/index.tsx:325,,Hidden,"=GOOGLETRANSLATE(C924, ""en"", ""el"")",
src/components/common/QuestionsTable/index.tsx:112,,Hidden from attendees - only visible to organizers,"=GOOGLETRANSLATE(C925, ""en"", ""el"")",
src/components/common/ProductsTable/SortableProduct/index.tsx:103 | src/components/common/ProductsTable/SortableProduct/index.tsx:314,,Hidden from public view,"=GOOGLETRANSLATE(C926, ""en"", ""el"")",
src/components/forms/QuestionForm/index.tsx:218,,Hidden questions are only visible to the event organizer and not to the customer.,"=GOOGLETRANSLATE(C927, ""en"", ""el"")",
src/components/routes/product-widget/SelectProducts/index.tsx:425 | src/components/routes/product-widget/SelectProducts/index.tsx:525,,Hide,"=GOOGLETRANSLATE(C928, ""en"", ""el"")",
src/components/common/AttendeeList/index.tsx:84,,Hide Answers,"=GOOGLETRANSLATE(C929, ""en"", ""el"")",
src/components/routes/event/Settings/Sections/MiscSettings/index.tsx:95,,Hide getting started page,"=GOOGLETRANSLATE(C930, ""en"", ""el"")",
src/components/forms/ProductForm/index.tsx:376,,Hide Options,"=GOOGLETRANSLATE(C931, ""en"", ""el"")",
src/components/forms/ProductForm/index.tsx:471,,Hide product after sale end date,"=GOOGLETRANSLATE(C932, ""en"", ""el"")",
src/components/forms/ProductForm/index.tsx:469,,Hide product before sale start date,"=GOOGLETRANSLATE(C933, ""en"", ""el"")",
src/components/forms/ProductForm/index.tsx:483,,Hide product unless user has applicable promo code,"=GOOGLETRANSLATE(C934, ""en"", ""el"")",
src/components/forms/ProductForm/index.tsx:477,,Hide product when sold out,"=GOOGLETRANSLATE(C935, ""en"", ""el"")",
src/components/routes/event/Settings/Sections/MiscSettings/index.tsx:96,,Hide the getting started page from the sidebar,"=GOOGLETRANSLATE(C936, ""en"", ""el"")",
src/components/forms/ProductForm/index.tsx:488,,Hide this product from customers,"=GOOGLETRANSLATE(C937, ""en"", ""el"")",
src/components/forms/QuestionForm/index.tsx:219,,Hide this question,"=GOOGLETRANSLATE(C938, ""en"", ""el"")",
src/components/forms/ProductForm/index.tsx:112,,Hide this tier from users,"=GOOGLETRANSLATE(C939, ""en"", ""el"")",
src/components/forms/ProductForm/index.tsx:110,,Hiding a product will prevent users from seeing it on the event page.,"=GOOGLETRANSLATE(C940, ""en"", ""el"")",
src/components/forms/ProductForm/index.tsx:501,,Highlight,"=GOOGLETRANSLATE(C941, ""en"", ""el"")",
src/components/forms/ProductForm/index.tsx:513,,Highlight Message,"=GOOGLETRANSLATE(C942, ""en"", ""el"")",
src/components/forms/ProductForm/index.tsx:506,,Highlight this product,"=GOOGLETRANSLATE(C943, ""en"", ""el"")",
src/components/common/ProductsTable/SortableProduct/index.tsx:340 | src/components/forms/ProductForm/index.tsx:386,,Highlighted,"=GOOGLETRANSLATE(C944, ""en"", ""el"")",
src/components/forms/ProductForm/index.tsx:507,,Highlighted products will have a different background color to make them stand out on the event page.,"=GOOGLETRANSLATE(C945, ""en"", ""el"")",
src/components/routes/event/HomepageDesigner/index.tsx:160 | src/components/routes/organizer/OrganizerHomepageDesigner/index.tsx:170,,Homepage Design,"=GOOGLETRANSLATE(C946, ""en"", ""el"")",
src/components/layouts/Event/index.tsx:107 | src/components/layouts/OrganizerLayout/index.tsx:93,,Homepage Designer,"=GOOGLETRANSLATE(C947, ""en"", ""el"")",
src/components/routes/event/HomepageDesigner/index.tsx:278 | src/components/routes/organizer/OrganizerHomepageDesigner/index.tsx:289,,Homepage Preview,"=GOOGLETRANSLATE(C948, ""en"", ""el"")",
src/components/modals/ManageAttendeeModal/index.tsx:110 | src/components/modals/ManageOrderModal/index.tsx:145,,Homer,"=GOOGLETRANSLATE(C949, ""en"", ""el"")",
src/components/routes/event/Settings/Sections/WaitlistSettings/index.tsx:70,,How long a customer has to complete their purchase after receiving an offer. Leave empty for no timeout.,"=GOOGLETRANSLATE(C950, ""en"", ""el"")",
src/components/routes/event/Settings/Sections/HomepageAndCheckoutSettings/index.tsx:125,,How many minutes the customer has to complete their order. We recommend at least 15 minutes,"=GOOGLETRANSLATE(C951, ""en"", ""el"")",
src/components/forms/PromoCodeForm/index.tsx:114,,How many times can this code be used?,"=GOOGLETRANSLATE(C952, ""en"", ""el"")",
src/components/common/Editor/Controls/InsertLiquidVariableControl.tsx:49 | src/components/common/Editor/Controls/InsertLiquidVariableControl.tsx:82,,How to pay offline,"=GOOGLETRANSLATE(C953, ""en"", ""el"")",
src/components/common/Editor/index.tsx:94,,HTML character limit exceeded: {htmlLength}/{maxLength},"=GOOGLETRANSLATE(C954, ""en"", ""el"")",
src/components/routes/organizer/Settings/Sections/BasicSettings/index.tsx:104,,https://awesome-events.com,"=GOOGLETRANSLATE(C955, ""en"", ""el"")",
src/components/routes/event/Settings/Sections/LocationSettings/index.tsx:163,,https://example-maps-service.com/...,"=GOOGLETRANSLATE(C956, ""en"", ""el"")",
src/components/forms/WebhookForm/index.tsx:139,,https://webhook-domain.com/webhook,"=GOOGLETRANSLATE(C957, ""en"", ""el"")",
src/components/common/LanguageSwitcher/index.tsx:14,,Hungarian,"=GOOGLETRANSLATE(C958, ""en"", ""el"")",
src/components/modals/JoinWaitlistModal/index.tsx:177,,I agree to receive email notifications related to this event,"=GOOGLETRANSLATE(C959, ""en"", ""el"")",
src/components/routes/auth/AcceptInvitation/index.tsx:142,,I agree to the <0>terms and conditions</0>,"=GOOGLETRANSLATE(C960, ""en"", ""el"")",
src/components/routes/product-widget/CollectInformation/index.tsx:573,,I confirm that I am 18 years of age and consent to the collection and use of my information for this registration in accordance with {event.organizer} Privacy Policy and Terms of Use.,"=GOOGLETRANSLATE(C961, ""en"", ""el"")",
src/components/layouts/Checkout/CheckoutFooter/index.tsx:42,,I confirm that I am 18 years of age and consent to the collection and use of my information for this registration in accordance with Science of Spirituality’s Privacy Policy and Terms of Use. I agree to receive updates and communications related to this event and understand that I may opt out anytime.,"=GOOGLETRANSLATE(C962, ""en"", ""el"")",
src/components/modals/SendMessageModal/index.tsx:439,,I confirm this is a transactional message related to this event,"=GOOGLETRANSLATE(C963, ""en"", ""el"")",
src/components/routes/product-widget/SelectProducts/index.tsx:384,,"If a new tab did not open automatically, please click the button below to continue to checkout.","=GOOGLETRANSLATE(C964, ""en"", ""el"")",
src/components/routes/event/Settings/Sections/LocationSettings/index.tsx:161,,"If blank, the address will be used to generate a Google Maps link","=GOOGLETRANSLATE(C965, ""en"", ""el"")",
src/components/routes/event/Settings/Sections/PaymentSettings/index.tsx:161,,"If enabled, check-in staff can either mark attendees as checked in or mark the order as paid and check in the attendees. If disabled, attendees associated with unpaid orders cannot be checked in.","=GOOGLETRANSLATE(C966, ""en"", ""el"")",
src/components/routes/event/Settings/Sections/EmailSettings/GeneralEmailSettings.tsx:80,,"If enabled, the organizer will receive an email notification when a new order is placed","=GOOGLETRANSLATE(C967, ""en"", ""el"")",
src/components/routes/account/ManageAccount/sections/PaymentSettings/VatSettings/index.tsx:79,,"If registered, provide your VAT number for validation","=GOOGLETRANSLATE(C968, ""en"", ""el"")",
src/components/routes/profile/ManageProfile/index.tsx:132,,"If you did not request this change, please immediately change your password.","=GOOGLETRANSLATE(C969, ""en"", ""el"")",
src/components/routes/auth/ForgotPassword/index.tsx:44,,"If you have an account with us, you will receive an email with instructions on how to reset your password.","=GOOGLETRANSLATE(C970, ""en"", ""el"")",
src/components/common/ImageUploadDropzone/index.tsx:124,,Image deleted successfully,"=GOOGLETRANSLATE(C971, ""en"", ""el"")",
src/components/common/ImageUploadDropzone/index.tsx:86,,Image uploaded successfully,"=GOOGLETRANSLATE(C972, ""en"", ""el"")",
src/components/common/Editor/Controls/InsertImageControl/index.tsx:110,,Image URL,"=GOOGLETRANSLATE(C973, ""en"", ""el"")",
src/components/routes/event/HomepageDesigner/index.tsx:173 | src/components/routes/organizer/OrganizerHomepageDesigner/index.tsx:183,,Images,"=GOOGLETRANSLATE(C974, ""en"", ""el"")",
src/components/common/AdminAccountsTable/index.tsx:133 | src/components/common/AdminUsersTable/index.tsx:84 | src/components/common/AdminUsersTable/index.tsx:96,,Impersonate,"=GOOGLETRANSLATE(C975, ""en"", ""el"")",
src/components/common/AdminEventsTable/index.tsx:166,,Impersonate User,"=GOOGLETRANSLATE(C976, ""en"", ""el"")",
src/components/routes/admin/Accounts/index.tsx:38 | src/components/routes/admin/Events/index.tsx:58 | src/components/routes/admin/Users/index.tsx:38,,Impersonation started,"=GOOGLETRANSLATE(C977, ""en"", ""el"")",
src/components/common/ImpersonationBanner/index.tsx:23,,Impersonation stopped,"=GOOGLETRANSLATE(C978, ""en"", ""el"")",
src/components/routes/organizer/Reports/PlatformFeesReport/index.tsx:114,,Important Notice,"=GOOGLETRANSLATE(C979, ""en"", ""el"")",
src/components/routes/product-widget/OrderSummaryAndProducts/EditOrderModal/index.tsx:78,,Important: Changing your email address will update the link to access this order. You will be redirected to the new order link after saving.,"=GOOGLETRANSLATE(C980, ""en"", ""el"")",
src/components/routes/event/EventDashboard/index.tsx:131,,Important: Stripe reconnection required,"=GOOGLETRANSLATE(C981, ""en"", ""el"")",
src/components/routes/admin/Dashboard/index.tsx:44,,In {diffHours} hours,"=GOOGLETRANSLATE(C982, ""en"", ""el"")",
src/components/routes/admin/Dashboard/index.tsx:42,,In {diffMinutes} minutes,"=GOOGLETRANSLATE(C983, ""en"", ""el"")",
src/components/common/AffiliateTable/index.tsx:136 | src/components/common/CheckInListList/index.tsx:118 | src/components/common/EmailTemplateSettings/EmailTemplateSettingsBase.tsx:269 | src/components/forms/AffiliateForm/index.tsx:27 | src/components/forms/CapaciyAssigmentForm/index.tsx:25 | src/components/modals/EditUserModal/index.tsx:117,,Inactive,"=GOOGLETRANSLATE(C984, ""en"", ""el"")",
src/components/modals/EditUserModal/index.tsx:113,,Inactive users cannot log in.,"=GOOGLETRANSLATE(C985, ""en"", ""el"")",
src/components/routes/event/Settings/Sections/LocationSettings/index.tsx:105,,Include connection details for your online event. These details will be shown on the order summary page and attendee ticket page.,"=GOOGLETRANSLATE(C986, ""en"", ""el"")",
src/components/routes/event/Settings/Sections/MiscSettings/index.tsx:60,,Include tax and fees in the price,"=GOOGLETRANSLATE(C987, ""en"", ""el"")",
src/components/common/CheckInListList/index.tsx:105,,Includes {0} products,"=GOOGLETRANSLATE(C988, ""en"", ""el"")",
src/components/common/CheckInListList/index.tsx:106,,Includes 1 product,"=GOOGLETRANSLATE(C989, ""en"", ""el"")",
src/components/routes/account/ManageAccount/sections/PaymentSettings/VatSettings/index.tsx:78,,Indicate whether you're VAT-registered in the EU,"=GOOGLETRANSLATE(C990, ""en"", ""el"")",
src/components/common/MessageList/index.tsx:28,,Individual attendees,"=GOOGLETRANSLATE(C991, ""en"", ""el"")",
src/components/common/Editor/Controls/InsertImageControl/index.tsx:99 | src/components/common/Editor/Controls/InsertImageControl/index.tsx:120 | src/components/common/Editor/Controls/InsertImageControl/index.tsx:143,,Insert Image,"=GOOGLETRANSLATE(C992, ""en"", ""el"")",
src/components/common/Editor/Controls/LiquidTokenControl.tsx:40 | src/components/common/Editor/Controls/LiquidTokenControl.tsx:41,,Insert Liquid Token,"=GOOGLETRANSLATE(C993, ""en"", ""el"")",
src/components/common/Editor/Controls/InsertLiquidVariableControl.tsx:110 | src/components/common/Editor/Controls/InsertLiquidVariableControl.tsx:111,,Insert Variable,"=GOOGLETRANSLATE(C994, ""en"", ""el"")",
src/components/routes/organizer/Settings/Sections/SocialLinks/index.tsx:53,,Instagram,"=GOOGLETRANSLATE(C995, ""en"", ""el"")",
src/components/layouts/AuthLayout/index.tsx:36,,Instant Payouts,"=GOOGLETRANSLATE(C996, ""en"", ""el"")",
src/components/layouts/Event/index.tsx:127 | src/components/layouts/OrganizerLayout/index.tsx:95,,Integrations,"=GOOGLETRANSLATE(C997, ""en"", ""el"")",
src/components/routes/admin/Accounts/AccountDetail/index.tsx:289,,Invalid,"=GOOGLETRANSLATE(C998, ""en"", ""el"")",
src/components/common/ContactOrganizerModal/index.tsx:35 | src/components/routes/product-widget/OrderSummaryAndProducts/EditAttendeeModal/index.tsx:33 | src/components/routes/product-widget/OrderSummaryAndProducts/EditOrderModal/index.tsx:33,,Invalid email,"=GOOGLETRANSLATE(C999, ""en"", ""el"")",
src/components/modals/CreateAffiliateModal/index.tsx:38 | src/components/modals/EditAffiliateModal/index.tsx:36,,Invalid email format,"=GOOGLETRANSLATE(C1000, ""en"", ""el"")",
src/components/common/ImageUploadDropzone/index.tsx:61,,Invalid file type. Please upload an image.,"=GOOGLETRANSLATE(C1001, ""en"", ""el"")",
src/components/common/EmailTemplateSettings/EmailTemplateSettingsBase.tsx:146 | src/components/common/EmailTemplateSettings/EmailTemplateSettingsBase.tsx:177,,Invalid Liquid syntax. Please correct it and try again.,"=GOOGLETRANSLATE(C1002, ""en"", ""el"")",
src/components/layouts/CheckIn/index.tsx:98,,Invalid password provided,"=GOOGLETRANSLATE(C1003, ""en"", ""el"")",
src/components/routes/account/ManageAccount/sections/PaymentSettings/VatSettings/VatSettingsForm.tsx:157,,Invalid VAT number format,"=GOOGLETRANSLATE(C1004, ""en"", ""el"")",
src/components/routes/account/ManageAccount/sections/Users/index.tsx:39,,Invitation resent!,"=GOOGLETRANSLATE(C1005, ""en"", ""el"")",
src/components/routes/account/ManageAccount/sections/Users/index.tsx:53,,Invitation revoked!,"=GOOGLETRANSLATE(C1006, ""en"", ""el"")",
src/components/modals/InviteUserModal/index.tsx:60,,Invite a team member,"=GOOGLETRANSLATE(C1007, ""en"", ""el"")",
src/components/modals/InviteUserModal/index.tsx:80,,Invite Team Member,"=GOOGLETRANSLATE(C1008, ""en"", ""el"")",
src/components/layouts/OrganizerLayout/index.tsx:172,,Invite Team Members,"=GOOGLETRANSLATE(C1009, ""en"", ""el"")",
src/components/layouts/AuthLayout/index.tsx:57,,Invite unlimited team members with custom roles,"=GOOGLETRANSLATE(C1010, ""en"", ""el"")",
src/components/routes/account/ManageAccount/sections/Users/index.tsx:145,,Invite User,"=GOOGLETRANSLATE(C1011, ""en"", ""el"")",
src/components/layouts/OrganizerLayout/index.tsx:169,,Invite Your Team,"=GOOGLETRANSLATE(C1012, ""en"", ""el"")",
src/components/common/OrdersTable/index.tsx:294,,Invoice,"=GOOGLETRANSLATE(C1013, ""en"", ""el"")",
src/components/common/OrdersTable/index.tsx:102 | src/components/layouts/Checkout/index.tsx:109,,Invoice downloaded successfully,"=GOOGLETRANSLATE(C1014, ""en"", ""el"")",
src/components/routes/event/Settings/Sections/PaymentSettings/index.tsx:255,,Invoice Notes,"=GOOGLETRANSLATE(C1015, ""en"", ""el"")",
src/components/routes/event/Settings/Sections/PaymentSettings/index.tsx:200,,Invoice Numbering,"=GOOGLETRANSLATE(C1016, ""en"", ""el"")",
src/components/routes/event/Settings/Sections/PaymentSettings/index.tsx:180,,Invoice Settings,"=GOOGLETRANSLATE(C1017, ""en"", ""el"")",
src/components/routes/account/ManageAccount/sections/PaymentSettings/VatNotice/index.tsx:42,,Irish VAT at 23% will be applied to platform fees (domestic supply).,"=GOOGLETRANSLATE(C1018, ""en"", ""el"")",
src/components/modals/EditAccountVatSettingsModal/index.tsx:116,,Is this account VAT registered in the EU?,"=GOOGLETRANSLATE(C1019, ""en"", ""el"")",
src/components/common/LanguageSwitcher/index.tsx:24,,Italian,"=GOOGLETRANSLATE(C1020, ""en"", ""el"")",
src/components/routes/product-widget/CollectInformation/index.tsx:643,,Item,"=GOOGLETRANSLATE(C1021, ""en"", ""el"")",
src/components/common/OrdersTable/index.tsx:333,,item(s),"=GOOGLETRANSLATE(C1022, ""en"", ""el"")",
src/components/common/OrdersTable/index.tsx:315,,Items,"=GOOGLETRANSLATE(C1023, ""en"", ""el"")",
src/components/common/LanguageSwitcher/index.tsx:26,,Japanese,"=GOOGLETRANSLATE(C1024, ""en"", ""el"")",
src/components/routes/admin/FailedJobs/index.tsx:163,,Job,"=GOOGLETRANSLATE(C1025, ""en"", ""el"")",
src/components/routes/admin/FailedJobs/index.tsx:65,,Job deleted,"=GOOGLETRANSLATE(C1026, ""en"", ""el"")",
src/components/routes/admin/FailedJobs/index.tsx:242,,Job Details,"=GOOGLETRANSLATE(C1027, ""en"", ""el"")",
src/components/routes/admin/FailedJobs/index.tsx:248,,Job Name,"=GOOGLETRANSLATE(C1028, ""en"", ""el"")",
src/components/routes/admin/FailedJobs/index.tsx:53,,Job queued for retry,"=GOOGLETRANSLATE(C1029, ""en"", ""el"")",
src/components/routes/auth/AcceptInvitation/index.tsx:98 | src/components/routes/auth/Register/index.tsx:91,,John,"=GOOGLETRANSLATE(C1030, ""en"", ""el"")",
src/components/modals/CreateAttendeeModal/index.tsx:137,,Johnson,"=GOOGLETRANSLATE(C1031, ""en"", ""el"")",
src/components/layouts/EventHomepage/index.tsx:348,,Join from anywhere,"=GOOGLETRANSLATE(C1032, ""en"", ""el"")",
src/components/common/JoinWaitlistButton/index.tsx:30 | src/components/modals/JoinWaitlistModal/index.tsx:189,,Join Waitlist,"=GOOGLETRANSLATE(C1033, ""en"", ""el"")",
src/components/modals/JoinWaitlistModal/index.tsx:143,,Join Waitlist for {productDisplayName},"=GOOGLETRANSLATE(C1034, ""en"", ""el"")",
src/components/common/JoinWaitlistButton/index.tsx:30 | src/components/common/WaitlistTable/index.tsx:197,,Joined,"=GOOGLETRANSLATE(C1035, ""en"", ""el"")",
src/components/routes/account/ManageAccount/sections/PaymentSettings/index.tsx:120,,Just click the button below to reconnect your Stripe account.,"=GOOGLETRANSLATE(C1036, ""en"", ""el"")",
src/components/routes/auth/Login/index.tsx:121,,Just looking for your tickets?,"=GOOGLETRANSLATE(C1037, ""en"", ""el"")",
src/components/routes/product-widget/CollectInformation/index.tsx:583,,Keep me updated on news and events from {0},"=GOOGLETRANSLATE(C1038, ""en"", ""el"")",
src/components/forms/ProductForm/index.tsx:85,,Label,"=GOOGLETRANSLATE(C1039, ""en"", ""el"")",
src/components/common/AttendeeDetails/index.tsx:38 | src/components/modals/CreateAttendeeModal/index.tsx:155 | src/components/routes/profile/ManageProfile/index.tsx:196,,Language,"=GOOGLETRANSLATE(C1040, ""en"", ""el"")",
src/components/common/OrganizerReportTable/index.tsx:60 | src/components/common/ReportTable/index.tsx:52,,Last 12 months,"=GOOGLETRANSLATE(C1041, ""en"", ""el"")",
src/components/common/OrganizerReportTable/index.tsx:55 | src/components/common/ReportTable/index.tsx:47,,Last 14 days,"=GOOGLETRANSLATE(C1042, ""en"", ""el"")",
src/components/routes/admin/Dashboard/index.tsx:159,,Last 14 Days,"=GOOGLETRANSLATE(C1043, ""en"", ""el"")",
src/components/common/OrganizerReportTable/index.tsx:52 | src/components/common/ReportTable/index.tsx:44,,Last 24 hours,"=GOOGLETRANSLATE(C1044, ""en"", ""el"")",
src/components/common/OrganizerReportTable/index.tsx:56 | src/components/common/ReportTable/index.tsx:48,,Last 30 days,"=GOOGLETRANSLATE(C1045, ""en"", ""el"")",
src/components/common/OrganizerReportTable/index.tsx:53 | src/components/common/ReportTable/index.tsx:45,,Last 48 hours,"=GOOGLETRANSLATE(C1046, ""en"", ""el"")",
src/components/common/OrganizerReportTable/index.tsx:58 | src/components/common/ReportTable/index.tsx:50,,Last 6 months,"=GOOGLETRANSLATE(C1047, ""en"", ""el"")",
src/components/common/OrganizerReportTable/index.tsx:54 | src/components/common/ReportTable/index.tsx:46,,Last 7 days,"=GOOGLETRANSLATE(C1048, ""en"", ""el"")",
src/components/common/OrganizerReportTable/index.tsx:57 | src/components/common/ReportTable/index.tsx:49,,Last 90 days,"=GOOGLETRANSLATE(C1049, ""en"", ""el"")",
src/components/routes/account/ManageAccount/sections/Users/index.tsx:157,,Last login,"=GOOGLETRANSLATE(C1050, ""en"", ""el"")",
src/components/modals/CreateAttendeeModal/index.tsx:136 | src/components/modals/ManageAttendeeModal/index.tsx:111 | src/components/modals/ManageOrderModal/index.tsx:150,,Last name,"=GOOGLETRANSLATE(C1051, ""en"", ""el"")",
src/components/common/QuestionsTable/index.tsx:252 | src/components/modals/EditUserModal/index.tsx:78 | src/components/modals/InviteUserModal/index.tsx:64 | src/components/modals/JoinWaitlistModal/index.tsx:166 | src/components/routes/auth/AcceptInvitation/index.tsx:102 | src/components/routes/auth/Register/index.tsx:96 | src/components/routes/product-widget/CollectInformation/index.tsx:444 | src/components/routes/product-widget/CollectInformation/index.tsx:445 | src/components/routes/product-widget/CollectInformation/index.tsx:668 | src/components/routes/product-widget/CollectInformation/index.tsx:669 | src/components/routes/product-widget/OrderSummaryAndProducts/EditAttendeeModal/index.tsx:60 | src/components/routes/product-widget/OrderSummaryAndProducts/EditOrderModal/index.tsx:60 | src/components/routes/profile/ManageProfile/index.tsx:154,,Last Name,"=GOOGLETRANSLATE(C1052, ""en"", ""el"")",
src/components/routes/product-widget/OrderSummaryAndProducts/EditAttendeeModal/index.tsx:30 | src/components/routes/product-widget/OrderSummaryAndProducts/EditOrderModal/index.tsx:30,,Last name is required,"=GOOGLETRANSLATE(C1053, ""en"", ""el"")",
src/components/common/OrganizerWebhookTable/index.tsx:239 | src/components/common/WebhookTable/index.tsx:239,,Last Response,"=GOOGLETRANSLATE(C1054, ""en"", ""el"")",
src/components/common/OrganizerWebhookTable/index.tsx:240 | src/components/common/WebhookTable/index.tsx:240,,Last Triggered,"=GOOGLETRANSLATE(C1055, ""en"", ""el"")",
src/components/routes/event/Reports/PromoCodesReport/index.tsx:70,,Last Used,"=GOOGLETRANSLATE(C1056, ""en"", ""el"")",
src/components/routes/event/Settings/Sections/PaymentSettings/index.tsx:194,,"Leave blank to use the default word \""Invoice\""","=GOOGLETRANSLATE(C1057, ""en"", ""el"")",
src/components/modals/EditAccountVatSettingsModal/index.tsx:141,,Legal business name for VAT purposes,"=GOOGLETRANSLATE(C1058, ""en"", ""el"")",
src/components/common/ThemeColorControls/index.tsx:84,,Light,"=GOOGLETRANSLATE(C1059, ""en"", ""el"")",
src/components/routes/my-tickets/index.tsx:160,,Link Expired or Invalid,"=GOOGLETRANSLATE(C1060, ""en"", ""el"")",
src/components/common/Editor/Controls/InsertLiquidVariableControl.tsx:27,,Link to order details,"=GOOGLETRANSLATE(C1061, ""en"", ""el"")",
src/components/common/Editor/Controls/InsertLiquidVariableControl.tsx:60,,Link to ticket,"=GOOGLETRANSLATE(C1062, ""en"", ""el"")",
src/components/routes/event/EventDashboard/index.tsx:232,,Link your Stripe account to receive funds from ticket sales.,"=GOOGLETRANSLATE(C1063, ""en"", ""el"")",
src/components/routes/organizer/Settings/Sections/SocialLinks/index.tsx:61,,LinkedIn,"=GOOGLETRANSLATE(C1064, ""en"", ""el"")",
src/components/routes/admin/Accounts/AccountDetail/index.tsx:248,,Links Allowed,"=GOOGLETRANSLATE(C1065, ""en"", ""el"")",
src/components/common/EventCard/index.tsx:89 | src/components/layouts/Event/index.tsx:195 | src/components/layouts/OrganizerLayout/index.tsx:216,,Live,"=GOOGLETRANSLATE(C1066, ""en"", ""el"")",
src/components/layouts/OrganizerHomepage/EventCard/index.tsx:111,,LIVE,"=GOOGLETRANSLATE(C1067, ""en"", ""el"")",
src/components/routes/admin/Attribution/index.tsx:134 | src/components/routes/admin/Dashboard/index.tsx:122,,Live Events,"=GOOGLETRANSLATE(C1068, ""en"", ""el"")",
src/components/routes/event/TicketDesigner/TicketPreview.tsx:34,,Loading preview...,"=GOOGLETRANSLATE(C1069, ""en"", ""el"")",
src/components/common/Editor/Controls/LiquidTokenControl.tsx:25 | src/components/common/Editor/Controls/LiquidTokenControl.tsx:26,,Loading tokens...,"=GOOGLETRANSLATE(C1070, ""en"", ""el"")",
src/components/modals/OrganizerWebhookLogsModal/index.tsx:144,,Loading webhook logs...,"=GOOGLETRANSLATE(C1071, ""en"", ""el"")",
src/components/routes/event/Webhooks/index.tsx:21 | src/components/routes/organizer/Webhooks/index.tsx:22,,Loading Webhooks,"=GOOGLETRANSLATE(C1072, ""en"", ""el"")",
src/components/common/OrganizerReportTable/index.tsx:265 | src/components/common/ReportTable/index.tsx:210 | src/components/routes/event/Settings/Sections/DangerZoneSettings/index.tsx:86 | src/components/routes/organizer/Settings/Sections/DangerZoneSettings/index.tsx:92,,Loading...,"=GOOGLETRANSLATE(C1073, ""en"", ""el"")",
src/components/common/AttendeeTicket/index.tsx:91 | src/components/layouts/EventHomepage/index.tsx:402 | src/components/routes/event/Settings/index.tsx:46 | src/components/routes/event/Settings/Sections/LocationSettings/index.tsx:87 | src/components/routes/my-tickets/index.tsx:73 | src/components/routes/product-widget/OrderSummaryAndProducts/index.tsx:312,,Location,"=GOOGLETRANSLATE(C1074, ""en"", ""el"")",
src/components/routes/auth/Login/index.tsx:104 | src/components/routes/auth/Register/index.tsx:78,,Log in,"=GOOGLETRANSLATE(C1075, ""en"", ""el"")",
src/components/routes/auth/Login/index.tsx:104,,Logging in,"=GOOGLETRANSLATE(C1076, ""en"", ""el"")",
src/components/routes/event/TicketDesigner/index.tsx:138 | src/components/routes/organizer/OrganizerHomepageDesigner/index.tsx:211 | src/components/routes/organizer/Settings/Sections/ImageAssetSettings/index.tsx:26,,Logo,"=GOOGLETRANSLATE(C1077, ""en"", ""el"")",
src/components/routes/organizer/Settings/Sections/ImageAssetSettings/index.tsx:23,,Logo & Cover,"=GOOGLETRANSLATE(C1078, ""en"", ""el"")",
src/components/routes/organizer/Settings/Sections/ImageAssetSettings/index.tsx:24,,Logo and cover image for your organizer,"=GOOGLETRANSLATE(C1079, ""en"", ""el"")",
src/components/routes/organizer/OrganizerHomepageDesigner/index.tsx:225,,Logo will be displayed in the header,"=GOOGLETRANSLATE(C1080, ""en"", ""el"")",
src/components/routes/event/TicketDesigner/index.tsx:153,,Logo will be displayed on the ticket,"=GOOGLETRANSLATE(C1081, ""en"", ""el"")",
src/components/common/GlobalMenu/index.tsx:89,,Logout,"=GOOGLETRANSLATE(C1082, ""en"", ""el"")",
src/components/routes/product-widget/OrderSummaryAndProducts/LinkExpiredMessage/index.tsx:37,,Look Up My Tickets,"=GOOGLETRANSLATE(C1083, ""en"", ""el"")",
src/components/common/WidgetEditor/index.tsx:341,,"Lorem ipsum dolor sit amet, consectetur adipiscing elit. Nam placerat elementum...","=GOOGLETRANSLATE(C1084, ""en"", ""el"")",
src/components/routes/event/Settings/Sections/PaymentSettings/index.tsx:173,,Make billing address mandatory during checkout,"=GOOGLETRANSLATE(C1085, ""en"", ""el"")",
src/components/forms/QuestionForm/index.tsx:212,,Make this question mandatory,"=GOOGLETRANSLATE(C1086, ""en"", ""el"")",
src/components/routes/event/EventDashboard/index.tsx:186,,Make your event live,"=GOOGLETRANSLATE(C1087, ""en"", ""el"")",
src/components/common/CapacityAssignmentList/index.tsx:145 | src/components/common/CheckInListList/index.tsx:147 | src/components/common/OrdersTable/index.tsx:150 | src/components/common/OrganizerWebhookTable/index.tsx:96 | src/components/common/ProductsTable/SortableProduct/index.tsx:465 | src/components/common/PromoCodeTable/index.tsx:172 | src/components/layouts/OrganizerLayout/index.tsx:88,,Manage,"=GOOGLETRANSLATE(C1088, ""en"", ""el"")",
src/components/common/AttendeeTable/index.tsx:349,,Manage attendee,"=GOOGLETRANSLATE(C1089, ""en"", ""el"")",
src/components/common/EventCard/index.tsx:139,,Manage event,"=GOOGLETRANSLATE(C1090, ""en"", ""el"")",
src/components/common/OrdersTable/index.tsx:152,,Manage order,"=GOOGLETRANSLATE(C1091, ""en"", ""el"")",
src/components/routes/event/Settings/Sections/PaymentSettings/index.tsx:102,,Manage payment and invoicing settings for this event.,"=GOOGLETRANSLATE(C1092, ""en"", ""el"")",
src/components/routes/profile/ManageProfile/index.tsx:111,,Manage Profile,"=GOOGLETRANSLATE(C1093, ""en"", ""el"")",
src/components/routes/account/ManageAccount/sections/TaxSettings/index.tsx:19,,Manage taxes and fees which can be applied to your products,"=GOOGLETRANSLATE(C1094, ""en"", ""el"")",
src/components/modals/CreateAttendeeModal/index.tsx:117,,Manage tickets,"=GOOGLETRANSLATE(C1095, ""en"", ""el"")",
src/components/routes/account/ManageAccount/sections/AccountSettings/index.tsx:54,,Manage your account details and default settings,"=GOOGLETRANSLATE(C1096, ""en"", ""el"")",
src/components/routes/event/SoldOutWaitlist/index.tsx:48,,"Manage your event's waitlist, view stats, and offer tickets to attendees.","=GOOGLETRANSLATE(C1097, ""en"", ""el"")",
src/components/routes/account/ManageAccount/sections/PaymentSettings/index.tsx:817,,Manage your payment processing and view platform fees,"=GOOGLETRANSLATE(C1098, ""en"", ""el"")",
src/components/routes/account/ManageAccount/sections/Users/index.tsx:144,,Manage your users and their permissions,"=GOOGLETRANSLATE(C1099, ""en"", ""el"")",
src/components/forms/QuestionForm/index.tsx:211,,Mandatory questions must be answered before the customer can checkout.,"=GOOGLETRANSLATE(C1100, ""en"", ""el"")",
src/components/modals/OfferWaitlistModal/index.tsx:104,,Manual offer,"=GOOGLETRANSLATE(C1101, ""en"", ""el"")",
src/components/common/AttendeeTable/index.tsx:410,,Manually add an Attendee,"=GOOGLETRANSLATE(C1102, ""en"", ""el"")",
src/components/modals/CreateAttendeeModal/index.tsx:108 | src/components/modals/CreateAttendeeModal/index.tsx:124,,Manually Add Attendee,"=GOOGLETRANSLATE(C1103, ""en"", ""el"")",
src/components/common/OrdersTable/index.tsx:163,,Mark as paid,"=GOOGLETRANSLATE(C1104, ""en"", ""el"")",
src/components/routes/admin/Accounts/AccountDetail/index.tsx:236,,Max Messages / 24h,"=GOOGLETRANSLATE(C1105, ""en"", ""el"")",
src/components/routes/admin/Accounts/AccountDetail/index.tsx:242,,Max Recipients / Message,"=GOOGLETRANSLATE(C1106, ""en"", ""el"")",
src/components/forms/ProductForm/index.tsx:442,,Maximum Per Order,"=GOOGLETRANSLATE(C1107, ""en"", ""el"")",
src/components/routes/admin/Attribution/index.tsx:108,,Medium,"=GOOGLETRANSLATE(C1108, ""en"", ""el"")",
src/components/common/AttendeeTable/index.tsx:188 | src/components/common/ContactOrganizerModal/index.tsx:88 | src/components/common/OrdersTable/index.tsx:247 | src/components/modals/SendMessageModal/index.tsx:353,,Message,"=GOOGLETRANSLATE(C1109, ""en"", ""el"")",
src/components/routes/admin/Messages/index.tsx:36,,Message approved successfully,"=GOOGLETRANSLATE(C1110, ""en"", ""el"")",
src/components/common/AttendeeTable/index.tsx:354,,Message attendee,"=GOOGLETRANSLATE(C1111, ""en"", ""el"")",
src/components/common/ProductsTable/SortableProduct/index.tsx:478,,Message Attendees,"=GOOGLETRANSLATE(C1112, ""en"", ""el"")",
src/components/modals/SendMessageModal/index.tsx:310,,Message attendees with specific tickets,"=GOOGLETRANSLATE(C1113, ""en"", ""el"")",
src/components/common/OrdersTable/index.tsx:154,,Message buyer,"=GOOGLETRANSLATE(C1114, ""en"", ""el"")",
src/components/routes/event/messages.tsx:42,,Message cancelled,"=GOOGLETRANSLATE(C1115, ""en"", ""el"")",
src/components/common/ContactOrganizerModal/index.tsx:39,,Message cannot exceed 5000 characters,"=GOOGLETRANSLATE(C1116, ""en"", ""el"")",
src/components/routes/admin/Messages/index.tsx:314,,Message Content,"=GOOGLETRANSLATE(C1117, ""en"", ""el"")",
src/components/routes/admin/Messages/index.tsx:266,,Message Details,"=GOOGLETRANSLATE(C1118, ""en"", ""el"")",
src/components/modals/SendMessageModal/index.tsx:94,,Message individual attendees,"=GOOGLETRANSLATE(C1119, ""en"", ""el"")",
src/components/common/ContactOrganizerModal/index.tsx:41,,Message is required,"=GOOGLETRANSLATE(C1120, ""en"", ""el"")",
src/components/modals/SendMessageModal/index.tsx:322,,Message order owners with specific products,"=GOOGLETRANSLATE(C1121, ""en"", ""el"")",
src/components/modals/SendMessageModal/index.tsx:194,,Message Scheduled,"=GOOGLETRANSLATE(C1122, ""en"", ""el"")",
src/components/modals/SendMessageModal/index.tsx:194,,Message Sent,"=GOOGLETRANSLATE(C1123, ""en"", ""el"")",
src/components/layouts/Admin/index.tsx:18 | src/components/layouts/Event/index.tsx:122 | src/components/routes/event/messages.tsx:228,,Messages,"=GOOGLETRANSLATE(C1124, ""en"", ""el"")",
src/components/common/AdminAccountsTable/index.tsx:96 | src/components/routes/admin/Accounts/AccountDetail/index.tsx:215,,Messaging Tier,"=GOOGLETRANSLATE(C1125, ""en"", ""el"")",
src/components/routes/admin/Accounts/AccountDetail/index.tsx:52,,Messaging tier updated successfully,"=GOOGLETRANSLATE(C1126, ""en"", ""el"")",
src/components/forms/ProductForm/index.tsx:440,,Minimum Per Order,"=GOOGLETRANSLATE(C1127, ""en"", ""el"")",
src/components/forms/ProductForm/index.tsx:307,,Minimum Price,"=GOOGLETRANSLATE(C1128, ""en"", ""el"")",
src/components/routes/event/Settings/Sections/WaitlistSettings/index.tsx:74,,minutes,"=GOOGLETRANSLATE(C1129, ""en"", ""el"")",
src/components/routes/event/Settings/index.tsx:70,,Miscellaneous,"=GOOGLETRANSLATE(C1130, ""en"", ""el"")",
src/components/routes/event/Settings/Sections/MiscSettings/index.tsx:75,,Miscellaneous Settings,"=GOOGLETRANSLATE(C1131, ""en"", ""el"")",
src/components/layouts/AuthLayout/index.tsx:51,,Mobile Optimized,"=GOOGLETRANSLATE(C1132, ""en"", ""el"")",
src/components/layouts/AuthLayout/index.tsx:32,,Mobile scanner with offline support and real-time tracking,"=GOOGLETRANSLATE(C1133, ""en"", ""el"")",
src/components/routes/admin/Dashboard/index.tsx:163,,Monetary values are approximate totals across all currencies,"=GOOGLETRANSLATE(C1134, ""en"", ""el"")",
src/components/routes/admin/FailedJobs/index.tsx:115,,Monitor and manage failed background jobs,"=GOOGLETRANSLATE(C1135, ""en"", ""el"")",
src/components/routes/admin/Dashboard/index.tsx:294,,Most Viewed Events (Last 14 Days),"=GOOGLETRANSLATE(C1136, ""en"", ""el"")",
src/components/forms/QuestionForm/index.tsx:106,,Multi line text box,"=GOOGLETRANSLATE(C1137, ""en"", ""el"")",
src/components/forms/ProductForm/index.tsx:174,,Multiple price options. Perfect for early bird products etc.,"=GOOGLETRANSLATE(C1138, ""en"", ""el"")",
src/constants/eventCategories.ts:7,,Music,"=GOOGLETRANSLATE(C1139, ""en"", ""el"")",
src/components/routes/event/Settings/Sections/SeoSettings/index.tsx:74 | src/components/routes/organizer/Settings/Sections/SeoSettings/index.tsx:71,,My amazing event description...,"=GOOGLETRANSLATE(C1140, ""en"", ""el"")",
src/components/routes/event/Settings/Sections/SeoSettings/index.tsx:68 | src/components/routes/organizer/Settings/Sections/SeoSettings/index.tsx:65,,My amazing event title...,"=GOOGLETRANSLATE(C1141, ""en"", ""el"")",
src/components/common/GlobalMenu/index.tsx:42,,My Profile,"=GOOGLETRANSLATE(C1142, ""en"", ""el"")",
src/components/routes/my-tickets/index.tsx:236,,My Tickets,"=GOOGLETRANSLATE(C1143, ""en"", ""el"")",
src/components/common/QuestionAndAnswerList/index.tsx:178,,N/A,"=GOOGLETRANSLATE(C1144, ""en"", ""el"")",
src/components/common/WidgetEditor/index.tsx:364,,Nam placerat elementum...,"=GOOGLETRANSLATE(C1145, ""en"", ""el"")",
src/components/common/AttendeeDetails/index.tsx:14 | src/components/common/OrderDetails/index.tsx:23 | src/components/forms/AffiliateForm/index.tsx:81 | src/components/forms/CapaciyAssigmentForm/index.tsx:37 | src/components/forms/CheckInListForm/index.tsx:37 | src/components/forms/ProductForm/index.tsx:274 | src/components/forms/TaxAndFeeForm/index.tsx:61 | src/components/modals/DuplicateEventModal/index.tsx:109 | src/components/routes/account/ManageAccount/sections/AccountSettings/index.tsx:63 | src/components/routes/admin/Configurations/index.tsx:219 | src/components/routes/event/Settings/Sections/EventDetailsForm/index.tsx:77 | src/components/routes/product-widget/OrderSummaryAndProducts/index.tsx:230,,Name,"=GOOGLETRANSLATE(C1146, ""en"", ""el"")",
src/components/common/ContactOrganizerModal/index.tsx:32 | src/components/modals/CreateAffiliateModal/index.tsx:28 | src/components/modals/EditAffiliateModal/index.tsx:33 | src/components/routes/admin/Configurations/index.tsx:168,,Name is required,"=GOOGLETRANSLATE(C1147, ""en"", ""el"")",
src/components/routes/admin/Configurations/index.tsx:169,,Name must be less than 255 characters,"=GOOGLETRANSLATE(C1148, ""en"", ""el"")",
src/components/common/Editor/Controls/InsertLiquidVariableControl.tsx:34 | src/components/common/Editor/Controls/InsertLiquidVariableControl.tsx:68,,Name of the event,"=GOOGLETRANSLATE(C1149, ""en"", ""el"")",
src/components/common/QuestionAndAnswerList/index.tsx:181 | src/components/common/QuestionAndAnswerList/index.tsx:289,,Navigate to Attendee,"=GOOGLETRANSLATE(C1150, ""en"", ""el"")",
src/components/routes/organizer/Reports/EventsPerformanceReport/index.tsx:85 | src/components/routes/organizer/Reports/RevenueSummaryReport/index.tsx:36,,Net Revenue,"=GOOGLETRANSLATE(C1151, ""en"", ""el"")",
src/components/common/OrganizerWebhookTable/index.tsx:266 | src/components/common/PromoCodeTable/index.tsx:163 | src/components/common/WebhookTable/index.tsx:266 | src/components/routes/account/ManageAccount/sections/Users/index.tsx:102,,Never,"=GOOGLETRANSLATE(C1152, ""en"", ""el"")",
src/components/routes/auth/ResetPassword/index.tsx:64 | src/components/routes/profile/ManageProfile/index.tsx:232,,New Password,"=GOOGLETRANSLATE(C1153, ""en"", ""el"")",
src/components/routes/admin/Dashboard/index.tsx:225,,New Signups,"=GOOGLETRANSLATE(C1154, ""en"", ""el"")",
src/constants/eventCategories.ts:4,,Nightlife,"=GOOGLETRANSLATE(C1155, ""en"", ""el"")",
src/components/routes/admin/Accounts/AccountDetail/index.tsx:250 | src/components/routes/admin/Accounts/AccountDetail/index.tsx:277,,No,"=GOOGLETRANSLATE(C1156, ""en"", ""el"")",
src/components/routes/account/ManageAccount/sections/PaymentSettings/VatSettings/VatSettingsForm.tsx:204,,No - I'm an individual or non-VAT registered business,"=GOOGLETRANSLATE(C1157, ""en"", ""el"")",
src/components/common/AdminUsersTable/index.tsx:143,,No accounts,"=GOOGLETRANSLATE(C1158, ""en"", ""el"")",
src/components/common/AdminAccountsTable/index.tsx:21,,No accounts found,"=GOOGLETRANSLATE(C1159, ""en"", ""el"")",
src/components/routes/event/Webhooks/index.tsx:22 | src/components/routes/organizer/Webhooks/index.tsx:23,,No Active Webhooks,"=GOOGLETRANSLATE(C1160, ""en"", ""el"")",
src/components/common/AffiliateTable/index.tsx:58,,No Affiliates to show,"=GOOGLETRANSLATE(C1161, ""en"", ""el"")",
src/components/common/NoEventsBlankSlate/index.tsx:23,,No archived events to show.,"=GOOGLETRANSLATE(C1162, ""en"", ""el"")",
src/components/common/QuestionsTable/index.tsx:490,,No attendee questions yet,"=GOOGLETRANSLATE(C1163, ""en"", ""el"")",
src/components/common/AttendeeList/index.tsx:23,,No attendees found for this order.,"=GOOGLETRANSLATE(C1164, ""en"", ""el"")",
src/components/modals/ManageOrderModal/index.tsx:132,,No attendees have been added to this order.,"=GOOGLETRANSLATE(C1165, ""en"", ""el"")",
src/components/common/AttendeeTable/index.tsx:399,,No Attendees to show,"=GOOGLETRANSLATE(C1166, ""en"", ""el"")",
src/components/routes/admin/Attribution/index.tsx:121,,No attribution data found,"=GOOGLETRANSLATE(C1167, ""en"", ""el"")",
src/components/modals/OfferWaitlistModal/index.tsx:187,,No capacity,"=GOOGLETRANSLATE(C1168, ""en"", ""el"")",
src/components/common/CapacityAssignmentList/index.tsx:45,,No Capacity Assignments,"=GOOGLETRANSLATE(C1169, ""en"", ""el"")",
src/components/common/CheckInListList/index.tsx:46,,No Check-In Lists,"=GOOGLETRANSLATE(C1170, ""en"", ""el"")",
src/components/common/CheckInStatusModal/index.tsx:154,,No check-in lists available for this event.,"=GOOGLETRANSLATE(C1171, ""en"", ""el"")",
src/components/routes/admin/Configurations/index.tsx:126,,No configurations found,"=GOOGLETRANSLATE(C1172, ""en"", ""el"")",
src/components/common/ReportTable/index.tsx:218,,No data available,"=GOOGLETRANSLATE(C1173, ""en"", ""el"")",
src/components/common/OrganizerReportTable/index.tsx:272,,No data found for the selected filters. Try adjusting the date range or currency.,"=GOOGLETRANSLATE(C1174, ""en"", ""el"")",
src/components/common/ReportTable/index.tsx:214,,No data to show. Please select a date range,"=GOOGLETRANSLATE(C1175, ""en"", ""el"")",
src/components/forms/PromoCodeForm/index.tsx:77,,No Discount,"=GOOGLETRANSLATE(C1176, ""en"", ""el"")",
src/components/common/ProductsTable/SortableProduct/index.tsx:443,,No end date,"=GOOGLETRANSLATE(C1177, ""en"", ""el"")",
src/components/common/NoEventsBlankSlate/index.tsx:22,,No ended events to show.,"=GOOGLETRANSLATE(C1178, ""en"", ""el"")",
src/components/common/AdminEventsTable/index.tsx:22,,No events found,"=GOOGLETRANSLATE(C1179, ""en"", ""el"")",
src/components/routes/admin/Dashboard/index.tsx:489,,No events starting in the next 24 hours,"=GOOGLETRANSLATE(C1180, ""en"", ""el"")",
src/components/common/NoEventsBlankSlate/index.tsx:16,,No events to show,"=GOOGLETRANSLATE(C1181, ""en"", ""el"")",
src/components/routes/organizer/OrganizerDashboard/index.tsx:250,,No events yet,"=GOOGLETRANSLATE(C1182, ""en"", ""el"")",
src/components/routes/admin/FailedJobs/index.tsx:155,,No failed jobs,"=GOOGLETRANSLATE(C1183, ""en"", ""el"")",
src/components/common/FilterModal/index.tsx:261,,No filters available,"=GOOGLETRANSLATE(C1184, ""en"", ""el"")",
src/components/routes/account/ManageAccount/sections/PaymentSettings/index.tsx:86,,No impact on your current or past transactions,"=GOOGLETRANSLATE(C1185, ""en"", ""el"")",
src/components/common/OrdersTable/index.tsx:299,,No invoice,"=GOOGLETRANSLATE(C1186, ""en"", ""el"")",
src/components/modals/OrganizerWebhookLogsModal/index.tsx:163 | src/components/modals/WebhookLogsModal/index.tsx:177,,No logs found,"=GOOGLETRANSLATE(C1187, ""en"", ""el"")",
src/components/routes/admin/Messages/index.tsx:154,,No messages found,"=GOOGLETRANSLATE(C1188, ""en"", ""el"")",
src/components/routes/event/messages.tsx:328,,No messages to show,"=GOOGLETRANSLATE(C1189, ""en"", ""el"")",
src/components/common/QuestionsTable/index.tsx:489,,No order questions yet,"=GOOGLETRANSLATE(C1190, ""en"", ""el"")",
src/components/common/AdminOrdersTable/index.tsx:20,,No orders found,"=GOOGLETRANSLATE(C1191, ""en"", ""el"")",
src/components/common/OrdersTable/index.tsx:459,,No orders to show,"=GOOGLETRANSLATE(C1192, ""en"", ""el"")",
src/components/routes/organizer/OrganizerDashboard/index.tsx:323,,No orders yet,"=GOOGLETRANSLATE(C1193, ""en"", ""el"")",
src/components/routes/admin/Dashboard/index.tsx:377,,No organizer activity in the last 14 days,"=GOOGLETRANSLATE(C1194, ""en"", ""el"")",
src/components/modals/SwitchOrganizerModal/index.tsx:57,,No other organizers available,"=GOOGLETRANSLATE(C1195, ""en"", ""el"")",
src/components/routes/admin/Messages/index.tsx:75,,No Paid Orders,"=GOOGLETRANSLATE(C1196, ""en"", ""el"")",
src/components/layouts/OrganizerHomepage/index.tsx:286,,No past events,"=GOOGLETRANSLATE(C1197, ""en"", ""el"")",
src/components/routes/product-widget/Payment/index.tsx:87,,No payment methods are currently available. Please contact the event organizer for assistance.,"=GOOGLETRANSLATE(C1198, ""en"", ""el"")",
src/components/routes/product-widget/OrderSummaryAndProducts/index.tsx:55,,No Payment Required,"=GOOGLETRANSLATE(C1199, ""en"", ""el"")",
src/components/routes/admin/Dashboard/index.tsx:282,,No popular events in the last 14 days,"=GOOGLETRANSLATE(C1200, ""en"", ""el"")",
src/components/modals/ManageAttendeeModal/index.tsx:177,,No product associated with this attendee.,"=GOOGLETRANSLATE(C1201, ""en"", ""el"")",
src/components/common/ProductSelector/index.tsx:33,,No products available for selection,"=GOOGLETRANSLATE(C1202, ""en"", ""el"")",
src/components/modals/CreateProductCategoryModal/index.tsx:22,,No products available in this category.,"=GOOGLETRANSLATE(C1203, ""en"", ""el"")",
src/components/modals/OfferWaitlistModal/index.tsx:134,,No products have waiting entries,"=GOOGLETRANSLATE(C1204, ""en"", ""el"")",
src/components/common/ProductsTable/ProductsBlankSlate/index.tsx:41,,No Products Yet,"=GOOGLETRANSLATE(C1205, ""en"", ""el"")",
src/components/common/PromoCodeTable/index.tsx:49,,No Promo Codes to show,"=GOOGLETRANSLATE(C1206, ""en"", ""el"")",
src/components/modals/ManageAttendeeModal/index.tsx:193,,No questions answered by this attendee.,"=GOOGLETRANSLATE(C1207, ""en"", ""el"")",
src/components/modals/ManageOrderModal/index.tsx:119,,No questions have been asked for this order.,"=GOOGLETRANSLATE(C1208, ""en"", ""el"")",
src/components/routes/admin/Dashboard/index.tsx:438,,No recent account signups,"=GOOGLETRANSLATE(C1209, ""en"", ""el"")",
src/components/modals/MessageRecipientsModal/index.tsx:54,,No recipients found,"=GOOGLETRANSLATE(C1210, ""en"", ""el"")",
src/components/common/OrganizerWebhookTable/index.tsx:174 | src/components/common/WebhookTable/index.tsx:174,,No response,"=GOOGLETRANSLATE(C1211, ""en"", ""el"")",
src/components/modals/OrganizerWebhookLogsModal/index.tsx:79,,No Response,"=GOOGLETRANSLATE(C1212, ""en"", ""el"")",
src/components/common/OrganizerWebhookTable/index.tsx:141 | src/components/common/WebhookTable/index.tsx:141,,No responses yet,"=GOOGLETRANSLATE(C1213, ""en"", ""el"")",
src/components/common/NoResultsSplash/index.tsx:24,,No results,"=GOOGLETRANSLATE(C1214, ""en"", ""el"")",
src/components/common/ProductsTable/ProductsBlankSlate/index.tsx:22,,No Search Results,"=GOOGLETRANSLATE(C1215, ""en"", ""el"")",
src/components/common/NoResultsSplash/index.tsx:29,,No search results.,"=GOOGLETRANSLATE(C1216, ""en"", ""el"")",
src/components/common/TaxAndFeeList/index.tsx:105,,No Taxes or Fees have been added.,"=GOOGLETRANSLATE(C1217, ""en"", ""el"")",
src/components/routes/my-tickets/index.tsx:220,,No Tickets Found,"=GOOGLETRANSLATE(C1218, ""en"", ""el"")",
src/components/layouts/OrganizerHomepage/index.tsx:286,,No upcoming events,"=GOOGLETRANSLATE(C1219, ""en"", ""el"")",
src/components/common/AdminUsersTable/index.tsx:18,,No users found,"=GOOGLETRANSLATE(C1220, ""en"", ""el"")",
src/components/routes/admin/Accounts/AccountDetail/index.tsx:308,,No VAT settings configured,"=GOOGLETRANSLATE(C1221, ""en"", ""el"")",
src/components/routes/admin/Dashboard/index.tsx:329,,No viewed events in the last 14 days,"=GOOGLETRANSLATE(C1222, ""en"", ""el"")",
src/components/common/WaitlistTable/index.tsx:236,,No waitlist entries,"=GOOGLETRANSLATE(C1223, ""en"", ""el"")",
src/components/modals/OrganizerWebhookLogsModal/index.tsx:166 | src/components/modals/WebhookLogsModal/index.tsx:180,,No webhook events have been recorded for this endpoint yet. Events will appear here once they are triggered.,"=GOOGLETRANSLATE(C1224, ""en"", ""el"")",
src/components/common/OrganizerWebhookTable/index.tsx:201 | src/components/common/WebhookTable/index.tsx:201,,No Webhooks,"=GOOGLETRANSLATE(C1225, ""en"", ""el"")",
src/components/layouts/Checkout/index.tsx:315,,"No, keep me here","=GOOGLETRANSLATE(C1226, ""en"", ""el"")",
src/components/routes/account/ManageAccount/sections/PaymentSettings/VatSettings/index.tsx:69 | src/components/routes/account/ManageAccount/sections/PaymentSettings/VatSettings/VatSettingsModal.tsx:31,,Non-VAT registered businesses or individuals: Irish VAT at 23% applies,"=GOOGLETRANSLATE(C1227, ""en"", ""el"")",
src/components/common/PromoCodeTable/index.tsx:87 | src/components/routes/product-widget/CollectInformation/index.tsx:503,,None,"=GOOGLETRANSLATE(C1228, ""en"", ""el"")",
src/components/common/ProductPriceAvailability/index.tsx:37 | src/components/common/ProductPriceAvailability/index.tsx:66,,Not available,"=GOOGLETRANSLATE(C1229, ""en"", ""el"")",
src/components/common/AttendeeTable/index.tsx:327 | src/components/common/CheckInStatusModal/index.tsx:110,,Not Checked In,"=GOOGLETRANSLATE(C1230, ""en"", ""el"")",
src/components/common/CheckInStatusModal/index.tsx:118,,Not Eligible,"=GOOGLETRANSLATE(C1231, ""en"", ""el"")",
src/components/modals/ManageAttendeeModal/index.tsx:130 | src/components/modals/ManageOrderModal/index.tsx:164,,Notes,"=GOOGLETRANSLATE(C1232, ""en"", ""el"")",
src/components/common/ReportTable/index.tsx:240,,Nothing to show yet,"=GOOGLETRANSLATE(C1233, ""en"", ""el"")",
src/components/routes/event/Settings/Sections/EmailSettings/GeneralEmailSettings.tsx:76,,Notification Settings,"=GOOGLETRANSLATE(C1234, ""en"", ""el"")",
src/components/routes/event/Settings/Sections/EmailSettings/GeneralEmailSettings.tsx:79,,Notify organizer of new orders,"=GOOGLETRANSLATE(C1235, ""en"", ""el"")",
src/components/routes/event/Settings/Sections/PaymentSettings/index.tsx:220,,Number of days allowed for payment (leave blank to omit payment terms from invoices),"=GOOGLETRANSLATE(C1236, ""en"", ""el"")",
src/components/routes/event/Settings/Sections/PaymentSettings/index.tsx:202,,Number Prefix,"=GOOGLETRANSLATE(C1237, ""en"", ""el"")",
src/components/common/OrganizerReportTable/index.tsx:356,,of,"=GOOGLETRANSLATE(C1238, ""en"", ""el"")",
src/components/common/WaitlistTable/index.tsx:132 | src/components/modals/OfferWaitlistModal/index.tsx:221,,Offer,"=GOOGLETRANSLATE(C1239, ""en"", ""el"")",
src/components/common/WaitlistTable/index.tsx:69,,Offer Spot,"=GOOGLETRANSLATE(C1240, ""en"", ""el"")",
src/components/modals/OfferWaitlistModal/index.tsx:82 | src/components/modals/OfferWaitlistModal/index.tsx:126 | src/components/routes/event/SoldOutWaitlist/index.tsx:86,,Offer Tickets,"=GOOGLETRANSLATE(C1241, ""en"", ""el"")",
src/components/routes/event/Settings/Sections/WaitlistSettings/index.tsx:69,,Offer Timeout,"=GOOGLETRANSLATE(C1242, ""en"", ""el"")",
src/components/common/WaitlistStats/index.tsx:13 | src/components/common/WaitlistTable/index.tsx:25 | src/components/routes/event/SoldOutWaitlist/index.tsx:72,,Offered,"=GOOGLETRANSLATE(C1243, ""en"", ""el"")",
src/components/modals/OfferWaitlistModal/index.tsx:91 | src/components/modals/OfferWaitlistModal/index.tsx:130,,Offers expire after {timeoutHours} hours.,"=GOOGLETRANSLATE(C1244, ""en"", ""el"")",
src/components/routes/organizer/Settings/Sections/AddressSettings/index.tsx:74 | src/components/routes/organizer/Settings/Sections/AddressSettings/index.tsx:75,,Office or venue name,"=GOOGLETRANSLATE(C1245, ""en"", ""el"")",
src/components/common/OrdersTable/index.tsx:382 | src/components/routes/product-widget/Payment/index.tsx:131,,Offline,"=GOOGLETRANSLATE(C1246, ""en"", ""el"")",
src/components/routes/event/Settings/Sections/PaymentSettings/index.tsx:148,,Offline orders are not reflected in event statistics until the order is marked as paid.,"=GOOGLETRANSLATE(C1247, ""en"", ""el"")",
src/components/common/Editor/Controls/InsertLiquidVariableControl.tsx:31 | src/components/common/Editor/Controls/InsertLiquidVariableControl.tsx:65,,Offline Payment,"=GOOGLETRANSLATE(C1248, ""en"", ""el"")",
src/components/routes/product-widget/Payment/index.tsx:77,,Offline payment failed. Please try again or contact the event organizer.,"=GOOGLETRANSLATE(C1249, ""en"", ""el"")",
src/components/common/Editor/Controls/InsertLiquidVariableControl.tsx:49 | src/components/common/Editor/Controls/InsertLiquidVariableControl.tsx:82 | src/components/routes/event/Settings/Sections/PaymentSettings/index.tsx:154,,Offline Payment Instructions,"=GOOGLETRANSLATE(C1250, ""en"", ""el"")",
src/components/routes/event/Settings/Sections/PaymentSettings/index.tsx:93,,Offline Payments,"=GOOGLETRANSLATE(C1251, ""en"", ""el"")",
src/components/routes/event/Settings/Sections/PaymentSettings/index.tsx:142,,Offline Payments Information,"=GOOGLETRANSLATE(C1252, ""en"", ""el"")",
src/components/routes/event/Settings/Sections/PaymentSettings/index.tsx:137,,Offline Payments Settings,"=GOOGLETRANSLATE(C1253, ""en"", ""el"")",
src/components/common/EventCard/index.tsx:91 | src/components/common/ProductsTable/SortableProduct/index.tsx:95 | src/components/routes/organizer/Reports/EventsPerformanceReport/index.tsx:32,,On Sale,"=GOOGLETRANSLATE(C1254, ""en"", ""el"")",
src/components/common/ProductsTable/SortableProduct/index.tsx:101,,On sale {0},"=GOOGLETRANSLATE(C1255, ""en"", ""el"")",
src/components/routes/account/ManageAccount/sections/PaymentSettings/index.tsx:553,,"Once you complete the upgrade, your old account will only be used for refunds.","=GOOGLETRANSLATE(C1256, ""en"", ""el"")",
src/components/common/NoEventsBlankSlate/index.tsx:21,,"Once you create an event, you'll see it here.","=GOOGLETRANSLATE(C1257, ""en"", ""el"")",
src/components/common/ReportTable/index.tsx:245,,"Once you start collecting data, you'll see it here.","=GOOGLETRANSLATE(C1258, ""en"", ""el"")",
src/components/routes/event/GettingStarted/index.tsx:184,,"Once you're ready, set your event live and start selling products.","=GOOGLETRANSLATE(C1259, ""en"", ""el"")",
src/components/common/EventStatusBadge/index.tsx:18 | src/components/routes/organizer/Reports/EventsPerformanceReport/index.tsx:31,,Ongoing,"=GOOGLETRANSLATE(C1260, ""en"", ""el"")",
src/components/common/EventCard/index.tsx:95 | src/components/routes/product-widget/Payment/index.tsx:123,,Online,"=GOOGLETRANSLATE(C1261, ""en"", ""el"")",
src/components/layouts/EventHomepage/index.tsx:346 | src/components/layouts/OrganizerHomepage/EventCard/index.tsx:167,,Online Event,"=GOOGLETRANSLATE(C1262, ""en"", ""el"")",
src/components/common/OnlineEventDetails/index.tsx:9,,Online Event Details,"=GOOGLETRANSLATE(C1263, ""en"", ""el"")",
src/components/routes/event/Settings/Sections/DangerZoneSettings/index.tsx:72,,Only account administrators can delete or archive events. Contact your account admin for assistance.,"=GOOGLETRANSLATE(C1264, ""en"", ""el"")",
src/components/routes/organizer/Settings/Sections/DangerZoneSettings/index.tsx:78,,Only account administrators can delete or archive organizers. Contact your account admin for assistance.,"=GOOGLETRANSLATE(C1265, ""en"", ""el"")",
src/components/modals/SendMessageModal/index.tsx:330,,Only send to orders with these statuses,"=GOOGLETRANSLATE(C1266, ""en"", ""el"")",
src/components/common/ProductsTable/SortableProduct/index.tsx:315,,Only visible with promo code,"=GOOGLETRANSLATE(C1267, ""en"", ""el"")",
src/components/common/CheckInListList/index.tsx:169 | src/components/modals/CheckInListSuccessModal/index.tsx:56,,Open Check-In Page,"=GOOGLETRANSLATE(C1268, ""en"", ""el"")",
src/components/layouts/AppLayout/index.tsx:29,,Open sidebar,"=GOOGLETRANSLATE(C1269, ""en"", ""el"")",
src/components/routes/account/ManageAccount/sections/PaymentSettings/index.tsx:196 | src/components/routes/account/ManageAccount/sections/PaymentSettings/index.tsx:405 | src/components/routes/account/ManageAccount/sections/PaymentSettings/index.tsx:642,,Open Stripe Dashboard,"=GOOGLETRANSLATE(C1270, ""en"", ""el"")",
src/components/forms/QuestionForm/index.tsx:45,,Option {i},"=GOOGLETRANSLATE(C1271, ""en"", ""el"")",
src/components/routes/event/Settings/Sections/PaymentSettings/index.tsx:256,,"Optional additional information to appear on all invoices (e.g., payment terms, late payment fees, return policy)","=GOOGLETRANSLATE(C1272, ""en"", ""el"")",
src/components/routes/event/Settings/Sections/PaymentSettings/index.tsx:203,,"Optional prefix for invoice numbers (e.g., INV-)","=GOOGLETRANSLATE(C1273, ""en"", ""el"")",
src/components/routes/event/TicketDesigner/index.tsx:161,,"Optional text for disclaimers, contact info, or thank you notes (single line only)","=GOOGLETRANSLATE(C1274, ""en"", ""el"")",
src/components/forms/CheckInListForm/index.tsx:64,,"Optional. If set, staff will be prompted for this password before they can access the list.","=GOOGLETRANSLATE(C1275, ""en"", ""el"")",
src/components/common/QuestionsTable/index.tsx:125,,options,"=GOOGLETRANSLATE(C1276, ""en"", ""el"")",
src/components/forms/QuestionForm/index.tsx:28,,Options,"=GOOGLETRANSLATE(C1277, ""en"", ""el"")",
src/components/modals/CreateEventModal/index.tsx:164,,or,"=GOOGLETRANSLATE(C1278, ""en"", ""el"")",
src/components/common/Editor/Controls/InsertLiquidVariableControl.tsx:21 | src/components/common/Editor/Controls/InsertLiquidVariableControl.tsx:22 | src/components/common/Editor/Controls/InsertLiquidVariableControl.tsx:23 | src/components/common/Editor/Controls/InsertLiquidVariableControl.tsx:24 | src/components/common/Editor/Controls/InsertLiquidVariableControl.tsx:25 | src/components/common/Editor/Controls/InsertLiquidVariableControl.tsx:26 | src/components/common/Editor/Controls/InsertLiquidVariableControl.tsx:27 | src/components/common/Editor/Controls/InsertLiquidVariableControl.tsx:28 | src/components/common/Editor/Controls/InsertLiquidVariableControl.tsx:29 | src/components/common/Editor/Controls/InsertLiquidVariableControl.tsx:30 | src/components/common/Editor/Controls/InsertLiquidVariableControl.tsx:31 | src/components/common/Editor/Controls/InsertLiquidVariableControl.tsx:63 | src/components/common/Editor/Controls/InsertLiquidVariableControl.tsx:64 | src/components/common/Editor/Controls/InsertLiquidVariableControl.tsx:65 | src/components/common/QuestionsTable/index.tsx:294 | src/components/common/QuestionsTable/index.tsx:447 | src/components/routes/my-tickets/index.tsx:53,,Order,"=GOOGLETRANSLATE(C1279, ""en"", ""el"")",
src/components/common/AttendeeTable/index.tsx:240,,Order & Ticket,"=GOOGLETRANSLATE(C1280, ""en"", ""el"")",
src/components/routes/product-widget/CollectInformation/index.tsx:361 | src/components/routes/product-widget/OrderSummaryAndProducts/index.tsx:353,,Order cancelled,"=GOOGLETRANSLATE(C1281, ""en"", ""el"")",
src/components/forms/WebhookForm/index.tsx:97,,Order Cancelled,"=GOOGLETRANSLATE(C1282, ""en"", ""el"")",
src/components/routes/product-widget/OrderSummaryAndProducts/index.tsx:363,,Order complete,"=GOOGLETRANSLATE(C1283, ""en"", ""el"")",
src/components/common/EmailTemplateEditor/EmailTemplateEditor.tsx:94 | src/components/common/EmailTemplateSettings/EmailTemplateSettingsBase.tsx:202,,Order Confirmation,"=GOOGLETRANSLATE(C1284, ""en"", ""el"")",
src/components/routes/product-widget/OrderSummaryAndProducts/index.tsx:524,,Order confirmation resent successfully,"=GOOGLETRANSLATE(C1285, ""en"", ""el"")",
src/components/forms/WebhookForm/index.tsx:73,,Order Created,"=GOOGLETRANSLATE(C1286, ""en"", ""el"")",
src/components/common/Editor/Controls/InsertLiquidVariableControl.tsx:30,,Order Currency,"=GOOGLETRANSLATE(C1287, ""en"", ""el"")",
src/components/common/Editor/Controls/InsertLiquidVariableControl.tsx:23 | src/components/routes/product-widget/OrderSummaryAndProducts/index.tsx:267,,Order Date,"=GOOGLETRANSLATE(C1288, ""en"", ""el"")",
src/components/common/OrdersTable/index.tsx:270 | src/components/modals/ManageAttendeeModal/index.tsx:166 | src/components/modals/ManageOrderModal/index.tsx:86 | src/components/routes/product-widget/OrderSummaryAndProducts/index.tsx:591,,Order Details,"=GOOGLETRANSLATE(C1289, ""en"", ""el"")",
src/components/common/Editor/Controls/InsertLiquidVariableControl.tsx:26,,Order Email,"=GOOGLETRANSLATE(C1290, ""en"", ""el"")",
src/components/common/Editor/Controls/InsertLiquidVariableControl.tsx:24,,Order First Name,"=GOOGLETRANSLATE(C1291, ""en"", ""el"")",
src/components/modals/CancelOrderModal/index.tsx:40,,Order has been canceled and refunded. The order owner has been notified.,"=GOOGLETRANSLATE(C1292, ""en"", ""el"")",
src/components/modals/CancelOrderModal/index.tsx:41,,Order has been canceled and the order owner has been notified.,"=GOOGLETRANSLATE(C1293, ""en"", ""el"")",
src/components/routes/admin/Messages/index.tsx:88 | src/components/routes/admin/Messages/index.tsx:138,,Order Holders,"=GOOGLETRANSLATE(C1294, ""en"", ""el"")",
src/components/common/AdminOrdersTable/index.tsx:67,,Order ID,"=GOOGLETRANSLATE(C1295, ""en"", ""el"")",
src/components/common/Editor/Controls/InsertLiquidVariableControl.tsx:28,,Order Is Awaiting Offline Payment,"=GOOGLETRANSLATE(C1296, ""en"", ""el"")",
src/components/common/Editor/Controls/InsertLiquidVariableControl.tsx:25,,Order Last Name,"=GOOGLETRANSLATE(C1297, ""en"", ""el"")",
src/components/forms/ProductForm/index.tsx:436,,Order Limits,"=GOOGLETRANSLATE(C1298, ""en"", ""el"")",
src/components/forms/ProductForm/index.tsx:384,,Order limits set,"=GOOGLETRANSLATE(C1299, ""en"", ""el"")",
src/components/common/Editor/Controls/InsertLiquidVariableControl.tsx:29,,Order Locale,"=GOOGLETRANSLATE(C1300, ""en"", ""el"")",
src/components/common/OrdersTable/index.tsx:77,,Order marked as paid,"=GOOGLETRANSLATE(C1301, ""en"", ""el"")",
src/components/forms/WebhookForm/index.tsx:85,,Order Marked as Paid,"=GOOGLETRANSLATE(C1302, ""en"", ""el"")",
src/components/routes/product-widget/CollectInformation/index.tsx:376,,Order not found,"=GOOGLETRANSLATE(C1303, ""en"", ""el"")",
src/components/routes/product-widget/OrderSummaryAndProducts/index.tsx:541,,Order Not Found,"=GOOGLETRANSLATE(C1304, ""en"", ""el"")",
src/components/modals/ManageOrderModal/index.tsx:92,,Order Notes,"=GOOGLETRANSLATE(C1305, ""en"", ""el"")",
src/components/common/Editor/Controls/InsertLiquidVariableControl.tsx:21,,Order Number,"=GOOGLETRANSLATE(C1306, ""en"", ""el"")",
src/components/common/MessageList/index.tsx:31,,Order owner,"=GOOGLETRANSLATE(C1307, ""en"", ""el"")",
src/components/modals/SendMessageModal/index.tsx:294,,Order owners with a specific product,"=GOOGLETRANSLATE(C1308, ""en"", ""el"")",
src/components/common/MessageList/index.tsx:27,,Order owners with products,"=GOOGLETRANSLATE(C1309, ""en"", ""el"")",
src/components/common/Editor/Controls/InsertLiquidVariableControl.tsx:63,,Order Payment Pending,"=GOOGLETRANSLATE(C1310, ""en"", ""el"")",
src/components/routes/organizer/Reports/PlatformFeesReport/index.tsx:59,,Order Ref,"=GOOGLETRANSLATE(C1311, ""en"", ""el"")",
src/components/routes/product-widget/OrderSummaryAndProducts/index.tsx:246,,Order Reference,"=GOOGLETRANSLATE(C1312, ""en"", ""el"")",
src/components/forms/WebhookForm/index.tsx:91,,Order Refunded,"=GOOGLETRANSLATE(C1313, ""en"", ""el"")",
src/components/common/Editor/Controls/InsertLiquidVariableControl.tsx:64 | src/components/common/Editor/Controls/InsertLiquidVariableControl.tsx:64 | src/components/routes/event/orders.tsx:45,,Order Status,"=GOOGLETRANSLATE(C1314, ""en"", ""el"")",
src/components/modals/SendMessageModal/index.tsx:331,,Order statuses,"=GOOGLETRANSLATE(C1315, ""en"", ""el"")",
src/components/common/InlineOrderSummary/index.tsx:54 | src/components/modals/ManageOrderModal/index.tsx:105,,Order Summary,"=GOOGLETRANSLATE(C1316, ""en"", ""el"")",
src/components/routes/event/Settings/Sections/HomepageAndCheckoutSettings/index.tsx:124,,Order timeout,"=GOOGLETRANSLATE(C1317, ""en"", ""el"")",
src/components/common/Editor/Controls/InsertLiquidVariableControl.tsx:22 | src/components/modals/RefundOrderModal/index.tsx:78,,Order Total,"=GOOGLETRANSLATE(C1318, ""en"", ""el"")",
src/components/forms/WebhookForm/index.tsx:79,,Order Updated,"=GOOGLETRANSLATE(C1319, ""en"", ""el"")",
src/components/routes/product-widget/OrderSummaryAndProducts/index.tsx:463,,Order updated successfully,"=GOOGLETRANSLATE(C1320, ""en"", ""el"")",
src/components/common/Editor/Controls/InsertLiquidVariableControl.tsx:27,,Order URL,"=GOOGLETRANSLATE(C1321, ""en"", ""el"")",
src/components/routes/product-widget/CollectInformation/index.tsx:333,,Order was cancelled,"=GOOGLETRANSLATE(C1322, ""en"", ""el"")",
src/components/layouts/Admin/index.tsx:17 | src/components/layouts/Event/index.tsx:114 | src/components/routes/admin/Attribution/index.tsx:138 | src/components/routes/admin/Orders/index.tsx:44 | src/components/routes/event/orders.tsx:115 | src/components/routes/organizer/Reports/EventsPerformanceReport/index.tsx:103 | src/components/routes/organizer/Reports/RevenueSummaryReport/index.tsx:60 | src/components/routes/organizer/Reports/TaxSummaryReport/index.tsx:55,,Orders,"=GOOGLETRANSLATE(C1323, ""en"", ""el"")",
src/components/routes/admin/Dashboard/index.tsx:189,,Orders Completed,"=GOOGLETRANSLATE(C1324, ""en"", ""el"")",
src/components/routes/event/orders.tsx:94,,Orders Exported,"=GOOGLETRANSLATE(C1325, ""en"", ""el"")",
src/components/routes/admin/Dashboard/index.tsx:207,,Orders Total,"=GOOGLETRANSLATE(C1326, ""en"", ""el"")",
src/components/common/AdminEventsTable/index.tsx:142,,Orders:,"=GOOGLETRANSLATE(C1327, ""en"", ""el"")",
src/components/routes/admin/Attribution/index.tsx:62,,Organic Accounts,"=GOOGLETRANSLATE(C1328, ""en"", ""el"")",
src/components/common/Editor/Controls/InsertLiquidVariableControl.tsx:44 | src/components/common/Editor/Controls/InsertLiquidVariableControl.tsx:45 | src/components/common/Editor/Controls/InsertLiquidVariableControl.tsx:77 | src/components/common/Editor/Controls/InsertLiquidVariableControl.tsx:78,,Organization,"=GOOGLETRANSLATE(C1329, ""en"", ""el"")",
src/components/routes/event/Settings/Sections/PaymentSettings/index.tsx:238,,Organization Address,"=GOOGLETRANSLATE(C1330, ""en"", ""el"")",
src/components/routes/event/Settings/Sections/PaymentSettings/index.tsx:229,,Organization Details,"=GOOGLETRANSLATE(C1331, ""en"", ""el"")",
src/components/forms/OrganizerForm/index.tsx:28 | src/components/routes/event/Settings/Sections/PaymentSettings/index.tsx:231,,Organization Name,"=GOOGLETRANSLATE(C1332, ""en"", ""el"")",
src/components/common/AdminEventsTable/index.tsx:87 | src/components/common/AttendeeTicket/index.tsx:82 | src/components/layouts/EventHomepage/index.tsx:495 | src/components/modals/EditUserModal/index.tsx:55 | src/components/modals/InviteUserModal/index.tsx:47 | src/components/routes/admin/Dashboard/index.tsx:257 | src/components/routes/admin/Dashboard/index.tsx:306 | src/components/routes/admin/Dashboard/index.tsx:352 | src/components/routes/events/Dashboard/index.tsx:194 | src/components/routes/product-widget/OrderSummaryAndProducts/index.tsx:331,,Organizer,"=GOOGLETRANSLATE(C1333, ""en"", ""el"")",
src/components/routes/organizer/Settings/Sections/DangerZoneSettings/index.tsx:60,,Organizer archived successfully,"=GOOGLETRANSLATE(C1334, ""en"", ""el"")",
src/components/layouts/Event/index.tsx:86 | src/components/layouts/OrganizerLayout/index.tsx:80 | src/components/routes/organizer/OrganizerDashboard/index.tsx:162,,Organizer Dashboard,"=GOOGLETRANSLATE(C1335, ""en"", ""el"")",
src/components/routes/organizer/Settings/Sections/DangerZoneSettings/index.tsx:40,,Organizer deleted successfully,"=GOOGLETRANSLATE(C1336, ""en"", ""el"")",
src/components/common/Editor/Controls/InsertLiquidVariableControl.tsx:45 | src/components/common/Editor/Controls/InsertLiquidVariableControl.tsx:78,,Organizer Email,"=GOOGLETRANSLATE(C1337, ""en"", ""el"")",
src/components/common/Editor/Controls/InsertLiquidVariableControl.tsx:45 | src/components/common/Editor/Controls/InsertLiquidVariableControl.tsx:78,,Organizer email address,"=GOOGLETRANSLATE(C1338, ""en"", ""el"")",
src/components/modals/CreateEventModal/index.tsx:48,,Organizer is required,"=GOOGLETRANSLATE(C1339, ""en"", ""el"")",
src/components/common/Editor/Controls/InsertLiquidVariableControl.tsx:44 | src/components/common/Editor/Controls/InsertLiquidVariableControl.tsx:77 | src/components/routes/organizer/Settings/Sections/BasicSettings/index.tsx:72,,Organizer Name,"=GOOGLETRANSLATE(C1340, ""en"", ""el"")",
src/components/layouts/PublicOrganizer/OrganizerNotFound/index.tsx:8 | src/components/layouts/PublicOrganizer/OrganizerNotFound/index.tsx:10,,Organizer Not Found,"=GOOGLETRANSLATE(C1341, ""en"", ""el"")",
src/components/routes/organizer/Settings/Sections/DangerZoneSettings/index.tsx:60,,Organizer restored successfully,"=GOOGLETRANSLATE(C1342, ""en"", ""el"")",
src/components/routes/organizer/Settings/index.tsx:124,,Organizer Settings,"=GOOGLETRANSLATE(C1343, ""en"", ""el"")",
src/components/routes/organizer/OrganizerDashboard/index.tsx:225,,Organizer statistics are not available for the selected currency or an error occurred.,"=GOOGLETRANSLATE(C1344, ""en"", ""el"")",
src/components/common/StatusToggle/index.tsx:66 | src/components/layouts/OrganizerLayout/index.tsx:143,,Organizer status update failed. Please try again later,"=GOOGLETRANSLATE(C1345, ""en"", ""el"")",
src/components/common/StatusToggle/index.tsx:58 | src/components/layouts/OrganizerLayout/index.tsx:140,,Organizer status updated,"=GOOGLETRANSLATE(C1346, ""en"", ""el"")",
src/components/common/EmailTemplateSettings/EmailTemplateSettingsBase.tsx:214,,Organizer/default template will be used,"=GOOGLETRANSLATE(C1347, ""en"", ""el"")",
src/components/modals/EditUserModal/index.tsx:57 | src/components/modals/InviteUserModal/index.tsx:49,,"Organizers can only manage events and products. They cannot manage users, account settings or billing information.","=GOOGLETRANSLATE(C1348, ""en"", ""el"")",
src/components/common/Editor/Controls/InsertLiquidVariableControl.tsx:98 | src/components/common/OrdersTable/index.tsx:387 | src/constants/eventCategories.ts:22,,Other,"=GOOGLETRANSLATE(C1349, ""en"", ""el"")",
src/components/common/CheckInStatusModal/index.tsx:171,,Other Lists (Ticket Not Included),"=GOOGLETRANSLATE(C1350, ""en"", ""el"")",
src/components/routes/admin/Messages/index.tsx:107,,Outgoing Messages,"=GOOGLETRANSLATE(C1351, ""en"", ""el"")",
src/components/layouts/Event/index.tsx:89,,Overview,"=GOOGLETRANSLATE(C1352, ""en"", ""el"")",
src/components/common/WidgetEditor/index.tsx:227,,Padding,"=GOOGLETRANSLATE(C1353, ""en"", ""el"")",
src/components/common/OrganizerReportTable/index.tsx:356,,Page,"=GOOGLETRANSLATE(C1354, ""en"", ""el"")",
src/components/forms/StripeCheckoutForm/index.tsx:106,,Page no longer available,"=GOOGLETRANSLATE(C1355, ""en"", ""el"")",
src/components/common/ErrorDisplay/index.tsx:14,,Page not found,"=GOOGLETRANSLATE(C1356, ""en"", ""el"")",
src/components/modals/ShareModal/index.tsx:236,,Page URL,"=GOOGLETRANSLATE(C1357, ""en"", ""el"")",
src/components/common/StatBoxes/index.tsx:69,,Page views,"=GOOGLETRANSLATE(C1358, ""en"", ""el"")",
src/components/routes/organizer/Reports/EventsPerformanceReport/index.tsx:113,,Page Views,"=GOOGLETRANSLATE(C1359, ""en"", ""el"")",
src/components/modals/CreateAttendeeModal/index.tsx:191,,paid,"=GOOGLETRANSLATE(C1360, ""en"", ""el"")",
src/components/routes/admin/Attribution/index.tsx:51,,Paid Accounts,"=GOOGLETRANSLATE(C1361, ""en"", ""el"")",
src/components/forms/ProductForm/index.tsx:154,,Paid Product,"=GOOGLETRANSLATE(C1362, ""en"", ""el"")",
src/components/layouts/AuthLayout/index.tsx:27,,"Paid, free, tiered pricing, and donation-based tickets","=GOOGLETRANSLATE(C1363, ""en"", ""el"")",
src/components/modals/RefundOrderModal/index.tsx:109,,Partial refund,"=GOOGLETRANSLATE(C1364, ""en"", ""el"")",
src/components/routes/event/orders.tsx:30 | src/components/routes/product-widget/OrderSummaryAndProducts/index.tsx:70,,Partially Refunded,"=GOOGLETRANSLATE(C1365, ""en"", ""el"")",
src/components/common/OrdersTable/index.tsx:357,,Partially refunded: {0},"=GOOGLETRANSLATE(C1366, ""en"", ""el"")",
src/components/common/PlatformFeesSettings/index.tsx:194,,Pass fee to buyer,"=GOOGLETRANSLATE(C1367, ""en"", ""el"")",
src/components/common/PlatformFeesSettings/index.tsx:209,,Pass to Buyer,"=GOOGLETRANSLATE(C1368, ""en"", ""el"")",
src/components/forms/CheckInListForm/index.tsx:60 | src/components/layouts/CheckIn/index.tsx:389 | src/components/routes/auth/AcceptInvitation/index.tsx:127 | src/components/routes/auth/Login/index.tsx:98 | src/components/routes/auth/Register/index.tsx:112 | src/components/routes/profile/ManageProfile/index.tsx:119,,Password,"=GOOGLETRANSLATE(C1369, ""en"", ""el"")",
src/components/routes/auth/AcceptInvitation/index.tsx:31,,Password must be a minimum  of 8 characters,"=GOOGLETRANSLATE(C1370, ""en"", ""el"")",
src/components/routes/auth/Register/index.tsx:36,,Password must be at least 8 characters,"=GOOGLETRANSLATE(C1371, ""en"", ""el"")",
src/components/layouts/CheckIn/index.tsx:386,,Password Protected,"=GOOGLETRANSLATE(C1372, ""en"", ""el"")",
src/components/routes/auth/ResetPassword/index.tsx:49,,Password reset successfully. Please login with your new password.,"=GOOGLETRANSLATE(C1373, ""en"", ""el"")",
src/components/routes/auth/AcceptInvitation/index.tsx:32 | src/components/routes/auth/Register/index.tsx:37,,Passwords are not the same,"=GOOGLETRANSLATE(C1374, ""en"", ""el"")",
src/components/layouts/OrganizerHomepage/index.tsx:278 | src/components/routes/organizer/Reports/EventsPerformanceReport/index.tsx:30,,Past,"=GOOGLETRANSLATE(C1375, ""en"", ""el"")",
src/components/layouts/OrganizerHomepage/index.tsx:265,,Past Events,"=GOOGLETRANSLATE(C1376, ""en"", ""el"")",
src/components/common/WidgetEditor/index.tsx:272,,Paste this where you want the widget to appear.,"=GOOGLETRANSLATE(C1377, ""en"", ""el"")",
src/components/common/Editor/Controls/InsertImageControl/index.tsx:103,,Paste URL,"=GOOGLETRANSLATE(C1378, ""en"", ""el"")",
src/components/modals/CreateAttendeeModal/index.tsx:130,,Patrick,"=GOOGLETRANSLATE(C1379, ""en"", ""el"")",
src/components/modals/CreateAttendeeModal/index.tsx:144,,patrick@acme.com,"=GOOGLETRANSLATE(C1380, ""en"", ""el"")",
src/components/common/ProductsTable/SortableProduct/index.tsx:96 | src/components/forms/WebhookForm/index.tsx:28,,Paused,"=GOOGLETRANSLATE(C1381, ""en"", ""el"")",
src/components/routes/product-widget/Payment/index.tsx:146,,Pay,"=GOOGLETRANSLATE(C1382, ""en"", ""el"")",
src/components/common/AttendeeTicket/index.tsx:149,,Pay to unlock,"=GOOGLETRANSLATE(C1383, ""en"", ""el"")",
src/components/modals/OrganizerWebhookLogsModal/index.tsx:107 | src/components/routes/admin/FailedJobs/index.tsx:273,,Payload,"=GOOGLETRANSLATE(C1384, ""en"", ""el"")",
src/components/common/OrdersTable/index.tsx:368 | src/components/common/ProgressStepper/index.tsx:19 | src/components/forms/StripeCheckoutForm/index.tsx:127,,Payment,"=GOOGLETRANSLATE(C1385, ""en"", ""el"")",
src/components/routes/event/Settings/index.tsx:82,,Payment & Invoicing,"=GOOGLETRANSLATE(C1386, ""en"", ""el"")",
src/components/routes/event/Settings/Sections/PaymentSettings/index.tsx:101,,Payment & Invoicing Settings,"=GOOGLETRANSLATE(C1387, ""en"", ""el"")",
src/components/routes/account/ManageAccount/index.tsx:38,,Payment & Plan,"=GOOGLETRANSLATE(C1388, ""en"", ""el"")",
src/components/routes/organizer/Reports/PlatformFeesReport/index.tsx:53,,Payment Date,"=GOOGLETRANSLATE(C1389, ""en"", ""el"")",
src/components/routes/event/Settings/Sections/PaymentSettings/index.tsx:219,,Payment Due Period,"=GOOGLETRANSLATE(C1390, ""en"", ""el"")",
src/components/routes/product-widget/OrderSummaryAndProducts/index.tsx:57,,Payment Failed,"=GOOGLETRANSLATE(C1391, ""en"", ""el"")",
src/components/routes/product-widget/OrderSummaryAndProducts/index.tsx:389 | src/components/routes/product-widget/Payment/PaymentMethods/Offline/index.tsx:14,,Payment Instructions,"=GOOGLETRANSLATE(C1392, ""en"", ""el"")",
src/components/routes/product-widget/Payment/index.tsx:114,,Payment method,"=GOOGLETRANSLATE(C1393, ""en"", ""el"")",
src/components/routes/event/Settings/Sections/PaymentSettings/index.tsx:108,,Payment Methods,"=GOOGLETRANSLATE(C1394, ""en"", ""el"")",
src/components/routes/account/ManageAccount/sections/PaymentSettings/index.tsx:474 | src/components/routes/account/ManageAccount/sections/PaymentSettings/index.tsx:486 | src/components/routes/account/ManageAccount/sections/PaymentSettings/index.tsx:620,,Payment Processing,"=GOOGLETRANSLATE(C1395, ""en"", ""el"")",
src/components/common/OrderDetails/index.tsx:76,,Payment provider,"=GOOGLETRANSLATE(C1396, ""en"", ""el"")",
src/components/forms/StripeCheckoutForm/index.tsx:94,,Payment received,"=GOOGLETRANSLATE(C1397, ""en"", ""el"")",
src/components/routes/product-widget/OrderSummaryAndProducts/index.tsx:58,,Payment Received,"=GOOGLETRANSLATE(C1398, ""en"", ""el"")",
src/components/routes/account/ManageAccount/sections/PaymentSettings/index.tsx:816,,Payment Settings,"=GOOGLETRANSLATE(C1399, ""en"", ""el"")",
src/components/routes/product-widget/OrderSummaryAndProducts/index.tsx:280,,Payment Status,"=GOOGLETRANSLATE(C1400, ""en"", ""el"")",
src/components/forms/StripeCheckoutForm/index.tsx:60,,Payment succeeded!,"=GOOGLETRANSLATE(C1401, ""en"", ""el"")",
src/components/routes/event/Settings/Sections/PaymentSettings/index.tsx:217,,Payment Terms,"=GOOGLETRANSLATE(C1402, ""en"", ""el"")",
src/components/routes/product-widget/Payment/PaymentMethods/Stripe/index.tsx:49,,Payments not available,"=GOOGLETRANSLATE(C1403, ""en"", ""el"")",
src/components/routes/account/ManageAccount/sections/PaymentSettings/index.tsx:87,,Payments will continue to flow without interruption,"=GOOGLETRANSLATE(C1404, ""en"", ""el"")",
src/components/routes/admin/Messages/index.tsx:124,,Pending Review,"=GOOGLETRANSLATE(C1405, ""en"", ""el"")",
src/components/common/QuestionsTable/index.tsx:315,,Per Attendee,"=GOOGLETRANSLATE(C1406, ""en"", ""el"")",
src/components/routes/event/Settings/Sections/HomepageAndCheckoutSettings/index.tsx:50 | src/components/routes/organizer/Settings/Sections/EventDefaults/index.tsx:38,,Per order,"=GOOGLETRANSLATE(C1407, ""en"", ""el"")",
src/components/routes/event/Settings/Sections/HomepageAndCheckoutSettings/index.tsx:44 | src/components/routes/organizer/Settings/Sections/EventDefaults/index.tsx:32,,Per ticket,"=GOOGLETRANSLATE(C1408, ""en"", ""el"")",
src/components/forms/PromoCodeForm/index.tsx:81 | src/components/forms/TaxAndFeeForm/index.tsx:27,,Percentage,"=GOOGLETRANSLATE(C1409, ""en"", ""el"")",
src/components/forms/TaxAndFeeForm/index.tsx:71,,Percentage Amount,"=GOOGLETRANSLATE(C1410, ""en"", ""el"")",
src/components/modals/EditAccountConfigurationModal/index.tsx:99 | src/components/routes/admin/Accounts/AccountDetail/index.tsx:198 | src/components/routes/admin/Configurations/index.tsx:100 | src/components/routes/admin/Configurations/index.tsx:246,,Percentage Fee,"=GOOGLETRANSLATE(C1411, ""en"", ""el"")",
src/components/modals/EditAccountConfigurationModal/index.tsx:100,,Percentage fee (0-100%),"=GOOGLETRANSLATE(C1412, ""en"", ""el"")",
src/components/modals/EditAccountConfigurationModal/index.tsx:46,,Percentage fee must be between 0 and 100,"=GOOGLETRANSLATE(C1413, ""en"", ""el"")",
src/components/routes/admin/Configurations/index.tsx:174,,Percentage must be between 0 and 100,"=GOOGLETRANSLATE(C1414, ""en"", ""el"")",
src/components/routes/admin/Configurations/index.tsx:247,,Percentage of transaction amount,"=GOOGLETRANSLATE(C1415, ""en"", ""el"")",
src/components/common/AffiliateTable/index.tsx:89,,Performance,"=GOOGLETRANSLATE(C1416, ""en"", ""el"")",
src/components/routes/event/Settings/Sections/DangerZoneSettings/index.tsx:85,,Permanently delete this event and all its associated data.,"=GOOGLETRANSLATE(C1417, ""en"", ""el"")",
src/components/routes/organizer/Settings/Sections/DangerZoneSettings/index.tsx:91,,Permanently delete this organizer and all its events.,"=GOOGLETRANSLATE(C1418, ""en"", ""el"")",
src/components/routes/profile/ManageProfile/index.tsx:147,,Personal Information,"=GOOGLETRANSLATE(C1419, ""en"", ""el"")",
src/components/routes/organizer/Settings/Sections/BasicSettings/index.tsx:97,,Phone,"=GOOGLETRANSLATE(C1420, ""en"", ""el"")",
src/components/routes/organizer/Settings/Sections/SocialLinks/index.tsx:82,,Pinterest,"=GOOGLETRANSLATE(C1421, ""en"", ""el"")",
src/components/common/WidgetEditor/index.tsx:259,,Place this in the <head> of your website.,"=GOOGLETRANSLATE(C1422, ""en"", ""el"")",
src/components/common/PoweredByFooter/index.tsx:48,,Planning an event?,"=GOOGLETRANSLATE(C1423, ""en"", ""el"")",
src/components/common/PlatformFeesSettings/index.tsx:57 | src/components/common/PlatformFeesSettings/index.tsx:155,,Platform fee,"=GOOGLETRANSLATE(C1424, ""en"", ""el"")",
src/components/common/PlatformFeesSettings/index.tsx:73,,Platform fee of {0} deducted from your payout,"=GOOGLETRANSLATE(C1425, ""en"", ""el"")",
src/components/routes/account/ManageAccount/sections/PaymentSettings/index.tsx:248 | src/components/routes/event/Settings/index.tsx:98 | src/components/routes/event/Settings/Sections/PlatformFeesSettings/index.tsx:48 | src/components/routes/organizer/Reports/index.tsx:41 | src/components/routes/organizer/Settings/index.tsx:81 | src/components/routes/organizer/Settings/Sections/PlatformFeesSettings/index.tsx:42,,Platform Fees,"=GOOGLETRANSLATE(C1426, ""en"", ""el"")",
src/components/routes/organizer/Reports/PlatformFeesReport/index.tsx:134,,Platform Fees Report,"=GOOGLETRANSLATE(C1427, ""en"", ""el"")",
src/components/routes/admin/Dashboard/index.tsx:171,,Platform Revenue,"=GOOGLETRANSLATE(C1428, ""en"", ""el"")",
src/components/forms/QuestionForm/index.tsx:31,,Please add at least one option,"=GOOGLETRANSLATE(C1429, ""en"", ""el"")",
src/hooks/useFormErrorResponseHandler.tsx:18,,Please check the provided information is correct,"=GOOGLETRANSLATE(C1430, ""en"", ""el"")",
src/components/routes/auth/Login/index.tsx:53,,Please check your email and password and try again,"=GOOGLETRANSLATE(C1431, ""en"", ""el"")",
src/components/routes/auth/AcceptInvitation/index.tsx:33 | src/components/routes/auth/Register/index.tsx:38,,Please check your email is valid,"=GOOGLETRANSLATE(C1432, ""en"", ""el"")",
src/components/routes/profile/ManageProfile/index.tsx:170,,Please check your email to confirm your email address,"=GOOGLETRANSLATE(C1433, ""en"", ""el"")",
src/components/modals/CreateCapacityAssignmentModal/index.tsx:47,,Please create a product,"=GOOGLETRANSLATE(C1434, ""en"", ""el"")",
src/components/modals/CreateCheckInListModal/index.tsx:53,,Please create a ticket,"=GOOGLETRANSLATE(C1435, ""en"", ""el"")",
src/components/modals/JoinWaitlistModal/index.tsx:47,,Please enter a valid email address,"=GOOGLETRANSLATE(C1436, ""en"", ""el"")",
src/components/common/Editor/Controls/InsertImageControl/index.tsx:46,,Please enter a valid image URL that points to an image.,"=GOOGLETRANSLATE(C1437, ""en"", ""el"")",
src/components/modals/CreateOrganizerWebhookModal/index.tsx:30 | src/components/modals/CreateWebhookModal/index.tsx:30,,Please enter a valid URL,"=GOOGLETRANSLATE(C1438, ""en"", ""el"")",
src/components/routes/welcome/index.tsx:69,,Please enter the 5-digit code,"=GOOGLETRANSLATE(C1439, ""en"", ""el"")",
src/components/routes/account/ManageAccount/sections/PaymentSettings/VatSettings/VatSettingsForm.tsx:149,,Please enter your VAT number,"=GOOGLETRANSLATE(C1440, ""en"", ""el"")",
src/components/modals/CancelOrderModal/index.tsx:65,,Please Note,"=GOOGLETRANSLATE(C1441, ""en"", ""el"")",
src/components/common/Editor/Controls/InsertImageControl/index.tsx:35,,Please provide an image.,"=GOOGLETRANSLATE(C1442, ""en"", ""el"")",
src/components/routes/product-widget/Payment/PaymentMethods/Stripe/index.tsx:65,,Please restart the checkout process.,"=GOOGLETRANSLATE(C1443, ""en"", ""el"")",
src/components/layouts/Checkout/index.tsx:284,,Please return to the event page to start over.,"=GOOGLETRANSLATE(C1444, ""en"", ""el"")",
src/components/common/OrganizerReportTable/index.tsx:269,,Please select a date range,"=GOOGLETRANSLATE(C1445, ""en"", ""el"")",
src/components/common/Editor/Controls/InsertImageControl/index.tsx:54,,Please select an image.,"=GOOGLETRANSLATE(C1446, ""en"", ""el"")",
src/components/routes/product-widget/SelectProducts/index.tsx:285,,Please select at least one product,"=GOOGLETRANSLATE(C1447, ""en"", ""el"")",
src/components/routes/event/Affiliates/index.tsx:55 | src/components/routes/event/attendees.tsx:139 | src/components/routes/event/orders.tsx:100,,Please try again.,"=GOOGLETRANSLATE(C1448, ""en"", ""el"")",
src/components/routes/profile/ManageProfile/index.tsx:160,,Please verify your email address to access all features,"=GOOGLETRANSLATE(C1449, ""en"", ""el"")",
src/components/routes/welcome/index.tsx:123,,Please wait before requesting another code,"=GOOGLETRANSLATE(C1450, ""en"", ""el"")",
src/components/routes/event/Affiliates/index.tsx:46,,Please wait while we prepare your affiliates for export...,"=GOOGLETRANSLATE(C1451, ""en"", ""el"")",
src/components/routes/event/attendees.tsx:130,,Please wait while we prepare your attendees for export...,"=GOOGLETRANSLATE(C1452, ""en"", ""el"")",
src/components/common/OrdersTable/index.tsx:98 | src/components/layouts/Checkout/index.tsx:105,,Please wait while we prepare your invoice...,"=GOOGLETRANSLATE(C1453, ""en"", ""el"")",
src/components/routes/event/orders.tsx:91,,Please wait while we prepare your orders for export...,"=GOOGLETRANSLATE(C1454, ""en"", ""el"")",
src/components/common/LanguageSwitcher/index.tsx:42,,Polish,"=GOOGLETRANSLATE(C1455, ""en"", ""el"")",
src/components/routes/admin/Dashboard/index.tsx:245,,Popular Events (Last 14 Days),"=GOOGLETRANSLATE(C1456, ""en"", ""el"")",
src/components/common/LanguageSwitcher/index.tsx:30,,Portuguese,"=GOOGLETRANSLATE(C1457, ""en"", ""el"")",
src/components/routes/event/Settings/Sections/HomepageAndCheckoutSettings/index.tsx:100,,Post Checkout message,"=GOOGLETRANSLATE(C1458, ""en"", ""el"")",
src/components/common/Editor/Controls/InsertLiquidVariableControl.tsx:50 | src/components/common/Editor/Controls/InsertLiquidVariableControl.tsx:83,,Post Checkout Message,"=GOOGLETRANSLATE(C1459, ""en"", ""el"")",
src/components/common/PoweredByFooter/index.tsx:60,,Powered by,"=GOOGLETRANSLATE(C1460, ""en"", ""el"")",
src/components/routes/event/Settings/Sections/HomepageAndCheckoutSettings/index.tsx:93,,Pre Checkout message,"=GOOGLETRANSLATE(C1461, ""en"", ""el"")",
src/components/routes/event/CapacityAssignments/index.tsx:35,,Prevent overselling by sharing inventory across multiple ticket types.,"=GOOGLETRANSLATE(C1462, ""en"", ""el"")",
src/components/common/EmailTemplateEditor/EmailTemplateEditor.tsx:139 | src/components/routes/event/TicketDesigner/index.tsx:197,,Preview,"=GOOGLETRANSLATE(C1463, ""en"", ""el"")",
src/components/common/QuestionsTable/index.tsx:285,,Preview checkout form,"=GOOGLETRANSLATE(C1464, ""en"", ""el"")",
src/components/layouts/Event/index.tsx:241 | src/components/layouts/Event/index.tsx:245,,Preview Event page,"=GOOGLETRANSLATE(C1465, ""en"", ""el"")",
src/components/common/ProductsTable/SortableProduct/index.tsx:364 | src/components/forms/ProductForm/index.tsx:81 | src/components/forms/ProductForm/index.tsx:307,,Price,"=GOOGLETRANSLATE(C1466, ""en"", ""el"")",
src/components/routes/event/Settings/Sections/MiscSettings/index.tsx:84,,Price display mode,"=GOOGLETRANSLATE(C1467, ""en"", ""el"")",
src/components/common/ProductsTable/SortableProduct/index.tsx:110,,Price not set,"=GOOGLETRANSLATE(C1468, ""en"", ""el"")",
src/components/common/Editor/Controls/InsertLiquidVariableControl.tsx:59,,Price of the ticket,"=GOOGLETRANSLATE(C1469, ""en"", ""el"")",
src/components/forms/ProductForm/index.tsx:343,,Price Tiers,"=GOOGLETRANSLATE(C1470, ""en"", ""el"")",
src/components/forms/ProductForm/index.tsx:249,,Price Type,"=GOOGLETRANSLATE(C1471, ""en"", ""el"")",
src/components/common/WidgetEditor/index.tsx:187,,Primary Color,"=GOOGLETRANSLATE(C1472, ""en"", ""el"")",
src/components/common/WidgetEditor/index.tsx:193,,Primary Text Color,"=GOOGLETRANSLATE(C1473, ""en"", ""el"")",
src/components/routes/product-widget/OrderSummaryAndProducts/index.tsx:625,,Print All Tickets,"=GOOGLETRANSLATE(C1474, ""en"", ""el"")",
src/components/routes/event/TicketDesigner/index.tsx:204,,Print Preview,"=GOOGLETRANSLATE(C1475, ""en"", ""el"")",
src/components/routes/product-widget/OrderSummaryAndProducts/index.tsx:113,,Print Ticket,"=GOOGLETRANSLATE(C1476, ""en"", ""el"")",
src/components/layouts/Checkout/index.tsx:241 | src/components/routes/my-tickets/index.tsx:119,,Print Tickets,"=GOOGLETRANSLATE(C1477, ""en"", ""el"")",
src/components/common/AttendeeTicket/index.tsx:196,,Print to PDF,"=GOOGLETRANSLATE(C1478, ""en"", ""el"")",
src/components/layouts/EventHomepage/index.tsx:599 | src/components/layouts/OrganizerHomepage/index.tsx:328,,Privacy Policy,"=GOOGLETRANSLATE(C1479, ""en"", ""el"")",
src/components/modals/RefundOrderModal/index.tsx:150,,Process Refund,"=GOOGLETRANSLATE(C1480, ""en"", ""el"")",
src/components/routes/product-widget/OrderSummaryAndProducts/index.tsx:372,,Processing order,"=GOOGLETRANSLATE(C1481, ""en"", ""el"")",
src/components/common/AttendeeDetails/index.tsx:30 | src/components/common/ProductsTable/SortableProduct/index.tsx:289 | src/components/common/ProductsTable/SortableProduct/index.tsx:488 | src/components/common/WaitlistTable/index.tsx:170 | src/components/modals/ManageAttendeeModal/index.tsx:119 | src/components/modals/OfferWaitlistModal/index.tsx:161,,Product,"=GOOGLETRANSLATE(C1482, ""en"", ""el"")",
src/components/forms/ProductForm/index.tsx:288,,Product Category,"=GOOGLETRANSLATE(C1483, ""en"", ""el"")",
src/components/modals/EditProductCategoryModal/index.tsx:53,,Product category updated successfully.,"=GOOGLETRANSLATE(C1484, ""en"", ""el"")",
src/components/forms/WebhookForm/index.tsx:37,,Product Created,"=GOOGLETRANSLATE(C1485, ""en"", ""el"")",
src/components/forms/WebhookForm/index.tsx:67,,Product Deleted,"=GOOGLETRANSLATE(C1486, ""en"", ""el"")",
src/components/common/ProductsTable/SortableProduct/index.tsx:71,,Product deleted successfully,"=GOOGLETRANSLATE(C1487, ""en"", ""el"")",
src/components/forms/ProductForm/index.tsx:257,,Product Price Type,"=GOOGLETRANSLATE(C1488, ""en"", ""el"")",
src/components/routes/event/EventDashboard/index.tsx:255 | src/components/routes/event/Reports/index.tsx:17,,Product Sales,"=GOOGLETRANSLATE(C1489, ""en"", ""el"")",
src/components/routes/event/Reports/index.tsx:18,,"Product sales, revenue, and tax breakdown","=GOOGLETRANSLATE(C1490, ""en"", ""el"")",
src/components/common/ProductSelector/index.tsx:63,,Product Tier,"=GOOGLETRANSLATE(C1491, ""en"", ""el"")",
src/components/forms/ProductForm/index.tsx:234 | src/components/forms/ProductForm/index.tsx:242,,Product Type,"=GOOGLETRANSLATE(C1492, ""en"", ""el"")",
src/components/forms/WebhookForm/index.tsx:61,,Product Updated,"=GOOGLETRANSLATE(C1493, ""en"", ""el"")",
src/components/common/PromoCodeTable/index.tsx:153,,Product(s),"=GOOGLETRANSLATE(C1494, ""en"", ""el"")",
src/components/common/PromoCodeTable/index.tsx:77 | src/components/modals/DuplicateEventModal/index.tsx:24,,Products,"=GOOGLETRANSLATE(C1495, ""en"", ""el"")",
src/components/common/StatBoxes/index.tsx:51,,Products sold,"=GOOGLETRANSLATE(C1496, ""en"", ""el"")",
src/components/routes/admin/Dashboard/index.tsx:258 | src/components/routes/admin/Dashboard/index.tsx:355 | src/components/routes/event/EventDashboard/index.tsx:276 | src/components/routes/organizer/OrganizerDashboard/index.tsx:127 | src/components/routes/organizer/Reports/EventsPerformanceReport/index.tsx:68,,Products Sold,"=GOOGLETRANSLATE(C1497, ""en"", ""el"")",
src/components/common/ProductsTable/SortableProduct/index.tsx:230,,Products sorted successfully,"=GOOGLETRANSLATE(C1498, ""en"", ""el"")",
src/components/routes/profile/ManageProfile/index.tsx:116,,Profile,"=GOOGLETRANSLATE(C1499, ""en"", ""el"")",
src/components/routes/profile/ManageProfile/index.tsx:69,,Profile updated successfully,"=GOOGLETRANSLATE(C1500, ""en"", ""el"")",
src/components/routes/product-widget/SelectProducts/index.tsx:226,,Promo {promo_code} code applied,"=GOOGLETRANSLATE(C1501, ""en"", ""el"")",
src/components/common/OrderDetails/index.tsx:86,,Promo code,"=GOOGLETRANSLATE(C1502, ""en"", ""el"")",
src/components/routes/event/Reports/PromoCodesReport/index.tsx:20,,Promo Code,"=GOOGLETRANSLATE(C1503, ""en"", ""el"")",
src/components/forms/ProductForm/index.tsx:481,,Promo Code page,"=GOOGLETRANSLATE(C1504, ""en"", ""el"")",
src/components/routes/event/Reports/index.tsx:30,,Promo code usage and discount breakdown,"=GOOGLETRANSLATE(C1505, ""en"", ""el"")",
src/components/layouts/Event/index.tsx:115 | src/components/modals/DuplicateEventModal/index.tsx:27 | src/components/routes/event/promo-codes.tsx:35,,Promo Codes,"=GOOGLETRANSLATE(C1506, ""en"", ""el"")",
src/components/common/PromoCodeTable/index.tsx:54,,"Promo codes can be used to offer discounts, presale access, or provide special access to your event.","=GOOGLETRANSLATE(C1507, ""en"", ""el"")",
src/components/routes/event/Reports/index.tsx:29 | src/components/routes/event/Reports/PromoCodesReport/index.tsx:95,,Promo Codes Report,"=GOOGLETRANSLATE(C1508, ""en"", ""el"")",
src/components/common/ProductsTable/SortableProduct/index.tsx:325,,Promo Only,"=GOOGLETRANSLATE(C1509, ""en"", ""el"")",
src/components/modals/SendMessageModal/index.tsx:483,,Promotional emails may result in account suspension,"=GOOGLETRANSLATE(C1510, ""en"", ""el"")",
src/components/forms/QuestionForm/index.tsx:189,,"Provide additional context or instructions for this question. Use this field to add terms\nand conditions, guidelines, or any important information that attendees need to know before answering.","=GOOGLETRANSLATE(C1511, ""en"", ""el"")",
src/components/common/StatusToggle/index.tsx:99,,Publish,"=GOOGLETRANSLATE(C1512, ""en"", ""el"")",
src/components/routes/event/EventDashboard/index.tsx:197,,Publish Event,"=GOOGLETRANSLATE(C1513, ""en"", ""el"")",
src/components/common/WaitlistStats/index.tsx:14 | src/components/common/WaitlistTable/index.tsx:26 | src/components/routes/event/SoldOutWaitlist/index.tsx:73 | src/components/routes/my-tickets/index.tsx:94,,Purchased,"=GOOGLETRANSLATE(C1514, ""en"", ""el"")",
src/components/modals/ShareModal/index.tsx:168,,QR Code,"=GOOGLETRANSLATE(C1515, ""en"", ""el"")",
src/components/layouts/AuthLayout/index.tsx:31,,QR Code Check-in,"=GOOGLETRANSLATE(C1516, ""en"", ""el"")",
src/components/modals/OfferWaitlistModal/index.tsx:164,,Qty,"=GOOGLETRANSLATE(C1517, ""en"", ""el"")",
src/components/forms/ProductForm/index.tsx:93 | src/components/forms/ProductForm/index.tsx:324,,Quantity Available,"=GOOGLETRANSLATE(C1518, ""en"", ""el"")",
src/components/common/QuestionsTable/index.tsx:201,,Question deleted,"=GOOGLETRANSLATE(C1519, ""en"", ""el"")",
src/components/forms/QuestionForm/index.tsx:188,,Question Description,"=GOOGLETRANSLATE(C1520, ""en"", ""el"")",
src/components/forms/QuestionForm/index.tsx:178,,Question Title,"=GOOGLETRANSLATE(C1521, ""en"", ""el"")",
src/components/modals/DuplicateEventModal/index.tsx:25,,Questions,"=GOOGLETRANSLATE(C1522, ""en"", ""el"")",
src/components/modals/ManageAttendeeModal/index.tsx:184 | src/components/modals/ManageOrderModal/index.tsx:111,,Questions & Answers,"=GOOGLETRANSLATE(C1523, ""en"", ""el"")",
src/components/common/QuestionsTable/index.tsx:183,,Questions reordered,"=GOOGLETRANSLATE(C1524, ""en"", ""el"")",
src/components/routes/admin/FailedJobs/index.tsx:164 | src/components/routes/admin/FailedJobs/index.tsx:257,,Queue,"=GOOGLETRANSLATE(C1525, ""en"", ""el"")",
src/components/forms/QuestionForm/index.tsx:118,,Radio Option,"=GOOGLETRANSLATE(C1526, ""en"", ""el"")",
src/components/routes/organizer/Reports/TaxSummaryReport/index.tsx:43,,Rate,"=GOOGLETRANSLATE(C1527, ""en"", ""el"")",
src/components/routes/product-widget/OrderSummaryAndProducts/index.tsx:444 | src/components/routes/product-widget/OrderSummaryAndProducts/index.tsx:479 | src/components/routes/product-widget/OrderSummaryAndProducts/index.tsx:504 | src/components/routes/product-widget/OrderSummaryAndProducts/index.tsx:528,,Rate limit exceeded. Please try again later.,"=GOOGLETRANSLATE(C1528, ""en"", ""el"")",
src/components/common/WaitlistTable/index.tsx:69,,Re-offer Spot,"=GOOGLETRANSLATE(C1529, ""en"", ""el"")",
src/components/modals/EditUserModal/index.tsx:61 | src/components/modals/InviteUserModal/index.tsx:53,,Read-only,"=GOOGLETRANSLATE(C1530, ""en"", ""el"")",
src/components/modals/EditUserModal/index.tsx:63 | src/components/modals/InviteUserModal/index.tsx:55,,"Read-only users can view events, orders and settings, but cannot make any changes.","=GOOGLETRANSLATE(C1531, ""en"", ""el"")",
src/components/routes/account/ManageAccount/sections/PaymentSettings/index.tsx:224,,Ready to upgrade? This takes only a few minutes.,"=GOOGLETRANSLATE(C1532, ""en"", ""el"")",
src/components/layouts/AuthLayout/index.tsx:41,,Real-Time Analytics,"=GOOGLETRANSLATE(C1533, ""en"", ""el"")",
src/components/routes/auth/AcceptInvitation/index.tsx:157 | src/components/routes/auth/Register/index.tsx:133 | src/components/routes/profile/ManageProfile/index.tsx:209,,Receive product updates from {0}.,"=GOOGLETRANSLATE(C1534, ""en"", ""el"")",
src/components/routes/admin/Dashboard/index.tsx:389,,Recent Account Signups,"=GOOGLETRANSLATE(C1535, ""en"", ""el"")",
src/components/routes/organizer/OrganizerDashboard/index.tsx:269,,Recent Orders,"=GOOGLETRANSLATE(C1536, ""en"", ""el"")",
src/components/modals/MessageRecipientsModal/index.tsx:62,,recipient,"=GOOGLETRANSLATE(C1537, ""en"", ""el"")",
src/components/modals/SendMessageModal/index.tsx:60,,Recipient,"=GOOGLETRANSLATE(C1538, ""en"", ""el"")",
src/components/modals/MessageRecipientsModal/index.tsx:62,,recipients,"=GOOGLETRANSLATE(C1539, ""en"", ""el"")",
src/components/modals/MessageRecipientsModal/index.tsx:38 | src/components/modals/SendMessageModal/index.tsx:297 | src/components/routes/admin/Messages/index.tsx:166 | src/components/routes/admin/Messages/index.tsx:299,,Recipients,"=GOOGLETRANSLATE(C1540, ""en"", ""el"")",
src/components/routes/event/messages.tsx:98,,Recipients are available after the message is sent,"=GOOGLETRANSLATE(C1541, ""en"", ""el"")",
src/components/routes/event/EventDashboard/index.tsx:137,,Reconnect Stripe →,"=GOOGLETRANSLATE(C1542, ""en"", ""el"")",
src/components/routes/organizer/Settings/Sections/SocialLinks/index.tsx:80,,Reddit,"=GOOGLETRANSLATE(C1543, ""en"", ""el"")",
src/components/common/StripeConnectButton/index.tsx:59 | src/components/common/StripeConnectButton/index.tsx:74 | src/components/routes/account/ManageAccount/sections/PaymentSettings/index.tsx:326 | src/components/routes/account/ManageAccount/sections/PaymentSettings/index.tsx:339 | src/components/routes/account/ManageAccount/sections/PaymentSettings/index.tsx:579 | src/components/routes/account/ManageAccount/sections/PaymentSettings/index.tsx:597,,Redirecting to Stripe...,"=GOOGLETRANSLATE(C1544, ""en"", ""el"")",
src/components/routes/admin/Attribution/index.tsx:73,,Referral Accounts,"=GOOGLETRANSLATE(C1545, ""en"", ""el"")",
src/components/common/EmailTemplateEditor/EmailTemplateEditor.tsx:175,,Refresh Preview,"=GOOGLETRANSLATE(C1546, ""en"", ""el"")",
src/components/modals/RefundOrderModal/index.tsx:107,,Refund amount,"=GOOGLETRANSLATE(C1547, ""en"", ""el"")",
src/components/common/OrdersTable/index.tsx:359,,Refund failed,"=GOOGLETRANSLATE(C1548, ""en"", ""el"")",
src/components/routes/product-widget/OrderSummaryAndProducts/index.tsx:68,,Refund Failed,"=GOOGLETRANSLATE(C1549, ""en"", ""el"")",
src/components/common/OrdersTable/index.tsx:168,,Refund order,"=GOOGLETRANSLATE(C1550, ""en"", ""el"")",
src/components/modals/RefundOrderModal/index.tsx:198,,Refund Order {0},"=GOOGLETRANSLATE(C1551, ""en"", ""el"")",
src/components/common/OrdersTable/index.tsx:358,,Refund pending,"=GOOGLETRANSLATE(C1552, ""en"", ""el"")",
src/components/routes/product-widget/OrderSummaryAndProducts/index.tsx:67,,Refund Pending,"=GOOGLETRANSLATE(C1553, ""en"", ""el"")",
src/components/routes/event/orders.tsx:51 | src/components/routes/product-widget/OrderSummaryAndProducts/index.tsx:273,,Refund Status,"=GOOGLETRANSLATE(C1554, ""en"", ""el"")",
src/components/common/OrderSummary/index.tsx:80 | src/components/common/StatBoxes/index.tsx:57 | src/components/routes/event/orders.tsx:29 | src/components/routes/product-widget/OrderSummaryAndProducts/index.tsx:69,,Refunded,"=GOOGLETRANSLATE(C1555, ""en"", ""el"")",
src/components/common/OrdersTable/index.tsx:356,,Refunded: {0},"=GOOGLETRANSLATE(C1556, ""en"", ""el"")",
src/components/routes/organizer/Reports/EventsPerformanceReport/index.tsx:79 | src/components/routes/organizer/Reports/RevenueSummaryReport/index.tsx:42,,Refunds,"=GOOGLETRANSLATE(C1557, ""en"", ""el"")",
src/components/routes/profile/ManageProfile/index.tsx:178,,Regional Settings,"=GOOGLETRANSLATE(C1558, ""en"", ""el"")",
src/components/routes/auth/Register/index.tsx:137,,Register,"=GOOGLETRANSLATE(C1559, ""en"", ""el"")",
src/components/common/QuestionsTable/index.tsx:412 | src/components/layouts/Event/index.tsx:109,,Registration Questions,"=GOOGLETRANSLATE(C1560, ""en"", ""el"")",
src/components/routes/event/Reports/PromoCodesReport/index.tsx:82,,Remaining Uses,"=GOOGLETRANSLATE(C1561, ""en"", ""el"")",
src/components/routes/product-widget/SelectProducts/index.tsx:569,,remove,"=GOOGLETRANSLATE(C1562, ""en"", ""el"")",
src/components/common/Editor/Controls/InsertImageControl/index.tsx:146 | src/components/common/WaitlistTable/index.tsx:78 | src/components/common/WaitlistTable/index.tsx:111 | src/components/routes/product-widget/SelectProducts/index.tsx:570,,Remove,"=GOOGLETRANSLATE(C1563, ""en"", ""el"")",
src/components/routes/organizer/Reports/ReportLayout/index.tsx:26,,Report not found,"=GOOGLETRANSLATE(C1564, ""en"", ""el"")",
src/components/layouts/Event/index.tsx:99 | src/components/layouts/OrganizerLayout/index.tsx:83 | src/components/routes/event/Reports/index.tsx:39 | src/components/routes/organizer/Reports/index.tsx:51,,Reports,"=GOOGLETRANSLATE(C1565, ""en"", ""el"")",
src/components/routes/my-tickets/index.tsx:169,,Request a new link,"=GOOGLETRANSLATE(C1566, ""en"", ""el"")",
src/components/routes/event/Settings/Sections/PaymentSettings/index.tsx:172,,Require Billing Address,"=GOOGLETRANSLATE(C1567, ""en"", ""el"")",
src/components/common/QuestionsTable/index.tsx:118,,Required,"=GOOGLETRANSLATE(C1568, ""en"", ""el"")",
src/components/routes/welcome/index.tsx:205,,Resend code,"=GOOGLETRANSLATE(C1569, ""en"", ""el"")",
src/components/routes/product-widget/OrderSummaryAndProducts/index.tsx:256,,Resend Confirmation,"=GOOGLETRANSLATE(C1570, ""en"", ""el"")",
src/components/layouts/OrganizerLayout/index.tsx:307,,Resend Confirmation Email,"=GOOGLETRANSLATE(C1571, ""en"", ""el"")",
src/components/layouts/Event/index.tsx:261,,Resend email,"=GOOGLETRANSLATE(C1572, ""en"", ""el"")",
src/components/routes/profile/ManageProfile/index.tsx:162,,Resend email confirmation,"=GOOGLETRANSLATE(C1573, ""en"", ""el"")",
src/components/routes/welcome/index.tsx:204,,Resend in {resendCooldown}s,"=GOOGLETRANSLATE(C1574, ""en"", ""el"")",
src/components/routes/account/ManageAccount/sections/Users/index.tsx:125,,Resend invitation,"=GOOGLETRANSLATE(C1575, ""en"", ""el"")",
src/components/common/OrdersTable/index.tsx:175,,Resend order email,"=GOOGLETRANSLATE(C1576, ""en"", ""el"")",
src/components/routes/product-widget/OrderSummaryAndProducts/index.tsx:131,,Resend Ticket,"=GOOGLETRANSLATE(C1577, ""en"", ""el"")",
src/components/common/AttendeeTable/index.tsx:359,,Resend ticket email,"=GOOGLETRANSLATE(C1578, ""en"", ""el"")",
src/components/routes/profile/ManageProfile/index.tsx:162,,Resending...,"=GOOGLETRANSLATE(C1579, ""en"", ""el"")",
src/components/common/OrdersTable/index.tsx:411,,Reserved,"=GOOGLETRANSLATE(C1580, ""en"", ""el"")",
src/components/common/OrdersTable/index.tsx:305,,Reserved until,"=GOOGLETRANSLATE(C1581, ""en"", ""el"")",
src/components/common/FilterModal/index.tsx:279,,Reset,"=GOOGLETRANSLATE(C1582, ""en"", ""el"")",
src/components/routes/auth/ForgotPassword/index.tsx:57 | src/components/routes/auth/ResetPassword/index.tsx:75,,Reset password,"=GOOGLETRANSLATE(C1583, ""en"", ""el"")",
src/components/routes/auth/ResetPassword/index.tsx:75,,Resetting...,"=GOOGLETRANSLATE(C1584, ""en"", ""el"")",
src/components/modals/OrganizerWebhookLogsModal/index.tsx:116,,Response,"=GOOGLETRANSLATE(C1585, ""en"", ""el"")",
src/components/common/OrganizerWebhookTable/index.tsx:168,,Response Details,"=GOOGLETRANSLATE(C1586, ""en"", ""el"")",
src/components/routes/event/Settings/Sections/DangerZoneSettings/index.tsx:61 | src/components/routes/organizer/Settings/Sections/DangerZoneSettings/index.tsx:67,,Restore,"=GOOGLETRANSLATE(C1587, ""en"", ""el"")",
src/components/common/EventCard/index.tsx:149,,Restore event,"=GOOGLETRANSLATE(C1588, ""en"", ""el"")",
src/components/routes/event/Settings/Sections/DangerZoneSettings/index.tsx:122 | src/components/routes/event/Settings/Sections/DangerZoneSettings/index.tsx:136,,Restore Event,"=GOOGLETRANSLATE(C1589, ""en"", ""el"")",
src/components/routes/organizer/Settings/Sections/DangerZoneSettings/index.tsx:128 | src/components/routes/organizer/Settings/Sections/DangerZoneSettings/index.tsx:145,,Restore Organizer,"=GOOGLETRANSLATE(C1590, ""en"", ""el"")",
src/components/routes/event/Settings/Sections/DangerZoneSettings/index.tsx:125,,Restore this event to make it visible again.,"=GOOGLETRANSLATE(C1591, ""en"", ""el"")",
src/components/routes/organizer/Settings/Sections/DangerZoneSettings/index.tsx:131,,Restore this organizer and make it active again.,"=GOOGLETRANSLATE(C1592, ""en"", ""el"")",
src/components/routes/admin/FailedJobs/index.tsx:199,,Retry,"=GOOGLETRANSLATE(C1593, ""en"", ""el"")",
src/components/routes/admin/FailedJobs/index.tsx:126,,Retry All,"=GOOGLETRANSLATE(C1594, ""en"", ""el"")",
src/components/routes/admin/FailedJobs/index.tsx:290,,Retry Job,"=GOOGLETRANSLATE(C1595, ""en"", ""el"")",
src/components/routes/product-widget/Payment/PaymentMethods/Stripe/index.tsx:52 | src/components/routes/product-widget/Payment/PaymentMethods/Stripe/index.tsx:67,,Return to Event,"=GOOGLETRANSLATE(C1596, ""en"", ""el"")",
src/components/layouts/Checkout/index.tsx:291,,Return to Event Page,"=GOOGLETRANSLATE(C1597, ""en"", ""el"")",
src/components/common/AffiliateTable/index.tsx:162 | src/components/common/EventCard/index.tsx:239 | src/components/routes/admin/Attribution/index.tsx:137 | src/components/routes/event/EventDashboard/index.tsx:287,,Revenue,"=GOOGLETRANSLATE(C1598, ""en"", ""el"")",
src/components/routes/organizer/Reports/index.tsx:17 | src/components/routes/organizer/Reports/RevenueSummaryReport/index.tsx:67,,Revenue Summary,"=GOOGLETRANSLATE(C1599, ""en"", ""el"")",
src/components/routes/account/ManageAccount/sections/Users/index.tsx:131,,Revoke invitation,"=GOOGLETRANSLATE(C1600, ""en"", ""el"")",
src/components/common/WaitlistTable/index.tsx:78,,Revoke Offer,"=GOOGLETRANSLATE(C1601, ""en"", ""el"")",
src/components/modals/EditUserModal/index.tsx:99 | src/components/modals/InviteUserModal/index.tsx:70 | src/components/routes/account/ManageAccount/sections/Users/index.tsx:156,,Role,"=GOOGLETRANSLATE(C1602, ""en"", ""el"")",
src/components/forms/ProductForm/index.tsx:104 | src/components/forms/ProductForm/index.tsx:457,,Sale End Date,"=GOOGLETRANSLATE(C1603, ""en"", ""el"")",
src/components/common/ProductsTable/SortableProduct/index.tsx:102,,Sale ended {0},"=GOOGLETRANSLATE(C1604, ""en"", ""el"")",
src/components/common/ProductsTable/SortableProduct/index.tsx:434,,Sale ends {0},"=GOOGLETRANSLATE(C1605, ""en"", ""el"")",
src/components/common/ProductsTable/SortableProduct/index.tsx:418 | src/components/forms/ProductForm/index.tsx:450,,Sale Period,"=GOOGLETRANSLATE(C1606, ""en"", ""el"")",
src/components/forms/ProductForm/index.tsx:385,,Sale period set,"=GOOGLETRANSLATE(C1607, ""en"", ""el"")",
src/components/forms/ProductForm/index.tsx:387,,"Sale period, order limits, visibility","=GOOGLETRANSLATE(C1608, ""en"", ""el"")",
src/components/forms/ProductForm/index.tsx:99 | src/components/forms/ProductForm/index.tsx:455,,Sale Start Date,"=GOOGLETRANSLATE(C1609, ""en"", ""el"")",
src/components/common/ProductsTable/SortableProduct/index.tsx:424,,Sale starts {0},"=GOOGLETRANSLATE(C1610, ""en"", ""el"")",
src/components/common/AffiliateTable/index.tsx:150,,Sales,"=GOOGLETRANSLATE(C1611, ""en"", ""el"")",
src/components/common/ProductsTable/SortableProduct/index.tsx:104,,Sales are paused,"=GOOGLETRANSLATE(C1612, ""en"", ""el"")",
src/components/common/ProductPriceAvailability/index.tsx:23 | src/components/common/ProductPriceAvailability/index.tsx:53,,Sales ended,"=GOOGLETRANSLATE(C1613, ""en"", ""el"")",
src/components/common/ProductPriceAvailability/index.tsx:29 | src/components/common/ProductPriceAvailability/index.tsx:58,,Sales start,"=GOOGLETRANSLATE(C1614, ""en"", ""el"")",
src/components/routes/organizer/Reports/index.tsx:24,,"Sales, orders, and performance metrics for all events","=GOOGLETRANSLATE(C1615, ""en"", ""el"")",
src/components/common/AdminEventsTable/index.tsx:134,,Sales:,"=GOOGLETRANSLATE(C1616, ""en"", ""el"")",
src/components/common/PlatformFeesSettings/index.tsx:177,,Sample ticket price,"=GOOGLETRANSLATE(C1617, ""en"", ""el"")",
src/components/routes/event/TicketDesigner/TicketDesignerPrint.tsx:80 | src/components/routes/event/TicketDesigner/TicketPreview.tsx:88,,Sample Venue,"=GOOGLETRANSLATE(C1618, ""en"", ""el"")",
src/components/routes/event/Settings/Sections/LocationSettings/index.tsx:138 | src/components/routes/organizer/Settings/Sections/AddressSettings/index.tsx:93,,San Francisco,"=GOOGLETRANSLATE(C1619, ""en"", ""el"")",
src/components/common/PlatformFeesSettings/index.tsx:252 | src/components/common/QuestionAndAnswerList/index.tsx:142 | src/components/routes/event/Settings/Sections/EmailSettings/GeneralEmailSettings.tsx:84 | src/components/routes/event/Settings/Sections/EventDetailsForm/index.tsx:131 | src/components/routes/event/Settings/Sections/HomepageAndCheckoutSettings/index.tsx:144 | src/components/routes/event/Settings/Sections/LocationSettings/index.tsx:169 | src/components/routes/event/Settings/Sections/MiscSettings/index.tsx:105 | src/components/routes/event/Settings/Sections/PaymentSettings/index.tsx:268 | src/components/routes/event/Settings/Sections/SeoSettings/index.tsx:88 | src/components/routes/event/Settings/Sections/WaitlistSettings/index.tsx:79 | src/components/routes/organizer/Settings/Sections/AddressSettings/index.tsx:116 | src/components/routes/organizer/Settings/Sections/BasicSettings/index.tsx:132 | src/components/routes/organizer/Settings/Sections/EventDefaults/index.tsx:103 | src/components/routes/organizer/Settings/Sections/SeoSettings/index.tsx:85 | src/components/routes/product-widget/OrderSummaryAndProducts/EditAttendeeModal/index.tsx:88 | src/components/routes/product-widget/OrderSummaryAndProducts/EditOrderModal/index.tsx:88,,Save,"=GOOGLETRANSLATE(C1620, ""en"", ""el"")",
src/components/modals/ManageAttendeeModal/index.tsx:231 | src/components/modals/ManageOrderModal/index.tsx:175 | src/components/routes/admin/Configurations/index.tsx:268 | src/components/routes/event/HomepageDesigner/index.tsx:272 | src/components/routes/organizer/OrganizerHomepageDesigner/index.tsx:283,,Save Changes,"=GOOGLETRANSLATE(C1621, ""en"", ""el"")",
src/components/modals/EditAccountConfigurationModal/index.tsx:115,,Save Configuration,"=GOOGLETRANSLATE(C1622, ""en"", ""el"")",
src/components/modals/EditOrganizerModal/index.tsx:70,,Save Organizer,"=GOOGLETRANSLATE(C1623, ""en"", ""el"")",
src/components/routes/account/ManageAccount/sections/AccountSettings/index.tsx:90,,Save Settings,"=GOOGLETRANSLATE(C1624, ""en"", ""el"")",
src/components/routes/organizer/Settings/Sections/SocialLinks/index.tsx:263,,Save Social Links,"=GOOGLETRANSLATE(C1625, ""en"", ""el"")",
src/components/common/EmailTemplateEditor/EmailTemplateEditor.tsx:200,,Save Template,"=GOOGLETRANSLATE(C1626, ""en"", ""el"")",
src/components/routes/event/TicketDesigner/index.tsx:187,,Save Ticket Design,"=GOOGLETRANSLATE(C1627, ""en"", ""el"")",
src/components/modals/EditAccountVatSettingsModal/index.tsx:168 | src/components/routes/account/ManageAccount/sections/PaymentSettings/VatSettings/VatSettingsForm.tsx:243,,Save VAT Settings,"=GOOGLETRANSLATE(C1628, ""en"", ""el"")",
src/components/layouts/CheckIn/index.tsx:500 | src/components/layouts/CheckIn/index.tsx:510,,Scan,"=GOOGLETRANSLATE(C1629, ""en"", ""el"")",
src/components/modals/SendMessageModal/index.tsx:381,,Schedule for later,"=GOOGLETRANSLATE(C1630, ""en"", ""el"")",
src/components/modals/SendMessageModal/index.tsx:450,,Schedule Message,"=GOOGLETRANSLATE(C1631, ""en"", ""el"")",
src/components/common/ProductsTable/SortableProduct/index.tsx:86 | src/components/routes/admin/Messages/index.tsx:125 | src/components/routes/event/messages.tsx:64,,Scheduled,"=GOOGLETRANSLATE(C1632, ""en"", ""el"")",
src/components/modals/SendMessageModal/index.tsx:411,,Scheduled time,"=GOOGLETRANSLATE(C1633, ""en"", ""el"")",
src/components/routes/event/Affiliates/index.tsx:71,,Search affiliates...,"=GOOGLETRANSLATE(C1634, ""en"", ""el"")",
src/components/routes/admin/Accounts/index.tsx:60,,Search by account name or email...,"=GOOGLETRANSLATE(C1635, ""en"", ""el"")",
src/components/routes/event/attendees.tsx:190,,"Search by attendee name, email or order #...","=GOOGLETRANSLATE(C1636, ""en"", ""el"")",
src/components/routes/events/Dashboard/index.tsx:150 | src/components/routes/organizer/Events/index.tsx:49,,Search by event name...,"=GOOGLETRANSLATE(C1637, ""en"", ""el"")",
src/components/routes/admin/Events/index.tsx:80,,Search by event title or organizer...,"=GOOGLETRANSLATE(C1638, ""en"", ""el"")",
src/components/routes/admin/FailedJobs/index.tsx:142,,Search by job name or exception...,"=GOOGLETRANSLATE(C1639, ""en"", ""el"")",
src/components/routes/event/SoldOutWaitlist/index.tsx:56,,Search by name or email...,"=GOOGLETRANSLATE(C1640, ""en"", ""el"")",
src/components/routes/admin/Users/index.tsx:60,,"Search by name, email, or account...","=GOOGLETRANSLATE(C1641, ""en"", ""el"")",
src/components/routes/event/orders.tsx:128,,"Search by name, email, or order #...","=GOOGLETRANSLATE(C1642, ""en"", ""el"")",
src/components/layouts/CheckIn/index.tsx:496,,"Search by name, order #, attendee # or email...","=GOOGLETRANSLATE(C1643, ""en"", ""el"")",
src/components/routes/event/promo-codes.tsx:38,,Search by name...,"=GOOGLETRANSLATE(C1644, ""en"", ""el"")",
src/components/routes/admin/Orders/index.tsx:47,,"Search by order ID, customer name, or email...","=GOOGLETRANSLATE(C1645, ""en"", ""el"")",
src/components/routes/admin/Messages/index.tsx:113,,"Search by subject, event, or account...","=GOOGLETRANSLATE(C1646, ""en"", ""el"")",
src/components/routes/event/CapacityAssignments/index.tsx:42,,Search capacity assignments...,"=GOOGLETRANSLATE(C1647, ""en"", ""el"")",
src/components/routes/event/CheckInLists/index.tsx:41,,Search check-in lists...,"=GOOGLETRANSLATE(C1648, ""en"", ""el"")",
src/components/routes/event/messages.tsx:247,,Search messages...,"=GOOGLETRANSLATE(C1649, ""en"", ""el"")",
src/components/routes/event/products.tsx:56,,Search products,"=GOOGLETRANSLATE(C1650, ""en"", ""el"")",
src/components/common/SearchBar/index.tsx:36,,Search...,"=GOOGLETRANSLATE(C1651, ""en"", ""el"")",
src/components/common/WidgetEditor/index.tsx:199,,Secondary Color,"=GOOGLETRANSLATE(C1652, ""en"", ""el"")",
src/components/common/WidgetEditor/index.tsx:205,,Secondary Text Color,"=GOOGLETRANSLATE(C1653, ""en"", ""el"")",
src/components/common/InlineOrderSummary/index.tsx:224,,Secure Checkout,"=GOOGLETRANSLATE(C1654, ""en"", ""el"")",
src/components/common/FilterModal/index.tsx:162 | src/components/common/FilterModal/index.tsx:181,,Select {0},"=GOOGLETRANSLATE(C1655, ""en"", ""el"")",
src/components/modals/CreateEventModal/index.tsx:186 | src/components/routes/event/Settings/Sections/EventDetailsForm/index.tsx:85,,Select a category,"=GOOGLETRANSLATE(C1656, ""en"", ""el"")",
src/components/routes/admin/Accounts/AccountDetail/index.tsx:184,,Select a configuration,"=GOOGLETRANSLATE(C1657, ""en"", ""el"")",
src/components/routes/event/messages.tsx:349,,Select a message to view its contents,"=GOOGLETRANSLATE(C1658, ""en"", ""el"")",
src/components/routes/admin/Accounts/AccountDetail/index.tsx:229,,Select a tier,"=GOOGLETRANSLATE(C1659, ""en"", ""el"")",
src/components/common/AdminUsersTable/index.tsx:100,,Select Account,"=GOOGLETRANSLATE(C1660, ""en"", ""el"")",
src/components/modals/DuplicateEventModal/index.tsx:138,,Select All,"=GOOGLETRANSLATE(C1661, ""en"", ""el"")",
src/components/routes/organizer/Reports/PlatformFeesReport/index.tsx:124,,Select an event,"=GOOGLETRANSLATE(C1662, ""en"", ""el"")",
src/components/modals/SendMessageModal/index.tsx:299,,Select attendee group,"=GOOGLETRANSLATE(C1663, ""en"", ""el"")",
src/components/common/AttendeeCheckInTable/QrScannerControls.tsx:47,,Select Camera,"=GOOGLETRANSLATE(C1664, ""en"", ""el"")",
src/components/forms/ProductForm/index.tsx:291,,Select category...,"=GOOGLETRANSLATE(C1665, ""en"", ""el"")",
src/components/modals/EditAccountVatSettingsModal/index.tsx:133,,Select country,"=GOOGLETRANSLATE(C1666, ""en"", ""el"")",
src/components/forms/OrganizerForm/index.tsx:51,,Select currency,"=GOOGLETRANSLATE(C1667, ""en"", ""el"")",
src/components/modals/CreateEventModal/index.tsx:235,,Select end date and time,"=GOOGLETRANSLATE(C1668, ""en"", ""el"")",
src/components/routes/welcome/index.tsx:386,,Select end time,"=GOOGLETRANSLATE(C1669, ""en"", ""el"")",
src/components/routes/welcome/index.tsx:340,,Select event category,"=GOOGLETRANSLATE(C1670, ""en"", ""el"")",
src/components/forms/WebhookForm/index.tsx:145,,Select event types,"=GOOGLETRANSLATE(C1671, ""en"", ""el"")",
src/components/modals/CreateEventModal/index.tsx:156,,Select organizer,"=GOOGLETRANSLATE(C1672, ""en"", ""el"")",
src/components/modals/ManageAttendeeModal/index.tsx:118,,Select Product,"=GOOGLETRANSLATE(C1673, ""en"", ""el"")",
src/components/common/ProductSelector/index.tsx:65,,Select Product Tier,"=GOOGLETRANSLATE(C1674, ""en"", ""el"")",
src/components/forms/CapaciyAssigmentForm/index.tsx:49 | src/components/modals/SendMessageModal/index.tsx:323,,Select products,"=GOOGLETRANSLATE(C1675, ""en"", ""el"")",
src/components/common/CheckIn/ScannerSelectionModal.tsx:25,,Select Scanner Type,"=GOOGLETRANSLATE(C1676, ""en"", ""el"")",
src/components/modals/CreateEventModal/index.tsx:214,,Select start date and time,"=GOOGLETRANSLATE(C1677, ""en"", ""el"")",
src/components/routes/welcome/index.tsx:365,,Select start time,"=GOOGLETRANSLATE(C1678, ""en"", ""el"")",
src/components/modals/EditUserModal/index.tsx:110,,Select status,"=GOOGLETRANSLATE(C1679, ""en"", ""el"")",
src/components/modals/EditAccountVatSettingsModal/index.tsx:132,,Select the country where VAT is registered,"=GOOGLETRANSLATE(C1680, ""en"", ""el"")",
src/components/routes/admin/Accounts/AccountDetail/index.tsx:225,,Select the messaging tier for this account. This controls message limits and link permissions.,"=GOOGLETRANSLATE(C1681, ""en"", ""el"")",
src/components/modals/CreateAttendeeModal/index.tsx:161,,Select Ticket,"=GOOGLETRANSLATE(C1682, ""en"", ""el"")",
src/components/forms/CheckInListForm/index.tsx:43 | src/components/modals/SendMessageModal/index.tsx:311,,Select tickets,"=GOOGLETRANSLATE(C1683, ""en"", ""el"")",
src/components/common/OrganizerReportTable/index.tsx:317 | src/components/common/ReportTable/index.tsx:261,,Select time period,"=GOOGLETRANSLATE(C1684, ""en"", ""el"")",
src/components/forms/OrganizerForm/index.tsx:60 | src/components/routes/auth/AcceptInvitation/index.tsx:120,,Select timezone,"=GOOGLETRANSLATE(C1685, ""en"", ""el"")",
src/components/modals/SendMessageModal/index.tsx:298,,Select which attendees should receive this message,"=GOOGLETRANSLATE(C1686, ""en"", ""el"")",
src/components/forms/WebhookForm/index.tsx:144,,Select which events will trigger this webhook,"=GOOGLETRANSLATE(C1687, ""en"", ""el"")",
src/components/routes/admin/Accounts/AccountDetail/index.tsx:180,,Select which fee configuration applies to this account. Fixed fees are converted to the order currency at checkout.,"=GOOGLETRANSLATE(C1688, ""en"", ""el"")",
src/components/forms/ProductForm/index.tsx:404,,Select...,"=GOOGLETRANSLATE(C1689, ""en"", ""el"")",
src/components/common/PlatformFeesSettings/index.tsx:211 | src/components/common/PlatformFeesSettings/index.tsx:234,,Selected,"=GOOGLETRANSLATE(C1690, ""en"", ""el"")",
src/components/forms/ProductForm/index.tsx:515,,Selling fast 🔥,"=GOOGLETRANSLATE(C1691, ""en"", ""el"")",
src/components/routes/auth/Login/index.tsx:160 | src/components/routes/my-tickets/index.tsx:202,,Send,"=GOOGLETRANSLATE(C1692, ""en"", ""el"")",
src/components/modals/SendMessageModal/index.tsx:222,,Send a message,"=GOOGLETRANSLATE(C1693, ""en"", ""el"")",
src/components/modals/SendMessageModal/index.tsx:468,,Send as test,"=GOOGLETRANSLATE(C1694, ""en"", ""el"")",
src/components/routes/event/messages.tsx:331,,"Send emails to attendees, ticket holders, or order owners. Messages can be sent immediately or scheduled for later.","=GOOGLETRANSLATE(C1695, ""en"", ""el"")",
src/components/modals/SendMessageModal/index.tsx:476,,Send me a copy,"=GOOGLETRANSLATE(C1696, ""en"", ""el"")",
src/components/common/ContactOrganizerModal/index.tsx:112 | src/components/modals/SendMessageModal/index.tsx:450,,Send Message,"=GOOGLETRANSLATE(C1697, ""en"", ""el"")",
src/components/modals/SendMessageModal/index.tsx:373,,Send now,"=GOOGLETRANSLATE(C1698, ""en"", ""el"")",
src/components/modals/CreateAttendeeModal/index.tsx:203,,Send order confirmation and ticket email,"=GOOGLETRANSLATE(C1699, ""en"", ""el"")",
src/components/routes/event/Webhooks/index.tsx:30,,Send real-time order and attendee data to your external systems.,"=GOOGLETRANSLATE(C1700, ""en"", ""el"")",
src/components/modals/RefundOrderModal/index.tsx:124,,Send refund notification email,"=GOOGLETRANSLATE(C1701, ""en"", ""el"")",
src/components/routes/auth/ForgotPassword/index.tsx:70,,Send reset link,"=GOOGLETRANSLATE(C1702, ""en"", ""el"")",
src/components/modals/SendMessageModal/index.tsx:450,,Send Test,"=GOOGLETRANSLATE(C1703, ""en"", ""el"")",
src/components/routes/event/messages.tsx:342,,Send your first message,"=GOOGLETRANSLATE(C1704, ""en"", ""el"")",
src/components/routes/auth/ForgotPassword/index.tsx:70,,Sending...,"=GOOGLETRANSLATE(C1705, ""en"", ""el"")",
src/components/routes/admin/Messages/index.tsx:123,,Sent,"=GOOGLETRANSLATE(C1706, ""en"", ""el"")",
src/components/routes/admin/Messages/index.tsx:168 | src/components/routes/admin/Messages/index.tsx:305,,Sent By,"=GOOGLETRANSLATE(C1707, ""en"", ""el"")",
src/components/common/EmailTemplateSettings/EmailTemplateSettingsBase.tsx:207,,Sent to customers when they place an order,"=GOOGLETRANSLATE(C1708, ""en"", ""el"")",
src/components/common/EmailTemplateSettings/EmailTemplateSettingsBase.tsx:208,,Sent to each attendee with their ticket details,"=GOOGLETRANSLATE(C1709, ""en"", ""el"")",
src/components/routes/event/Settings/index.tsx:58 | src/components/routes/organizer/Settings/index.tsx:59,,SEO,"=GOOGLETRANSLATE(C1710, ""en"", ""el"")",
src/components/routes/event/Settings/Sections/SeoSettings/index.tsx:73 | src/components/routes/organizer/Settings/Sections/SeoSettings/index.tsx:70,,SEO Description,"=GOOGLETRANSLATE(C1711, ""en"", ""el"")",
src/components/routes/event/Settings/Sections/SeoSettings/index.tsx:79 | src/components/routes/organizer/Settings/Sections/SeoSettings/index.tsx:76,,SEO Keywords,"=GOOGLETRANSLATE(C1712, ""en"", ""el"")",
src/components/routes/event/Settings/Sections/SeoSettings/index.tsx:59 | src/components/routes/organizer/Settings/Sections/SeoSettings/index.tsx:56,,SEO Settings,"=GOOGLETRANSLATE(C1713, ""en"", ""el"")",
src/components/routes/event/Settings/Sections/SeoSettings/index.tsx:67 | src/components/routes/organizer/Settings/Sections/SeoSettings/index.tsx:64,,SEO Title,"=GOOGLETRANSLATE(C1714, ""en"", ""el"")",
src/components/forms/TaxAndFeeForm/index.tsx:62,,Service Fee,"=GOOGLETRANSLATE(C1715, ""en"", ""el"")",
src/components/forms/ProductForm/index.tsx:168,,Set a minimum price and let users pay more if they choose,"=GOOGLETRANSLATE(C1716, ""en"", ""el"")",
src/components/routes/organizer/Settings/Sections/PlatformFeesSettings/index.tsx:43,,Set default platform fee settings for new events created under this organizer.,"=GOOGLETRANSLATE(C1717, ""en"", ""el"")",
src/components/routes/organizer/Settings/Sections/EventDefaults/index.tsx:74,,Set default settings for new events created under this organizer.,"=GOOGLETRANSLATE(C1718, ""en"", ""el"")",
src/components/routes/event/Settings/Sections/PaymentSettings/index.tsx:210,,Set the starting number for invoice numbering. This cannot be changed once invoices have been generated.,"=GOOGLETRANSLATE(C1719, ""en"", ""el"")",
src/components/routes/event/CheckInLists/index.tsx:34,,"Set up check-in lists for different entrances, sessions, or days.","=GOOGLETRANSLATE(C1720, ""en"", ""el"")",
src/components/routes/event/GettingStarted/index.tsx:145,,Set up your event,"=GOOGLETRANSLATE(C1721, ""en"", ""el"")",
src/components/routes/welcome/index.tsx:41,,Set up your organization,"=GOOGLETRANSLATE(C1722, ""en"", ""el"")",
src/components/routes/event/GettingStarted/index.tsx:188,,Set your event live,"=GOOGLETRANSLATE(C1723, ""en"", ""el"")",
src/components/common/QuestionsTable/index.tsx:373,,Setting updated,"=GOOGLETRANSLATE(C1724, ""en"", ""el"")",
src/components/common/Editor/Controls/InsertLiquidVariableControl.tsx:48 | src/components/common/Editor/Controls/InsertLiquidVariableControl.tsx:49 | src/components/common/Editor/Controls/InsertLiquidVariableControl.tsx:50 | src/components/common/Editor/Controls/InsertLiquidVariableControl.tsx:81 | src/components/common/Editor/Controls/InsertLiquidVariableControl.tsx:82 | src/components/common/Editor/Controls/InsertLiquidVariableControl.tsx:83 | src/components/layouts/OrganizerLayout/index.tsx:90 | src/components/modals/DuplicateEventModal/index.tsx:26,,Settings,"=GOOGLETRANSLATE(C1725, ""en"", ""el"")",
src/components/layouts/Event/index.tsx:105,,Setup & Design,"=GOOGLETRANSLATE(C1726, ""en"", ""el"")",
src/components/common/ShareIcon/index.tsx:30 | src/components/layouts/EventHomepage/index.tsx:295 | src/components/layouts/OrganizerLayout/index.tsx:236 | src/components/modals/ShareModal/index.tsx:37 | src/components/modals/ShareModal/index.tsx:165 | src/components/modals/ShareModal/index.tsx:186,,Share,"=GOOGLETRANSLATE(C1727, ""en"", ""el"")",
src/components/common/AffiliateTable/index.tsx:195 | src/components/common/AffiliateTable/index.tsx:234,,Share Affiliate Link,"=GOOGLETRANSLATE(C1728, ""en"", ""el"")",
src/components/layouts/Event/index.tsx:211 | src/components/layouts/Event/index.tsx:217 | src/components/modals/EventLiveCelebrationModal/index.tsx:102 | src/components/modals/EventLiveCelebrationModal/index.tsx:131,,Share Event,"=GOOGLETRANSLATE(C1729, ""en"", ""el"")",
src/components/layouts/OrganizerLayout/index.tsx:233 | src/components/layouts/OrganizerLayout/index.tsx:275,,Share Organizer Page,"=GOOGLETRANSLATE(C1730, ""en"", ""el"")",
src/components/routes/event/CapacityAssignments/index.tsx:37,,Shared Capacity Management,"=GOOGLETRANSLATE(C1731, ""en"", ""el"")",
src/components/routes/organizer/Settings/Sections/SocialLinks/index.tsx:232,,Show all platforms ({0} more with values),"=GOOGLETRANSLATE(C1732, ""en"", ""el"")",
src/components/forms/ProductForm/index.tsx:475,,Show available product quantity,"=GOOGLETRANSLATE(C1733, ""en"", ""el"")",
src/components/routes/event/Settings/Sections/HomepageAndCheckoutSettings/index.tsx:138,,Show data collection disclaimer checkbox,"=GOOGLETRANSLATE(C1734, ""en"", ""el"")",
src/components/routes/organizer/Settings/Sections/SocialLinks/index.tsx:230,,Show fewer platforms,"=GOOGLETRANSLATE(C1735, ""en"", ""el"")",
src/components/routes/event/Settings/Sections/HomepageAndCheckoutSettings/index.tsx:131,,Show marketing opt-in checkbox,"=GOOGLETRANSLATE(C1736, ""en"", ""el"")",
src/components/routes/organizer/Settings/Sections/EventDefaults/index.tsx:88,,Show marketing opt-in checkbox by default,"=GOOGLETRANSLATE(C1737, ""en"", ""el"")",
src/components/routes/product-widget/SelectProducts/index.tsx:425 | src/components/routes/product-widget/SelectProducts/index.tsx:524,,Show more,"=GOOGLETRANSLATE(C1738, ""en"", ""el"")",
src/components/routes/organizer/Settings/Sections/SocialLinks/index.tsx:233,,Show more platforms,"=GOOGLETRANSLATE(C1739, ""en"", ""el"")",
src/components/routes/event/Settings/Sections/MiscSettings/index.tsx:66,,Show tax and fees separately,"=GOOGLETRANSLATE(C1740, ""en"", ""el"")",
src/components/common/OrganizerReportTable/index.tsx:355,,Showing {0} of {totalRows} records,"=GOOGLETRANSLATE(C1741, ""en"", ""el"")",
src/components/routes/event/Settings/Sections/HomepageAndCheckoutSettings/index.tsx:105,,"Shown to the customer after they checkout, on the order summary page.","=GOOGLETRANSLATE(C1742, ""en"", ""el"")",
src/components/routes/event/Settings/Sections/HomepageAndCheckoutSettings/index.tsx:95,,Shown to the customer before they checkout,"=GOOGLETRANSLATE(C1743, ""en"", ""el"")",
src/components/forms/QuestionForm/index.tsx:132,,"Shows common address fields, including country","=GOOGLETRANSLATE(C1744, ""en"", ""el"")",
src/components/routes/admin/Dashboard/index.tsx:402,,Signed Up,"=GOOGLETRANSLATE(C1745, ""en"", ""el"")",
src/components/modals/ManageAttendeeModal/index.tsx:111 | src/components/modals/ManageOrderModal/index.tsx:151,,Simpson,"=GOOGLETRANSLATE(C1746, ""en"", ""el"")",
src/components/forms/QuestionForm/index.tsx:100,,Single line text box,"=GOOGLETRANSLATE(C1747, ""en"", ""el"")",
src/components/routes/welcome/index.tsx:497,,Skip this step,"=GOOGLETRANSLATE(C1748, ""en"", ""el"")",
src/components/routes/auth/AcceptInvitation/index.tsx:103 | src/components/routes/auth/Register/index.tsx:97,,Smith,"=GOOGLETRANSLATE(C1749, ""en"", ""el"")",
src/components/routes/organizer/Settings/Sections/SocialLinks/index.tsx:73,,Snapchat,"=GOOGLETRANSLATE(C1750, ""en"", ""el"")",
src/constants/eventCategories.ts:13,,Social,"=GOOGLETRANSLATE(C1751, ""en"", ""el"")",
src/components/routes/organizer/Settings/index.tsx:53,,Social Links,"=GOOGLETRANSLATE(C1752, ""en"", ""el"")",
src/components/routes/organizer/Settings/Sections/SocialLinks/index.tsx:184,,Social Links & Website,"=GOOGLETRANSLATE(C1753, ""en"", ""el"")",
src/components/common/ProductsTable/SortableProduct/index.tsx:386,,Sold,"=GOOGLETRANSLATE(C1754, ""en"", ""el"")",
src/components/common/EventCard/index.tsx:117 | src/components/common/ProductPriceAvailability/index.tsx:19 | src/components/common/ProductPriceAvailability/index.tsx:50,,Sold out,"=GOOGLETRANSLATE(C1755, ""en"", ""el"")",
src/components/common/ProductsTable/SortableProduct/index.tsx:83 | src/components/layouts/EventHomepage/index.tsx:145,,Sold Out,"=GOOGLETRANSLATE(C1756, ""en"", ""el"")",
src/components/common/ErrorDisplay/index.tsx:15 | src/components/routes/auth/AcceptInvitation/index.tsx:48 | src/components/routes/product-widget/CollectInformation/index.tsx:390 | src/components/routes/product-widget/Payment/PaymentMethods/Stripe/index.tsx:64,,Something went wrong,"=GOOGLETRANSLATE(C1757, ""en"", ""el"")",
src/components/common/TaxAndFeeList/index.tsx:39,,Something went wrong while deleting the Tax or Fee,"=GOOGLETRANSLATE(C1758, ""en"", ""el"")",
src/components/routes/auth/ForgotPassword/index.tsx:32,,"Something went wrong, please try again, or contact support if the problem persists","=GOOGLETRANSLATE(C1759, ""en"", ""el"")",
src/components/routes/account/ManageAccount/sections/Users/index.tsx:43 | src/components/routes/account/ManageAccount/sections/Users/index.tsx:57,,Something went wrong! Please try again,"=GOOGLETRANSLATE(C1760, ""en"", ""el"")",
src/components/forms/StripeCheckoutForm/index.tsx:69,,Something went wrong.,"=GOOGLETRANSLATE(C1761, ""en"", ""el"")",
src/components/modals/JoinWaitlistModal/index.tsx:127,,Something went wrong. Please try again later.,"=GOOGLETRANSLATE(C1762, ""en"", ""el"")",
src/components/layouts/Event/index.tsx:80 | src/components/layouts/OrganizerLayout/index.tsx:108 | src/components/routes/auth/Login/index.tsx:72 | src/components/routes/my-tickets/index.tsx:145 | src/components/routes/profile/ManageProfile/index.tsx:90 | src/components/routes/profile/ManageProfile/index.tsx:104,,Something went wrong. Please try again.,"=GOOGLETRANSLATE(C1763, ""en"", ""el"")",
src/components/routes/event/EventDashboard/index.tsx:133,,Sorry for the inconvenience.,"=GOOGLETRANSLATE(C1764, ""en"", ""el"")",
src/components/routes/product-widget/SelectProducts/index.tsx:294,,"Sorry, this promo code is not recognized","=GOOGLETRANSLATE(C1765, ""en"", ""el"")",
src/components/routes/admin/Attribution/index.tsx:106,,Source,"=GOOGLETRANSLATE(C1766, ""en"", ""el"")",
src/components/common/LanguageSwitcher/index.tsx:20,,Spanish,"=GOOGLETRANSLATE(C1767, ""en"", ""el"")",
src/constants/eventCategories.ts:8,,Sports,"=GOOGLETRANSLATE(C1768, ""en"", ""el"")",
src/components/forms/ProductForm/index.tsx:156,,Standard product with a fixed price,"=GOOGLETRANSLATE(C1769, ""en"", ""el"")",
src/components/common/AdminEventsTable/index.tsx:96 | src/components/modals/DuplicateEventModal/index.tsx:124 | src/components/routes/event/Settings/Sections/EventDetailsForm/index.tsx:104,,Start Date,"=GOOGLETRANSLATE(C1770, ""en"", ""el"")",
src/components/routes/welcome/index.tsx:364,,Start date & time,"=GOOGLETRANSLATE(C1771, ""en"", ""el"")",
src/components/modals/CreateEventModal/index.tsx:210,,Start Date & Time,"=GOOGLETRANSLATE(C1772, ""en"", ""el"")",
src/components/routes/welcome/index.tsx:233,,Start date is required,"=GOOGLETRANSLATE(C1773, ""en"", ""el"")",
src/components/common/Editor/Controls/InsertLiquidVariableControl.tsx:36 | src/components/common/Editor/Controls/InsertLiquidVariableControl.tsx:70,,Start time of the event,"=GOOGLETRANSLATE(C1774, ""en"", ""el"")",
src/components/common/CheckoutQuestion/index.tsx:165 | src/components/routes/event/Settings/Sections/LocationSettings/index.tsx:142 | src/components/routes/organizer/Settings/Sections/AddressSettings/index.tsx:97 | src/components/routes/product-widget/CollectInformation/index.tsx:543 | src/components/routes/product-widget/CollectInformation/index.tsx:544,,State or Region,"=GOOGLETRANSLATE(C1775, ""en"", ""el"")",
src/components/common/AdminEventsTable/index.tsx:110,,Statistics,"=GOOGLETRANSLATE(C1776, ""en"", ""el"")",
src/components/routes/admin/Attribution/index.tsx:35,,Statistics are based on account creation date,"=GOOGLETRANSLATE(C1777, ""en"", ""el"")",
src/components/common/AdminEventsTable/index.tsx:111 | src/components/common/AdminOrdersTable/index.tsx:85 | src/components/common/AffiliateTable/index.tsx:88 | src/components/common/AttendeeTable/index.tsx:274 | src/components/common/OrderDetails/index.tsx:51 | src/components/common/OrdersTable/index.tsx:396 | src/components/common/OrganizerWebhookTable/index.tsx:238 | src/components/common/WaitlistTable/index.tsx:181 | src/components/common/WebhookTable/index.tsx:238 | src/components/forms/AffiliateForm/index.tsx:98 | src/components/forms/CapaciyAssigmentForm/index.tsx:56 | src/components/forms/WebhookForm/index.tsx:157 | src/components/modals/EditUserModal/index.tsx:109 | src/components/routes/account/ManageAccount/sections/Users/index.tsx:158 | src/components/routes/admin/Dashboard/index.tsx:405 | src/components/routes/admin/Messages/index.tsx:120 | src/components/routes/admin/Messages/index.tsx:167 | src/components/routes/admin/Messages/index.tsx:293 | src/components/routes/event/Reports/PromoCodesReport/index.tsx:88 | src/components/routes/organizer/Reports/EventsPerformanceReport/index.tsx:62,,Status,"=GOOGLETRANSLATE(C1778, ""en"", ""el"")",
src/components/routes/account/ManageAccount/sections/PaymentSettings/index.tsx:183,,Still handling refunds for your older transactions.,"=GOOGLETRANSLATE(C1779, ""en"", ""el"")",
src/components/common/ImpersonationBanner/index.tsx:53,,Stop Impersonating,"=GOOGLETRANSLATE(C1780, ""en"", ""el"")",
src/components/common/OrdersTable/index.tsx:377 | src/components/routes/admin/Dashboard/index.tsx:424 | src/components/routes/event/Settings/Sections/PaymentSettings/index.tsx:88,,Stripe,"=GOOGLETRANSLATE(C1781, ""en"", ""el"")",
src/components/routes/account/ManageAccount/sections/PaymentSettings/index.tsx:162,,Stripe Connect,"=GOOGLETRANSLATE(C1782, ""en"", ""el"")",
src/components/routes/admin/Attribution/index.tsx:135,,Stripe Connected,"=GOOGLETRANSLATE(C1783, ""en"", ""el"")",
src/components/routes/admin/Messages/index.tsx:73,,Stripe Not Connected,"=GOOGLETRANSLATE(C1784, ""en"", ""el"")",
src/components/routes/organizer/Reports/PlatformFeesReport/index.tsx:104,,Stripe Payment ID,"=GOOGLETRANSLATE(C1785, ""en"", ""el"")",
src/components/routes/product-widget/Payment/PaymentMethods/Stripe/index.tsx:50,,Stripe payments are not enabled for this event.,"=GOOGLETRANSLATE(C1786, ""en"", ""el"")",
src/components/common/StripeConnectButton/index.tsx:69,,Stripe setup is already complete.,"=GOOGLETRANSLATE(C1787, ""en"", ""el"")",
src/components/common/EmailTemplateEditor/EmailTemplateEditor.tsx:127 | src/components/modals/SendMessageModal/index.tsx:347 | src/components/routes/admin/Messages/index.tsx:162 | src/components/routes/admin/Messages/index.tsx:272,,Subject,"=GOOGLETRANSLATE(C1788, ""en"", ""el"")",
src/components/common/EmailTemplateEditor/EmailTemplateEditor.tsx:46,,Subject is required,"=GOOGLETRANSLATE(C1789, ""en"", ""el"")",
src/components/common/EmailTemplateEditor/EmailTemplatePreviewPane.tsx:30,,Subject will appear here,"=GOOGLETRANSLATE(C1790, ""en"", ""el"")",
src/components/common/EmailTemplateSettings/EmailTemplateSettingsBase.tsx:257,,Subject:,"=GOOGLETRANSLATE(C1791, ""en"", ""el"")",
src/components/common/InlineOrderSummary/index.tsx:139 | src/components/common/OrderSummary/index.tsx:41,,Subtotal,"=GOOGLETRANSLATE(C1792, ""en"", ""el"")",
src/components/common/OrdersTable/index.tsx:101 | src/components/common/OrganizerWebhookTable/index.tsx:149 | src/components/layouts/Checkout/index.tsx:108,,Success,"=GOOGLETRANSLATE(C1793, ""en"", ""el"")",
src/components/modals/EditUserModal/index.tsx:40 | src/components/modals/InviteUserModal/index.tsx:32,,Success! {0} will receive an email shortly.,"=GOOGLETRANSLATE(C1794, ""en"", ""el"")",
src/components/common/AttendeeTable/index.tsx:96,,Successfully {0} attendee,"=GOOGLETRANSLATE(C1795, ""en"", ""el"")",
src/components/routes/profile/ConfirmEmailAddress/index.tsx:23,,Successfully confirmed email address,"=GOOGLETRANSLATE(C1796, ""en"", ""el"")",
src/components/routes/profile/ConfirmEmailChange/index.tsx:31,,Successfully confirmed email change,"=GOOGLETRANSLATE(C1797, ""en"", ""el"")",
src/components/modals/CreateAttendeeModal/index.tsx:93,,Successfully created attendee,"=GOOGLETRANSLATE(C1798, ""en"", ""el"")",
src/components/modals/CreateProductModal/index.tsx:55,,Successfully Created Product,"=GOOGLETRANSLATE(C1799, ""en"", ""el"")",
src/components/modals/CreatePromoCodeModal/index.tsx:39,,Successfully Created Promo Code,"=GOOGLETRANSLATE(C1800, ""en"", ""el"")",
src/components/modals/CreateQuestionModal/index.tsx:46 | src/components/modals/EditQuestionModal/index.tsx:66,,Successfully Created Question,"=GOOGLETRANSLATE(C1801, ""en"", ""el"")",
src/components/modals/DuplicateProductModal/index.tsx:99,,Successfully Duplicated Product,"=GOOGLETRANSLATE(C1802, ""en"", ""el"")",
src/components/common/WaitlistTable/index.tsx:121,,Successfully offered a spot,"=GOOGLETRANSLATE(C1803, ""en"", ""el"")",
src/components/modals/OfferWaitlistModal/index.tsx:63,,Successfully offered tickets to {count} people,"=GOOGLETRANSLATE(C1804, ""en"", ""el"")",
src/components/modals/OfferWaitlistModal/index.tsx:62,,Successfully offered tickets to 1 person,"=GOOGLETRANSLATE(C1805, ""en"", ""el"")",
src/components/common/WaitlistTable/index.tsx:104,,Successfully removed from waitlist,"=GOOGLETRANSLATE(C1806, ""en"", ""el"")",
src/components/routes/organizer/Settings/Sections/AddressSettings/index.tsx:56,,Successfully Updated Address,"=GOOGLETRANSLATE(C1807, ""en"", ""el"")",
src/components/modals/ManageAttendeeModal/index.tsx:96,,Successfully updated attendee,"=GOOGLETRANSLATE(C1808, ""en"", ""el"")",
src/components/modals/EditCapacityAssignmentModal/index.tsx:47,,Successfully updated Capacity Assignment,"=GOOGLETRANSLATE(C1809, ""en"", ""el"")",
src/components/modals/EditCheckInListModal/index.tsx:50,,Successfully updated Check-In List,"=GOOGLETRANSLATE(C1810, ""en"", ""el"")",
src/components/routes/event/Settings/Sections/EmailSettings/GeneralEmailSettings.tsx:47,,Successfully Updated Email Settings,"=GOOGLETRANSLATE(C1811, ""en"", ""el"")",
src/components/routes/event/Settings/Sections/EventDetailsForm/index.tsx:59,,Successfully Updated Event,"=GOOGLETRANSLATE(C1812, ""en"", ""el"")",
src/components/routes/organizer/Settings/Sections/EventDefaults/index.tsx:62,,Successfully Updated Event Defaults,"=GOOGLETRANSLATE(C1813, ""en"", ""el"")",
src/components/routes/event/HomepageDesigner/index.tsx:101 | src/components/routes/organizer/OrganizerHomepageDesigner/index.tsx:92,,Successfully Updated Homepage Design,"=GOOGLETRANSLATE(C1814, ""en"", ""el"")",
src/components/routes/event/Settings/Sections/HomepageAndCheckoutSettings/index.tsx:76,,Successfully Updated Homepage Settings,"=GOOGLETRANSLATE(C1815, ""en"", ""el"")",
src/components/routes/event/Settings/Sections/LocationSettings/index.tsx:76,,Successfully Updated Location,"=GOOGLETRANSLATE(C1816, ""en"", ""el"")",
src/components/routes/event/Settings/Sections/MiscSettings/index.tsx:49,,Successfully Updated Misc Settings,"=GOOGLETRANSLATE(C1817, ""en"", ""el"")",
src/components/modals/ManageOrderModal/index.tsx:74,,Successfully updated order,"=GOOGLETRANSLATE(C1818, ""en"", ""el"")",
src/components/routes/organizer/Settings/Sections/BasicSettings/index.tsx:40,,Successfully Updated Organizer,"=GOOGLETRANSLATE(C1819, ""en"", ""el"")",
src/components/routes/event/Settings/Sections/PaymentSettings/index.tsx:77,,Successfully Updated Payment & Invoicing Settings,"=GOOGLETRANSLATE(C1820, ""en"", ""el"")",
src/components/routes/organizer/Settings/Sections/PlatformFeesSettings/index.tsx:29,,Successfully Updated Platform Fee Defaults,"=GOOGLETRANSLATE(C1821, ""en"", ""el"")",
src/components/routes/event/Settings/Sections/PlatformFeesSettings/index.tsx:35,,Successfully Updated Platform Fee Settings,"=GOOGLETRANSLATE(C1822, ""en"", ""el"")",
src/components/modals/EditProductModal/index.tsx:95,,Successfully updated product,"=GOOGLETRANSLATE(C1823, ""en"", ""el"")",
src/components/modals/EditPromoCodeModal/index.tsx:52,,Successfully Updated Promo Code,"=GOOGLETRANSLATE(C1824, ""en"", ""el"")",
src/components/routes/event/Settings/Sections/SeoSettings/index.tsx:48,,Successfully Updated Seo Settings,"=GOOGLETRANSLATE(C1825, ""en"", ""el"")",
src/components/routes/organizer/Settings/Sections/SeoSettings/index.tsx:45,,Successfully Updated SEO Settings,"=GOOGLETRANSLATE(C1826, ""en"", ""el"")",
src/components/routes/event/Settings/Sections/WaitlistSettings/index.tsx:43,,Successfully Updated Settings,"=GOOGLETRANSLATE(C1827, ""en"", ""el"")",
src/components/routes/organizer/Settings/Sections/SocialLinks/index.tsx:170,,Successfully Updated Social Links,"=GOOGLETRANSLATE(C1828, ""en"", ""el"")",
src/components/modals/EditOrganizerWebhookModal/index.tsx:44 | src/components/modals/EditWebhookModal/index.tsx:44,,Successfully updated Webhook,"=GOOGLETRANSLATE(C1829, ""en"", ""el"")",
src/components/routes/event/Settings/Sections/LocationSettings/index.tsx:131 | src/components/routes/organizer/Settings/Sections/AddressSettings/index.tsx:86,,Suite 100,"=GOOGLETRANSLATE(C1830, ""en"", ""el"")",
src/components/common/ProgressStepper/index.tsx:20 | src/components/common/ProgressStepper/index.tsx:24,,Summary,"=GOOGLETRANSLATE(C1831, ""en"", ""el"")",
src/components/modals/CreateEventModal/index.tsx:177 | src/components/modals/DuplicateEventModal/index.tsx:110 | src/components/routes/event/Settings/Sections/EventDetailsForm/index.tsx:78,,Summer Music Festival {0},"=GOOGLETRANSLATE(C1832, ""en"", ""el"")",
src/components/routes/welcome/index.tsx:353,,Summer Music Festival 2025,"=GOOGLETRANSLATE(C1833, ""en"", ""el"")",
src/components/common/Editor/Controls/InsertLiquidVariableControl.tsx:48 | src/components/common/Editor/Controls/InsertLiquidVariableControl.tsx:81 | src/components/routes/event/Settings/Sections/EmailSettings/GeneralEmailSettings.tsx:66,,Support Email,"=GOOGLETRANSLATE(C1834, ""en"", ""el"")",
src/components/common/LanguageSwitcher/index.tsx:44,,Swedish,"=GOOGLETRANSLATE(C1835, ""en"", ""el"")",
src/components/layouts/OrganizerLayout/index.tsx:73 | src/components/modals/SwitchOrganizerModal/index.tsx:46,,Switch Organizer,"=GOOGLETRANSLATE(C1836, ""en"", ""el"")",
src/components/routes/admin/Configurations/index.tsx:85,,System Default,"=GOOGLETRANSLATE(C1837, ""en"", ""el"")",
src/components/forms/ProductForm/index.tsx:275,,T-shirt,"=GOOGLETRANSLATE(C1838, ""en"", ""el"")",
src/components/routes/account/ManageAccount/sections/PaymentSettings/index.tsx:85,,Takes just a few minutes,"=GOOGLETRANSLATE(C1839, ""en"", ""el"")",
src/components/common/AdminOrdersTable/index.tsx:84 | src/components/common/OrdersTable/index.tsx:351 | src/components/forms/TaxAndFeeForm/index.tsx:12 | src/components/forms/TaxAndFeeForm/index.tsx:39 | src/components/modals/CreateTaxOrFeeModal/index.tsx:36 | src/components/modals/CreateTaxOrFeeModal/index.tsx:59 | src/components/modals/EditTaxOrFeeModal/index.tsx:42 | src/components/modals/EditTaxOrFeeModal/index.tsx:52 | src/components/modals/EditTaxOrFeeModal/index.tsx:59,,Tax,"=GOOGLETRANSLATE(C1840, ""en"", ""el"")",
src/components/routes/account/ManageAccount/index.tsx:27 | src/components/routes/account/ManageAccount/sections/TaxSettings/index.tsx:18,,Tax & Fees,"=GOOGLETRANSLATE(C1841, ""en"", ""el"")",
src/components/routes/organizer/Reports/index.tsx:30,,Tax collected grouped by tax type and event,"=GOOGLETRANSLATE(C1842, ""en"", ""el"")",
src/components/routes/event/Settings/Sections/PaymentSettings/index.tsx:246,,Tax Details,"=GOOGLETRANSLATE(C1843, ""en"", ""el"")",
src/components/routes/event/Settings/Sections/PaymentSettings/index.tsx:247,,"Tax information to appear at the bottom of all invoices (e.g., VAT number, tax registration)","=GOOGLETRANSLATE(C1844, ""en"", ""el"")",
src/components/routes/organizer/Reports/TaxSummaryReport/index.tsx:38,,Tax Name,"=GOOGLETRANSLATE(C1845, ""en"", ""el"")",
src/components/common/TaxAndFeeList/index.tsx:36,,Tax or Fee deleted successfully,"=GOOGLETRANSLATE(C1846, ""en"", ""el"")",
src/components/routes/organizer/Reports/index.tsx:29 | src/components/routes/organizer/Reports/TaxSummaryReport/index.tsx:62,,Tax Summary,"=GOOGLETRANSLATE(C1847, ""en"", ""el"")",
src/components/common/InlineOrderSummary/index.tsx:180 | src/components/forms/ProductForm/index.tsx:406 | src/components/routes/organizer/Reports/RevenueSummaryReport/index.tsx:48,,Taxes,"=GOOGLETRANSLATE(C1848, ""en"", ""el"")",
src/components/common/ProductsTable/SortableProduct/index.tsx:145,,Taxes & fees applied,"=GOOGLETRANSLATE(C1849, ""en"", ""el"")",
src/components/forms/ProductForm/index.tsx:398 | src/components/forms/ProductForm/index.tsx:403,,Taxes and Fees,"=GOOGLETRANSLATE(C1850, ""en"", ""el"")",
src/components/forms/ProductForm/index.tsx:383,,Taxes configured,"=GOOGLETRANSLATE(C1851, ""en"", ""el"")",
src/components/forms/ProductForm/index.tsx:376,,"Taxes, Fees, Visibility, Sale Period, Product Highlight & Order Limits","=GOOGLETRANSLATE(C1852, ""en"", ""el"")",
src/components/layouts/AuthLayout/index.tsx:56,,Team Management,"=GOOGLETRANSLATE(C1853, ""en"", ""el"")",
src/constants/eventCategories.ts:18,,Tech,"=GOOGLETRANSLATE(C1854, ""en"", ""el"")",
src/components/routes/organizer/Settings/Sections/SocialLinks/index.tsx:96,,Telegram,"=GOOGLETRANSLATE(C1855, ""en"", ""el"")",
src/components/modals/CreateEventModal/index.tsx:198,,Tell people what to expect at your event,"=GOOGLETRANSLATE(C1856, ""en"", ""el"")",
src/components/modals/CreateEventModal/index.tsx:128,,Tell us about your event,"=GOOGLETRANSLATE(C1857, ""en"", ""el"")",
src/components/routes/welcome/index.tsx:44,,Tell us about your organization. This information will be displayed on your event pages.,"=GOOGLETRANSLATE(C1858, ""en"", ""el"")",
src/components/common/EmailTemplateEditor/EmailTemplateEditor.tsx:190,,Template Active,"=GOOGLETRANSLATE(C1859, ""en"", ""el"")",
src/components/common/EmailTemplateSettings/EmailTemplateSettingsBase.tsx:166,,Template created successfully,"=GOOGLETRANSLATE(C1860, ""en"", ""el"")",
src/components/common/EmailTemplateSettings/EmailTemplateSettingsBase.tsx:114,,Template deleted successfully,"=GOOGLETRANSLATE(C1861, ""en"", ""el"")",
src/components/common/EmailTemplateSettings/EmailTemplateSettingsBase.tsx:135,,Template saved successfully,"=GOOGLETRANSLATE(C1862, ""en"", ""el"")",
src/components/layouts/EventHomepage/index.tsx:605 | src/components/layouts/OrganizerHomepage/index.tsx:335,,Terms of Service,"=GOOGLETRANSLATE(C1863, ""en"", ""el"")",
src/components/common/ThemeColorControls/index.tsx:107,,Text may be hard to read,"=GOOGLETRANSLATE(C1864, ""en"", ""el"")",
src/components/routes/event/TicketDesigner/index.tsx:162,,Thank you for attending!,"=GOOGLETRANSLATE(C1865, ""en"", ""el"")",
src/components/routes/account/ManageAccount/sections/PaymentSettings/index.tsx:91,,Thanks for your support as we continue to grow and improve Hi.Events!,"=GOOGLETRANSLATE(C1866, ""en"", ""el"")",
src/components/routes/product-widget/SelectProducts/index.tsx:186 | src/components/routes/product-widget/SelectProducts/index.tsx:234,,That promo code is invalid,"=GOOGLETRANSLATE(C1867, ""en"", ""el"")",
src/components/common/ThemeColorControls/index.tsx:62,,"The background color of the page. When using cover image, this is applied as an overlay.","=GOOGLETRANSLATE(C1868, ""en"", ""el"")",
src/components/layouts/CheckIn/index.tsx:375,,The check-in list you are looking for does not exist.,"=GOOGLETRANSLATE(C1869, ""en"", ""el"")",
src/components/routes/welcome/index.tsx:211,,The code will expire in 10 minutes. Check your spam folder if you don't see the email.,"=GOOGLETRANSLATE(C1870, ""en"", ""el"")",
src/components/routes/admin/Configurations/index.tsx:228,,The currency in which the fixed fee is defined. It will be converted to the order currency at checkout.,"=GOOGLETRANSLATE(C1871, ""en"", ""el"")",
src/components/common/Editor/Controls/InsertLiquidVariableControl.tsx:30,,The currency of the order,"=GOOGLETRANSLATE(C1872, ""en"", ""el"")",
src/components/routes/account/ManageAccount/sections/AccountSettings/index.tsx:75 | src/components/routes/organizer/Settings/Sections/BasicSettings/index.tsx:118,,The default currency for your events.,"=GOOGLETRANSLATE(C1873, ""en"", ""el"")",
src/components/routes/account/ManageAccount/sections/AccountSettings/index.tsx:84 | src/components/routes/organizer/Settings/Sections/BasicSettings/index.tsx:127,,The default timezone for your events.,"=GOOGLETRANSLATE(C1874, ""en"", ""el"")",
src/components/routes/product-widget/OrderSummaryAndProducts/EditAttendeeModal/index.tsx:78,,The email address has been changed. The attendee will receive a new ticket at the updated email address.,"=GOOGLETRANSLATE(C1875, ""en"", ""el"")",
src/components/common/Editor/Controls/InsertLiquidVariableControl.tsx:40 | src/components/common/Editor/Controls/InsertLiquidVariableControl.tsx:74,,The event venue,"=GOOGLETRANSLATE(C1876, ""en"", ""el"")",
src/components/layouts/EventHomepage/EventNotAvailable/index.tsx:10 | src/components/layouts/EventHomepage/EventNotAvailable/index.tsx:12,,"The event you're looking for is not available at the moment. It may have been removed, expired, or the URL might be incorrect.","=GOOGLETRANSLATE(C1877, ""en"", ""el"")",
src/components/common/Editor/Controls/InsertLiquidVariableControl.tsx:37 | src/components/common/Editor/Controls/InsertLiquidVariableControl.tsx:71,,The full event address,"=GOOGLETRANSLATE(C1878, ""en"", ""el"")",
src/components/modals/CancelOrderModal/index.tsx:77,,The full order amount will be refunded to the customer's original payment method.,"=GOOGLETRANSLATE(C1879, ""en"", ""el"")",
src/components/modals/CreateAttendeeModal/index.tsx:157,,The language the attendee will receive emails in.,"=GOOGLETRANSLATE(C1880, ""en"", ""el"")",
src/components/routes/product-widget/OrderSummaryAndProducts/LinkExpiredMessage/index.tsx:30,,The link you are trying to access has expired or is no longer valid. Please check your email for an updated link to manage your order.,"=GOOGLETRANSLATE(C1881, ""en"", ""el"")",
src/components/routes/profile/ConfirmEmailChange/index.tsx:22,,The link you clicked is invalid.,"=GOOGLETRANSLATE(C1882, ""en"", ""el"")",
src/components/common/Editor/Controls/InsertLiquidVariableControl.tsx:29,,The locale of the customer,"=GOOGLETRANSLATE(C1883, ""en"", ""el"")",
src/components/routes/product-widget/SelectProducts/index.tsx:509,,The maximum number of products for {0}is {1},"=GOOGLETRANSLATE(C1884, ""en"", ""el"")",
src/components/layouts/PublicOrganizer/OrganizerNotFound/index.tsx:9 | src/components/layouts/PublicOrganizer/OrganizerNotFound/index.tsx:11,,"The organizer you're looking for could not be found. The page may have been moved, deleted, or the URL might be incorrect.","=GOOGLETRANSLATE(C1885, ""en"", ""el"")",
src/components/common/ErrorDisplay/index.tsx:18,,The page you are looking for does not exist,"=GOOGLETRANSLATE(C1886, ""en"", ""el"")",
src/components/common/PlatformFeesSettings/index.tsx:215,,"The platform fee is added to the ticket price. Buyers pay more, but you receive the full ticket price.","=GOOGLETRANSLATE(C1887, ""en"", ""el"")",
src/components/routes/event/Settings/Sections/MiscSettings/index.tsx:62,,The price displayed to the customer will include taxes and fees.,"=GOOGLETRANSLATE(C1888, ""en"", ""el"")",
src/components/routes/event/Settings/Sections/MiscSettings/index.tsx:68,,The price displayed to the customer will not include taxes and fees. They will be shown separately,"=GOOGLETRANSLATE(C1889, ""en"", ""el"")",
src/components/common/ThemeColorControls/index.tsx:52,,The primary brand color used for buttons and highlights,"=GOOGLETRANSLATE(C1890, ""en"", ""el"")",
src/components/modals/SendMessageModal/index.tsx:172,,The scheduled time is required,"=GOOGLETRANSLATE(C1891, ""en"", ""el"")",
src/components/modals/SendMessageModal/index.tsx:173,,The scheduled time must be in the future,"=GOOGLETRANSLATE(C1892, ""en"", ""el"")",
src/components/common/EmailTemplateSettings/EmailTemplateSettingsBase.tsx:147 | src/components/common/EmailTemplateSettings/EmailTemplateSettingsBase.tsx:178,,The template body contains invalid Liquid syntax. Please correct it and try again.,"=GOOGLETRANSLATE(C1893, ""en"", ""el"")",
src/components/routes/event/Settings/Sections/SeoSettings/index.tsx:66 | src/components/routes/organizer/Settings/Sections/SeoSettings/index.tsx:63,,"The title of the event that will be displayed in search engine results and when sharing on social media. By default, the event title will be used","=GOOGLETRANSLATE(C1894, ""en"", ""el"")",
src/components/routes/account/ManageAccount/sections/PaymentSettings/VatSettings/VatSettingsForm.tsx:87,,The VAT number could not be validated. Please check the number and try again.,"=GOOGLETRANSLATE(C1895, ""en"", ""el"")",
src/constants/eventCategories.ts:10,,Theater,"=GOOGLETRANSLATE(C1896, ""en"", ""el"")",
src/components/routes/event/HomepageDesigner/index.tsx:204 | src/components/routes/organizer/OrganizerHomepageDesigner/index.tsx:235,,Theme & Colors,"=GOOGLETRANSLATE(C1897, ""en"", ""el"")",
src/components/routes/product-widget/SelectProducts/index.tsx:320,,There are no products available for this event,"=GOOGLETRANSLATE(C1898, ""en"", ""el"")",
src/components/routes/product-widget/SelectProducts/index.tsx:434,,There are no products available in this category,"=GOOGLETRANSLATE(C1899, ""en"", ""el"")",
src/components/modals/RefundOrderModal/index.tsx:181,,There is a refund pending. Please wait for it to complete before requesting another refund.,"=GOOGLETRANSLATE(C1900, ""en"", ""el"")",
src/components/common/OrdersTable/index.tsx:78,,There was an error marking the order as paid,"=GOOGLETRANSLATE(C1901, ""en"", ""el"")",
src/hooks/useFormErrorResponseHandler.tsx:28,,There was an error processing your request. Please try again.,"=GOOGLETRANSLATE(C1902, ""en"", ""el"")",
src/components/common/OrdersTable/index.tsx:85,,There was an error sending your message,"=GOOGLETRANSLATE(C1903, ""en"", ""el"")",
src/components/routes/event/Settings/Sections/LocationSettings/index.tsx:108,,These details will only be shown if order is completed successfully. Orders awaiting payment will not show this message.,"=GOOGLETRANSLATE(C1904, ""en"", ""el"")",
src/components/common/WidgetEditor/index.tsx:178,,These settings apply only to copied embed code and won't be stored.,"=GOOGLETRANSLATE(C1905, ""en"", ""el"")",
src/components/common/EmailTemplateSettings/EmailTemplateSettingsBase.tsx:328,,These templates will be used as defaults for all events in your organization. Individual events can override these templates with their own custom versions.,"=GOOGLETRANSLATE(C1906, ""en"", ""el"")",
src/components/common/EmailTemplateSettings/EmailTemplateSettingsBase.tsx:321,,"These templates will override the organizer defaults for this event only. If no custom template is set here, the organizer template will be used instead.","=GOOGLETRANSLATE(C1907, ""en"", ""el"")",
src/components/common/CheckIn/CheckInOptionsModal.tsx:35,,This attendee has an unpaid order.,"=GOOGLETRANSLATE(C1908, ""en"", ""el"")",
src/components/common/ProductsTable/ProductsBlankSlate/index.tsx:65,,This category doesn't have any products yet.,"=GOOGLETRANSLATE(C1909, ""en"", ""el"")",
src/components/common/ProductsTable/SortableCategory/index.tsx:114,,This category is hidden from public view,"=GOOGLETRANSLATE(C1910, ""en"", ""el"")",
src/components/common/CheckInListList/index.tsx:77,,This check-in list has expired,"=GOOGLETRANSLATE(C1911, ""en"", ""el"")",
src/components/layouts/CheckIn/index.tsx:425,,This check-in list has expired and is no longer available for check-ins.,"=GOOGLETRANSLATE(C1912, ""en"", ""el"")",
src/components/common/CheckInListList/index.tsx:84,,This check-in list is active,"=GOOGLETRANSLATE(C1913, ""en"", ""el"")",
src/components/common/CheckInListList/index.tsx:81,,This check-in list is not active yet,"=GOOGLETRANSLATE(C1914, ""en"", ""el"")",
src/components/layouts/CheckIn/index.tsx:442,,This check-in list is not yet active and is not available for check-ins.,"=GOOGLETRANSLATE(C1915, ""en"", ""el"")",
src/components/layouts/CheckIn/index.tsx:387,,This check-in list is password protected. Please enter the password to continue.,"=GOOGLETRANSLATE(C1916, ""en"", ""el"")",
src/components/forms/AffiliateForm/index.tsx:41,,"This code will be used to track sales. Only letters, numbers, hyphens, and underscores allowed.","=GOOGLETRANSLATE(C1917, ""en"", ""el"")",
src/components/common/ThemeColorControls/index.tsx:104,,This color combination may be hard to read for some users,"=GOOGLETRANSLATE(C1918, ""en"", ""el"")",
src/components/layouts/EventHomepage/index.tsx:334,,This event has ended,"=GOOGLETRANSLATE(C1919, ""en"", ""el"")",
src/components/common/StatusToggle/index.tsx:84,,This event is not published yet,"=GOOGLETRANSLATE(C1920, ""en"", ""el"")",
src/components/routes/event/Settings/Sections/PaymentSettings/index.tsx:155,,"This information will be shown on the payment page, order summary page, and order confirmation email.","=GOOGLETRANSLATE(C1921, ""en"", ""el"")",
src/components/forms/ProductForm/index.tsx:147,,"This is a general product, like a t-shirt or a mug. No ticket will be issued","=GOOGLETRANSLATE(C1922, ""en"", ""el"")",
src/components/routes/event/Settings/Sections/LocationSettings/index.tsx:94,,This is an online event,"=GOOGLETRANSLATE(C1923, ""en"", ""el"")",
src/components/routes/organizer/Settings/Sections/BasicSettings/index.tsx:73,,This is the name of your organizer that will be displayed to your users.,"=GOOGLETRANSLATE(C1924, ""en"", ""el"")",
src/components/routes/my-tickets/index.tsx:162,,This link is invalid or has expired.,"=GOOGLETRANSLATE(C1925, ""en"", ""el"")",
src/components/routes/product-widget/OrderSummaryAndProducts/LinkExpiredMessage/index.tsx:27,,This link is no longer valid,"=GOOGLETRANSLATE(C1926, ""en"", ""el"")",
src/components/routes/event/Settings/Sections/EmailSettings/GeneralEmailSettings.tsx:72,,This message will be included in the footer of all emails sent from this event,"=GOOGLETRANSLATE(C1927, ""en"", ""el"")",
src/components/routes/event/Settings/Sections/HomepageAndCheckoutSettings/index.tsx:108,,This message will only be shown if order is completed successfully. Orders awaiting payment will not show this message,"=GOOGLETRANSLATE(C1928, ""en"", ""el"")",
src/components/routes/admin/Configurations/index.tsx:220,,This name is visible to end users,"=GOOGLETRANSLATE(C1929, ""en"", ""el"")",
src/components/forms/StripeCheckoutForm/index.tsx:95,,This order has already been paid.,"=GOOGLETRANSLATE(C1930, ""en"", ""el"")",
src/components/modals/RefundOrderModal/index.tsx:185,,This order has already been refunded.,"=GOOGLETRANSLATE(C1931, ""en"", ""el"")",
src/components/routes/product-widget/OrderSummaryAndProducts/index.tsx:354,,This order has been cancelled.,"=GOOGLETRANSLATE(C1932, ""en"", ""el"")",
src/components/routes/product-widget/CollectInformation/index.tsx:321,,This order has expired. Please start again.,"=GOOGLETRANSLATE(C1933, ""en"", ""el"")",
src/components/routes/product-widget/OrderSummaryAndProducts/index.tsx:373,,This order is being processed.,"=GOOGLETRANSLATE(C1934, ""en"", ""el"")",
src/components/routes/product-widget/CollectInformation/index.tsx:352,,This order is complete,"=GOOGLETRANSLATE(C1935, ""en"", ""el"")",
src/components/routes/product-widget/OrderSummaryAndProducts/index.tsx:364,,This order is complete.,"=GOOGLETRANSLATE(C1936, ""en"", ""el"")",
src/components/forms/StripeCheckoutForm/index.tsx:107,,This order page is no longer available.,"=GOOGLETRANSLATE(C1937, ""en"", ""el"")",
src/components/routes/product-widget/CollectInformation/index.tsx:334,,This order was abandoned. You can start a new order anytime.,"=GOOGLETRANSLATE(C1938, ""en"", ""el"")",
src/components/routes/product-widget/CollectInformation/index.tsx:362,,This order was cancelled. You can start a new order anytime.,"=GOOGLETRANSLATE(C1939, ""en"", ""el"")",
src/components/routes/product-widget/CollectInformation/index.tsx:574,,this organizer,"=GOOGLETRANSLATE(C1940, ""en"", ""el"")",
src/components/common/StatusToggle/index.tsx:85,,This organizer profile is not published yet,"=GOOGLETRANSLATE(C1941, ""en"", ""el"")",
src/components/forms/ProductForm/index.tsx:486,,This overrides all visibility settings and will hide the product from all customers.,"=GOOGLETRANSLATE(C1942, ""en"", ""el"")",
src/components/common/EmailTemplateEditor/EmailTemplatePreviewPane.tsx:69,,This preview shows how your email will look with sample data. Actual emails will use real values.,"=GOOGLETRANSLATE(C1943, ""en"", ""el"")",
src/components/common/ProductsTable/SortableProduct/index.tsx:75,,This product cannot be deleted because it is associated with an order. You can hide it instead.,"=GOOGLETRANSLATE(C1944, ""en"", ""el"")",
src/components/forms/ProductForm/index.tsx:141,,This product is a ticket. Buyers will be issued a ticket upon purchase,"=GOOGLETRANSLATE(C1945, ""en"", ""el"")",
src/components/common/ProductsTable/SortableProduct/index.tsx:331,,This product is highlighted on the event page,"=GOOGLETRANSLATE(C1946, ""en"", ""el"")",
src/components/common/ProductsTable/SortableProduct/index.tsx:100,,This product is sold out,"=GOOGLETRANSLATE(C1947, ""en"", ""el"")",
src/components/routes/organizer/Reports/PlatformFeesReport/index.tsx:118,,This report is for informational purposes only. Always consult with a tax professional before using this data for accounting or tax purposes. Please cross-reference with your Stripe dashboard as Hi.Events may be missing historical data.,"=GOOGLETRANSLATE(C1948, ""en"", ""el"")",
src/components/routes/auth/ResetPassword/index.tsx:28,,This reset password link is invalid or expired.,"=GOOGLETRANSLATE(C1949, ""en"", ""el"")",
src/components/layouts/CheckIn/index.tsx:227,,This ticket was just scanned. Please wait before scanning again.,"=GOOGLETRANSLATE(C1950, ""en"", ""el"")",
src/components/modals/EditUserModal/index.tsx:71,,"This user is not active, as they have not accepted their invitation.","=GOOGLETRANSLATE(C1951, ""en"", ""el"")",
src/components/routes/organizer/Settings/Sections/BasicSettings/index.tsx:80,,This will be used for notifications and communication with your users.,"=GOOGLETRANSLATE(C1952, ""en"", ""el"")",
src/components/forms/AffiliateForm/index.tsx:82,,"This will not be visible to customers, but helps you identify the affiliate.","=GOOGLETRANSLATE(C1953, ""en"", ""el"")",
src/components/common/AttendeeTable/index.tsx:370 | src/components/routes/my-tickets/index.tsx:85,,ticket,"=GOOGLETRANSLATE(C1954, ""en"", ""el"")",
src/components/common/Editor/Controls/InsertLiquidVariableControl.tsx:58 | src/components/common/Editor/Controls/InsertLiquidVariableControl.tsx:59 | src/components/common/Editor/Controls/InsertLiquidVariableControl.tsx:60 | src/components/common/ProductsTable/SortableProduct/index.tsx:280 | src/components/common/ProductsTable/SortableProduct/index.tsx:488 | src/components/forms/ProductForm/index.tsx:139 | src/components/modals/CreateAttendeeModal/index.tsx:162,,Ticket,"=GOOGLETRANSLATE(C1955, ""en"", ""el"")",
src/components/common/CheckIn/AttendeeList.tsx:83,,Ticket Cancelled,"=GOOGLETRANSLATE(C1956, ""en"", ""el"")",
src/components/routes/event/TicketDesigner/index.tsx:107,,Ticket Design,"=GOOGLETRANSLATE(C1957, ""en"", ""el"")",
src/components/routes/event/TicketDesigner/index.tsx:83,,Ticket design saved successfully,"=GOOGLETRANSLATE(C1958, ""en"", ""el"")",
src/components/layouts/Event/index.tsx:108,,Ticket Designer,"=GOOGLETRANSLATE(C1959, ""en"", ""el"")",
src/components/common/AttendeeTable/index.tsx:75,,Ticket email has been resent to attendee,"=GOOGLETRANSLATE(C1960, ""en"", ""el"")",
src/components/routes/product-widget/PrintProduct/index.tsx:42,,Ticket for,"=GOOGLETRANSLATE(C1961, ""en"", ""el"")",
src/components/common/Editor/Controls/InsertLiquidVariableControl.tsx:55,,Ticket holder's email,"=GOOGLETRANSLATE(C1962, ""en"", ""el"")",
src/components/common/Editor/Controls/InsertLiquidVariableControl.tsx:54,,Ticket holder's name,"=GOOGLETRANSLATE(C1963, ""en"", ""el"")",
src/components/common/MessageList/index.tsx:30,,Ticket holders,"=GOOGLETRANSLATE(C1964, ""en"", ""el"")",
src/components/routes/admin/Messages/index.tsx:86 | src/components/routes/admin/Messages/index.tsx:137,,Ticket Holders,"=GOOGLETRANSLATE(C1965, ""en"", ""el"")",
src/components/common/AttendeeTicket/index.tsx:168,,Ticket ID,"=GOOGLETRANSLATE(C1966, ""en"", ""el"")",
src/components/modals/DuplicateEventModal/index.tsx:31,,Ticket Logo,"=GOOGLETRANSLATE(C1967, ""en"", ""el"")",
src/components/common/Editor/Controls/InsertLiquidVariableControl.tsx:58,,Ticket Name,"=GOOGLETRANSLATE(C1968, ""en"", ""el"")",
src/components/routes/product-widget/AttendeeProductAndInformation/index.tsx:22,,Ticket Not Found,"=GOOGLETRANSLATE(C1969, ""en"", ""el"")",
src/components/routes/event/products.tsx:91,,Ticket or Product,"=GOOGLETRANSLATE(C1970, ""en"", ""el"")",
src/components/routes/event/TicketDesigner/TicketDesignerPrint.tsx:89,,Ticket Preview for,"=GOOGLETRANSLATE(C1971, ""en"", ""el"")",
src/components/common/PlatformFeesSettings/index.tsx:52,,Ticket price,"=GOOGLETRANSLATE(C1972, ""en"", ""el"")",
src/components/common/Editor/Controls/InsertLiquidVariableControl.tsx:59,,Ticket Price,"=GOOGLETRANSLATE(C1973, ""en"", ""el"")",
src/components/routes/product-widget/OrderSummaryAndProducts/index.tsx:500,,Ticket resent successfully,"=GOOGLETRANSLATE(C1974, ""en"", ""el"")",
src/components/common/AttendeeTicket/index.tsx:99 | src/components/routes/event/attendees.tsx:68,,Ticket Type,"=GOOGLETRANSLATE(C1975, ""en"", ""el"")",
src/components/common/Editor/Controls/InsertLiquidVariableControl.tsx:60,,Ticket URL,"=GOOGLETRANSLATE(C1976, ""en"", ""el"")",
src/components/layouts/Event/index.tsx:112,,Ticketing & Sales,"=GOOGLETRANSLATE(C1977, ""en"", ""el"")",
src/components/routes/my-tickets/index.tsx:85,,tickets,"=GOOGLETRANSLATE(C1978, ""en"", ""el"")",
src/components/routes/my-tickets/index.tsx:84,,Tickets,"=GOOGLETRANSLATE(C1979, ""en"", ""el"")",
src/components/layouts/Event/index.tsx:113 | src/components/routes/event/products.tsx:50,,Tickets & Products,"=GOOGLETRANSLATE(C1980, ""en"", ""el"")",
src/components/modals/OfferWaitlistModal/index.tsx:90,,Tickets are automatically offered to waitlisted customers when capacity becomes available.,"=GOOGLETRANSLATE(C1981, ""en"", ""el"")",
src/components/layouts/EventHomepage/index.tsx:152,,Tickets Available,"=GOOGLETRANSLATE(C1982, ""en"", ""el"")",
src/components/routes/product-widget/PrintOrder/index.tsx:40,,Tickets for,"=GOOGLETRANSLATE(C1983, ""en"", ""el"")",
src/components/routes/admin/Dashboard/index.tsx:140,,Tickets Sold,"=GOOGLETRANSLATE(C1984, ""en"", ""el"")",
src/components/forms/ProductForm/index.tsx:74,,Tier {0},"=GOOGLETRANSLATE(C1985, ""en"", ""el"")",
src/components/forms/ProductForm/index.tsx:172,,Tiered Product,"=GOOGLETRANSLATE(C1986, ""en"", ""el"")",
src/components/forms/ProductForm/index.tsx:264,,"Tiered products allow you to offer multiple price options for the same product. This is perfect for early bird products, or offering different price options for different groups of people.","=GOOGLETRANSLATE(C1987, ""en"", ""el"")",
src/components/routes/organizer/Settings/Sections/SocialLinks/index.tsx:70,,TikTok,"=GOOGLETRANSLATE(C1988, ""en"", ""el"")",
src/components/layouts/Checkout/index.tsx:217,,Time left:,"=GOOGLETRANSLATE(C1989, ""en"", ""el"")",
src/components/common/PromoCodeTable/index.tsx:76,,Times used,"=GOOGLETRANSLATE(C1990, ""en"", ""el"")",
src/components/routes/event/Reports/PromoCodesReport/index.tsx:25,,Times Used,"=GOOGLETRANSLATE(C1991, ""en"", ""el"")",
src/components/forms/OrganizerForm/index.tsx:59 | src/components/routes/account/ManageAccount/sections/AccountSettings/index.tsx:82 | src/components/routes/admin/Accounts/AccountDetail/index.tsx:140 | src/components/routes/auth/AcceptInvitation/index.tsx:119 | src/components/routes/event/Settings/Sections/EventDetailsForm/index.tsx:126 | src/components/routes/organizer/Settings/Sections/BasicSettings/index.tsx:125 | src/components/routes/product-widget/OrderSummaryAndProducts/index.tsx:326 | src/components/routes/profile/ManageProfile/index.tsx:187,,Timezone,"=GOOGLETRANSLATE(C1992, ""en"", ""el"")",
src/components/forms/PromoCodeForm/index.tsx:66,,TIP,"=GOOGLETRANSLATE(C1993, ""en"", ""el"")",
src/components/routes/event/messages.tsx:95,,To,"=GOOGLETRANSLATE(C1994, ""en"", ""el"")",
src/components/routes/admin/Accounts/AccountDetail/index.tsx:207,,"To edit configurations, go to the Configurations section in the admin menu.","=GOOGLETRANSLATE(C1995, ""en"", ""el"")",
src/components/modals/SendMessageModal/index.tsx:259,,"To increase your limits, contact us at","=GOOGLETRANSLATE(C1996, ""en"", ""el"")",
src/components/routes/account/ManageAccount/sections/PaymentSettings/index.tsx:662,,"To receive credit card payments, you need to connect your Stripe account. Stripe is our payment processing partner that ensures secure transactions and timely payouts.","=GOOGLETRANSLATE(C1997, ""en"", ""el"")",
src/components/common/ColumnVisibilityToggle/index.tsx:26,,Toggle columns,"=GOOGLETRANSLATE(C1998, ""en"", ""el"")",
src/components/layouts/OrganizerLayout/index.tsx:92,,Tools,"=GOOGLETRANSLATE(C1999, ""en"", ""el"")",
src/components/routes/admin/Dashboard/index.tsx:341,,Top Organizers (Last 14 Days),"=GOOGLETRANSLATE(C2000, ""en"", ""el"")",
src/components/common/AdminOrdersTable/index.tsx:81 | src/components/common/InlineOrderSummary/index.tsx:210 | src/components/common/OrderSummary/index.tsx:92,,Total,"=GOOGLETRANSLATE(C2001, ""en"", ""el"")",
src/components/routes/admin/Dashboard/index.tsx:104,,Total Accounts,"=GOOGLETRANSLATE(C2002, ""en"", ""el"")",
src/components/common/Editor/Controls/InsertLiquidVariableControl.tsx:22,,Total amount paid,"=GOOGLETRANSLATE(C2003, ""en"", ""el"")",
src/components/routes/organizer/Reports/CheckInSummaryReport/index.tsx:35,,Total Attendees,"=GOOGLETRANSLATE(C2004, ""en"", ""el"")",
src/components/routes/event/Reports/PromoCodesReport/index.tsx:52,,Total Before Discounts,"=GOOGLETRANSLATE(C2005, ""en"", ""el"")",
src/components/routes/organizer/Reports/TaxSummaryReport/index.tsx:49,,Total Collected,"=GOOGLETRANSLATE(C2006, ""en"", ""el"")",
src/components/routes/event/Reports/PromoCodesReport/index.tsx:58,,Total Discount Amount,"=GOOGLETRANSLATE(C2007, ""en"", ""el"")",
src/components/common/WaitlistStats/index.tsx:11,,Total Entries,"=GOOGLETRANSLATE(C2008, ""en"", ""el"")",
src/components/routes/organizer/Reports/PlatformFeesReport/index.tsx:93,,Total Fee,"=GOOGLETRANSLATE(C2009, ""en"", ""el"")",
src/components/routes/event/EventDashboard/index.tsx:313 | src/components/routes/organizer/OrganizerDashboard/index.tsx:151 | src/components/routes/organizer/Reports/EventsPerformanceReport/index.tsx:97,,Total Fees,"=GOOGLETRANSLATE(C2010, ""en"", ""el"")",
src/components/routes/event/Reports/PromoCodesReport/index.tsx:46,,Total Gross Sales,"=GOOGLETRANSLATE(C2011, ""en"", ""el"")",
src/components/common/OrderDetails/index.tsx:59,,Total order amount,"=GOOGLETRANSLATE(C2012, ""en"", ""el"")",
src/components/routes/organizer/OrganizerDashboard/index.tsx:139,,Total Orders,"=GOOGLETRANSLATE(C2013, ""en"", ""el"")",
src/components/common/OrderDetails/index.tsx:67,,Total refunded,"=GOOGLETRANSLATE(C2014, ""en"", ""el"")",
src/components/routes/event/EventDashboard/index.tsx:316,,Total Refunded,"=GOOGLETRANSLATE(C2015, ""en"", ""el"")",
src/components/routes/event/EventDashboard/index.tsx:315 | src/components/routes/organizer/OrganizerDashboard/index.tsx:145 | src/components/routes/organizer/Reports/EventsPerformanceReport/index.tsx:91,,Total Tax,"=GOOGLETRANSLATE(C2016, ""en"", ""el"")",
src/components/routes/admin/Dashboard/index.tsx:86,,Total Users,"=GOOGLETRANSLATE(C2017, ""en"", ""el"")",
src/components/routes/admin/Dashboard/index.tsx:307,,Total Views,"=GOOGLETRANSLATE(C2018, ""en"", ""el"")",
src/components/routes/admin/Attribution/index.tsx:32,,Track account growth and performance by attribution source,"=GOOGLETRANSLATE(C2019, ""en"", ""el"")",
src/components/layouts/AuthLayout/index.tsx:42,,"Track sales, revenue, and attendance with detailed reports","=GOOGLETRANSLATE(C2020, ""en"", ""el"")",
src/components/routes/account/ManageAccount/sections/PaymentSettings/index.tsx:264,,Transaction Fee:,"=GOOGLETRANSLATE(C2021, ""en"", ""el"")",
src/components/common/Editor/Controls/InsertLiquidVariableControl.tsx:31 | src/components/common/Editor/Controls/InsertLiquidVariableControl.tsx:65,,True if offline payment,"=GOOGLETRANSLATE(C2022, ""en"", ""el"")",
src/components/common/Editor/Controls/InsertLiquidVariableControl.tsx:28 | src/components/common/Editor/Controls/InsertLiquidVariableControl.tsx:63,,True if payment pending,"=GOOGLETRANSLATE(C2023, ""en"", ""el"")",
src/components/routes/auth/Login/index.tsx:141 | src/components/routes/my-tickets/index.tsx:183,,Try another email,"=GOOGLETRANSLATE(C2024, ""en"", ""el"")",
src/components/common/PoweredByFooter/index.tsx:55,,Try Hi.Events Free,"=GOOGLETRANSLATE(C2025, ""en"", ""el"")",
src/components/common/LanguageSwitcher/index.tsx:40,,Turkish,"=GOOGLETRANSLATE(C2026, ""en"", ""el"")",
src/components/layouts/CheckIn/index.tsx:503,,Turn sound off,"=GOOGLETRANSLATE(C2027, ""en"", ""el"")",
src/components/layouts/CheckIn/index.tsx:503,,Turn sound on,"=GOOGLETRANSLATE(C2028, ""en"", ""el"")",
src/components/routes/organizer/Settings/Sections/SocialLinks/index.tsx:79,,Twitch,"=GOOGLETRANSLATE(C2029, ""en"", ""el"")",
src/components/forms/TaxAndFeeForm/index.tsx:44 | src/components/routes/admin/Attribution/index.tsx:109 | src/components/routes/admin/Messages/index.tsx:134 | src/components/routes/admin/Messages/index.tsx:165 | src/components/routes/admin/Messages/index.tsx:287,,Type,"=GOOGLETRANSLATE(C2030, ""en"", ""el"")",
src/components/routes/event/Settings/Sections/DangerZoneSettings/index.tsx:98 | src/components/routes/organizer/Settings/Sections/DangerZoneSettings/index.tsx:104,,"Type \""delete\"" to confirm","=GOOGLETRANSLATE(C2031, ""en"", ""el"")",
src/components/common/Editor/Controls/InsertLiquidVariableControl.tsx:58,,Type of ticket,"=GOOGLETRANSLATE(C2032, ""en"", ""el"")",
src/components/layouts/CheckIn/index.tsx:167,,Unable to check in attendee,"=GOOGLETRANSLATE(C2033, ""en"", ""el"")",
src/components/layouts/CheckIn/index.tsx:192 | src/components/layouts/CheckIn/index.tsx:194,,Unable to check out attendee,"=GOOGLETRANSLATE(C2034, ""en"", ""el"")",
src/components/modals/CreateProductModal/index.tsx:64,,Unable to create product. Please check the your details,"=GOOGLETRANSLATE(C2035, ""en"", ""el"")",
src/components/routes/product-widget/SelectProducts/index.tsx:171,,Unable to create product. Please check your details,"=GOOGLETRANSLATE(C2036, ""en"", ""el"")",
src/components/modals/CreateQuestionModal/index.tsx:61,,Unable to create question. Please check the your details,"=GOOGLETRANSLATE(C2037, ""en"", ""el"")",
src/components/modals/DuplicateProductModal/index.tsx:107,,Unable to duplicate product. Please check the your details,"=GOOGLETRANSLATE(C2038, ""en"", ""el"")",
src/components/layouts/CheckIn/index.tsx:243,,Unable to fetch attendee,"=GOOGLETRANSLATE(C2039, ""en"", ""el"")",
src/components/modals/JoinWaitlistModal/index.tsx:124,,Unable to join waitlist,"=GOOGLETRANSLATE(C2040, ""en"", ""el"")",
src/components/modals/EditQuestionModal/index.tsx:84,,Unable to update question. Please check the your details,"=GOOGLETRANSLATE(C2041, ""en"", ""el"")",
src/components/routes/admin/Attribution/index.tsx:84,,Unattributed Accounts,"=GOOGLETRANSLATE(C2042, ""en"", ""el"")",
src/components/routes/event/Reports/PromoCodesReport/index.tsx:30,,Unique Customers,"=GOOGLETRANSLATE(C2043, ""en"", ""el"")",
src/components/common/Editor/Controls/InsertLiquidVariableControl.tsx:21,,Unique order reference,"=GOOGLETRANSLATE(C2044, ""en"", ""el"")",
src/components/routes/event/Settings/Sections/LocationSettings/index.tsx:156 | src/components/routes/organizer/Settings/Sections/AddressSettings/index.tsx:111,,United States,"=GOOGLETRANSLATE(C2045, ""en"", ""el"")",
src/components/common/MessageList/index.tsx:44 | src/components/common/MessageList/index.tsx:49 | src/components/routes/event/messages.tsx:29 | src/components/routes/event/messages.tsx:68 | src/components/routes/organizer/OrganizerDashboard/index.tsx:366,,Unknown,"=GOOGLETRANSLATE(C2046, ""en"", ""el"")",
src/components/common/QuestionAndAnswerList/index.tsx:284,,Unknown Attendee,"=GOOGLETRANSLATE(C2047, ""en"", ""el"")",
src/components/common/ProductsTable/SortableProduct/index.tsx:410 | src/components/forms/CapaciyAssigmentForm/index.tsx:43 | src/components/forms/ProductForm/index.tsx:91 | src/components/forms/ProductForm/index.tsx:321 | src/components/forms/PromoCodeForm/index.tsx:112 | src/components/modals/OfferWaitlistModal/index.tsx:189 | src/components/routes/event/Reports/PromoCodesReport/index.tsx:78 | src/components/routes/event/Reports/PromoCodesReport/index.tsx:84,,Unlimited,"=GOOGLETRANSLATE(C2048, ""en"", ""el"")",
src/components/routes/product-widget/SelectProducts/index.tsx:472,,Unlimited available,"=GOOGLETRANSLATE(C2049, ""en"", ""el"")",
src/components/common/PromoCodeTable/index.tsx:131,,Unlimited usages allowed,"=GOOGLETRANSLATE(C2050, ""en"", ""el"")",
src/components/layouts/CheckIn/index.tsx:410,,Unlock,"=GOOGLETRANSLATE(C2051, ""en"", ""el"")",
src/components/common/CheckIn/CheckInOptionsModal.tsx:34,,Unpaid Order,"=GOOGLETRANSLATE(C2052, ""en"", ""el"")",
src/components/routes/event/EventDashboard/index.tsx:208,,Unpublish Event,"=GOOGLETRANSLATE(C2053, ""en"", ""el"")",
src/components/common/AdminAccountsTable/index.tsx:101,,Untrusted,"=GOOGLETRANSLATE(C2054, ""en"", ""el"")",
src/components/common/EventsDashboardStatusButtons/index.tsx:20 | src/components/common/EventStatusBadge/index.tsx:16 | src/components/layouts/OrganizerHomepage/index.tsx:272 | src/components/routes/organizer/Reports/EventsPerformanceReport/index.tsx:33,,Upcoming,"=GOOGLETRANSLATE(C2055, ""en"", ""el"")",
src/components/layouts/OrganizerHomepage/index.tsx:265 | src/components/routes/organizer/OrganizerDashboard/index.tsx:234,,Upcoming Events,"=GOOGLETRANSLATE(C2056, ""en"", ""el"")",
src/components/modals/EditTaxOrFeeModal/index.tsx:59,,Update {0},"=GOOGLETRANSLATE(C2057, ""en"", ""el"")",
src/components/modals/EditAffiliateModal/index.tsx:108,,Update Affiliate,"=GOOGLETRANSLATE(C2058, ""en"", ""el"")",
src/components/routes/event/Settings/Sections/EventDetailsForm/index.tsx:71,,"Update event name, description and dates","=GOOGLETRANSLATE(C2059, ""en"", ""el"")",
src/components/routes/profile/ManageProfile/index.tsx:214,,Update profile,"=GOOGLETRANSLATE(C2060, ""en"", ""el"")",
src/components/routes/account/ManageAccount/sections/PaymentSettings/index.tsx:170,,Upgrade Available,"=GOOGLETRANSLATE(C2061, ""en"", ""el"")",
src/components/routes/organizer/Settings/Sections/ImageAssetSettings/index.tsx:39,,Upload a cover image for your organizer,"=GOOGLETRANSLATE(C2062, ""en"", ""el"")",
src/components/routes/organizer/Settings/Sections/ImageAssetSettings/index.tsx:28,,Upload a logo for your organizer,"=GOOGLETRANSLATE(C2063, ""en"", ""el"")",
src/components/common/Editor/Controls/InsertImageControl/index.tsx:104 | src/components/common/Editor/Controls/InsertImageControl/index.tsx:158,,Upload Image,"=GOOGLETRANSLATE(C2064, ""en"", ""el"")",
src/components/common/Editor/Controls/InsertImageControl/index.tsx:131,,Uploading image...,"=GOOGLETRANSLATE(C2065, ""en"", ""el"")",
src/components/common/OrganizerWebhookTable/index.tsx:236 | src/components/common/WebhookTable/index.tsx:236,,URL,"=GOOGLETRANSLATE(C2066, ""en"", ""el"")",
src/components/common/PromoCodeTable/index.tsx:182,,URL copied to clipboard,"=GOOGLETRANSLATE(C2067, ""en"", ""el"")",
src/components/modals/CreateOrganizerWebhookModal/index.tsx:25 | src/components/modals/CreateWebhookModal/index.tsx:25,,URL is required,"=GOOGLETRANSLATE(C2068, ""en"", ""el"")",
src/components/common/WidgetEditor/index.tsx:306,,Usage Example,"=GOOGLETRANSLATE(C2069, ""en"", ""el"")",
src/components/routes/event/Reports/PromoCodesReport/index.tsx:76,,Usage Limit,"=GOOGLETRANSLATE(C2070, ""en"", ""el"")",
src/components/common/CheckIn/ScannerSelectionModal.tsx:50,,USB Scanner Already Active,"=GOOGLETRANSLATE(C2071, ""en"", ""el"")",
src/components/common/CheckIn/ScannerSelectionModal.tsx:42,,USB Scanner mode activated. Start scanning tickets now.,"=GOOGLETRANSLATE(C2072, ""en"", ""el"")",
src/components/common/CheckIn/HidScannerStatus.tsx:48,,USB Scanner mode deactivated,"=GOOGLETRANSLATE(C2073, ""en"", ""el"")",
src/components/common/CheckIn/ScannerSelectionModal.tsx:50,,USB/HID Scanner,"=GOOGLETRANSLATE(C2074, ""en"", ""el"")",
src/components/common/EmailTemplateEditor/EmailTemplateEditor.tsx:150,,Use <0>Liquid templating</0> to personalize your emails,"=GOOGLETRANSLATE(C2075, ""en"", ""el"")",
src/components/routes/event/HomepageDesigner/index.tsx:222 | src/components/routes/organizer/OrganizerHomepageDesigner/index.tsx:254,,Use a blurred version of the cover image as the background,"=GOOGLETRANSLATE(C2076, ""en"", ""el"")",
src/components/routes/event/HomepageDesigner/index.tsx:220 | src/components/routes/organizer/OrganizerHomepageDesigner/index.tsx:252,,Use cover image,"=GOOGLETRANSLATE(C2077, ""en"", ""el"")",
src/components/routes/event/Settings/Sections/HomepageAndCheckoutSettings/index.tsx:52 | src/components/routes/organizer/Settings/Sections/EventDefaults/index.tsx:40,,Use order details for all attendees. Attendee names and emails will match the buyer's information.,"=GOOGLETRANSLATE(C2078, ""en"", ""el"")",
src/components/common/QuestionsTable/index.tsx:389,,Use the buyer's details for all attendees,"=GOOGLETRANSLATE(C2079, ""en"", ""el"")",
src/components/routes/event/TicketDesigner/index.tsx:130,,"Used for borders, highlights, and QR code styling","=GOOGLETRANSLATE(C2080, ""en"", ""el"")",
src/components/routes/account/ManageAccount/sections/Users/index.tsx:155,,User,"=GOOGLETRANSLATE(C2081, ""en"", ""el"")",
src/components/common/GlobalMenu/index.tsx:55 | src/components/routes/account/ManageAccount/sections/Users/index.tsx:143,,User Management,"=GOOGLETRANSLATE(C2082, ""en"", ""el"")",
src/components/common/AdminAccountsTable/index.tsx:89 | src/components/common/AdminAccountsTable/index.tsx:109 | src/components/layouts/Admin/index.tsx:15 | src/components/routes/account/ManageAccount/index.tsx:32 | src/components/routes/admin/Accounts/AccountDetail/index.tsx:166 | src/components/routes/admin/Accounts/AccountDetail/index.tsx:316 | src/components/routes/admin/Dashboard/index.tsx:404 | src/components/routes/admin/Users/index.tsx:57,,Users,"=GOOGLETRANSLATE(C2083, ""en"", ""el"")",
src/components/modals/EditUserModal/index.tsx:87,,Users can change their email in <0>Profile Settings</0>,"=GOOGLETRANSLATE(C2084, ""en"", ""el"")",
src/components/routes/account/ManageAccount/sections/AccountSettings/index.tsx:83 | src/components/routes/event/Settings/Sections/EventDetailsForm/index.tsx:127 | src/components/routes/organizer/Settings/Sections/BasicSettings/index.tsx:126 | src/components/routes/profile/ManageProfile/index.tsx:188,,UTC,"=GOOGLETRANSLATE(C2085, ""en"", ""el"")",
src/components/layouts/Admin/index.tsx:19,,UTM Analytics,"=GOOGLETRANSLATE(C2086, ""en"", ""el"")",
src/components/routes/admin/FailedJobs/index.tsx:253,,UUID,"=GOOGLETRANSLATE(C2087, ""en"", ""el"")",
src/components/routes/admin/Accounts/AccountDetail/index.tsx:289,,Valid,"=GOOGLETRANSLATE(C2088, ""en"", ""el"")",
src/components/routes/admin/Accounts/AccountDetail/index.tsx:287,,Validated,"=GOOGLETRANSLATE(C2089, ""en"", ""el"")",
src/components/routes/account/ManageAccount/sections/PaymentSettings/VatSettings/VatSettingsForm.tsx:71,,Validating your VAT number...,"=GOOGLETRANSLATE(C2090, ""en"", ""el"")",
src/components/forms/TaxAndFeeForm/index.tsx:62,,VAT,"=GOOGLETRANSLATE(C2091, ""en"", ""el"")",
src/components/modals/EditAccountVatSettingsModal/index.tsx:131 | src/components/routes/admin/Accounts/AccountDetail/index.tsx:300,,VAT Country,"=GOOGLETRANSLATE(C2092, ""en"", ""el"")",
src/components/routes/account/ManageAccount/sections/PaymentSettings/VatSettings/index.tsx:30,,VAT Information,"=GOOGLETRANSLATE(C2093, ""en"", ""el"")",
src/components/routes/account/ManageAccount/sections/PaymentSettings/VatNotice/index.tsx:50,,VAT may be applied to platform fees depending on your VAT registration status. Please complete the VAT information section below.,"=GOOGLETRANSLATE(C2094, ""en"", ""el"")",
src/components/modals/EditAccountVatSettingsModal/index.tsx:123 | src/components/routes/account/ManageAccount/sections/PaymentSettings/VatSettings/VatSettingsForm.tsx:216 | src/components/routes/admin/Accounts/AccountDetail/index.tsx:283,,VAT Number,"=GOOGLETRANSLATE(C2095, ""en"", ""el"")",
src/components/routes/account/ManageAccount/sections/PaymentSettings/VatSettings/VatSettingsForm.tsx:24,,VAT number must not contain spaces,"=GOOGLETRANSLATE(C2096, ""en"", ""el"")",
src/components/routes/account/ManageAccount/sections/PaymentSettings/VatSettings/VatSettingsForm.tsx:32,,"VAT number must start with a 2-letter country code followed by 8-15 alphanumeric characters (e.g., DE123456789)","=GOOGLETRANSLATE(C2097, ""en"", ""el"")",
src/components/routes/account/ManageAccount/sections/PaymentSettings/VatSettings/VatSettingsForm.tsx:55 | src/components/routes/account/ManageAccount/sections/PaymentSettings/VatSettings/VatSettingsForm.tsx:171,,VAT number validated successfully,"=GOOGLETRANSLATE(C2098, ""en"", ""el"")",
src/components/routes/account/ManageAccount/sections/PaymentSettings/VatSettings/VatSettingsForm.tsx:84,,VAT number validation failed,"=GOOGLETRANSLATE(C2099, ""en"", ""el"")",
src/components/routes/account/ManageAccount/sections/PaymentSettings/VatSettings/VatSettingsForm.tsx:173,,VAT number validation failed. Please check your VAT number.,"=GOOGLETRANSLATE(C2100, ""en"", ""el"")",
src/components/routes/organizer/Reports/PlatformFeesReport/index.tsx:87,,VAT on Fee,"=GOOGLETRANSLATE(C2101, ""en"", ""el"")",
src/components/routes/organizer/Reports/PlatformFeesReport/index.tsx:81,,VAT Rate,"=GOOGLETRANSLATE(C2102, ""en"", ""el"")",
src/components/modals/EditAccountVatSettingsModal/index.tsx:115 | src/components/routes/admin/Accounts/AccountDetail/index.tsx:275,,VAT Registered,"=GOOGLETRANSLATE(C2103, ""en"", ""el"")",
src/components/routes/account/ManageAccount/sections/PaymentSettings/VatSettings/index.tsx:44 | src/components/routes/account/ManageAccount/sections/PaymentSettings/VatSettings/VatSettingsModal.tsx:18,,VAT Registration Information,"=GOOGLETRANSLATE(C2104, ""en"", ""el"")",
src/components/routes/admin/Accounts/AccountDetail/index.tsx:261,,VAT Settings,"=GOOGLETRANSLATE(C2105, ""en"", ""el"")",
src/components/routes/account/ManageAccount/sections/PaymentSettings/VatSettings/VatSettingsForm.tsx:169 | src/components/routes/account/ManageAccount/sections/PaymentSettings/VatSettings/VatSettingsForm.tsx:177,,VAT settings saved successfully,"=GOOGLETRANSLATE(C2106, ""en"", ""el"")",
src/components/routes/account/ManageAccount/sections/PaymentSettings/VatSettings/VatSettingsForm.tsx:175,,VAT settings saved. We're validating your VAT number in the background.,"=GOOGLETRANSLATE(C2107, ""en"", ""el"")",
src/components/modals/EditAccountVatSettingsModal/index.tsx:96,,VAT settings updated successfully,"=GOOGLETRANSLATE(C2108, ""en"", ""el"")",
src/components/routes/account/ManageAccount/sections/PaymentSettings/VatSettings/index.tsx:32,,VAT Treatment for Platform Fees,"=GOOGLETRANSLATE(C2109, ""en"", ""el"")",
src/components/routes/account/ManageAccount/sections/PaymentSettings/VatSettings/index.tsx:86,,VAT treatment for platform fees: EU VAT-registered businesses can use the reverse charge mechanism (0% - Article 196 of VAT Directive 2006/112/EC). Non-VAT registered businesses are charged Irish VAT at 23%.,"=GOOGLETRANSLATE(C2110, ""en"", ""el"")",
src/components/routes/account/ManageAccount/sections/PaymentSettings/VatSettings/VatSettingsForm.tsx:96,,VAT validation service temporarily unavailable,"=GOOGLETRANSLATE(C2111, ""en"", ""el"")",
src/components/routes/event/Settings/Sections/LocationSettings/index.tsx:119,,Venue Name,"=GOOGLETRANSLATE(C2112, ""en"", ""el"")",
src/components/routes/welcome/index.tsx:159,,Verification code,"=GOOGLETRANSLATE(C2113, ""en"", ""el"")",
src/components/routes/admin/Attribution/index.tsx:136 | src/components/routes/admin/Dashboard/index.tsx:421,,Verified,"=GOOGLETRANSLATE(C2114, ""en"", ""el"")",
src/components/routes/welcome/index.tsx:187,,Verify Email,"=GOOGLETRANSLATE(C2115, ""en"", ""el"")",
src/components/layouts/Event/index.tsx:258,,Verify your email,"=GOOGLETRANSLATE(C2116, ""en"", ""el"")",
src/components/routes/welcome/index.tsx:187,,Verifying...,"=GOOGLETRANSLATE(C2117, ""en"", ""el"")",
src/components/common/LanguageSwitcher/index.tsx:38,,Vietnamese,"=GOOGLETRANSLATE(C2118, ""en"", ""el"")",
src/components/modals/ManageAttendeeModal/index.tsx:220 | src/components/modals/ManageOrderModal/index.tsx:200,,View,"=GOOGLETRANSLATE(C2119, ""en"", ""el"")",
src/components/routes/admin/Messages/index.tsx:108,,View all messages sent across the platform,"=GOOGLETRANSLATE(C2120, ""en"", ""el"")",
src/components/routes/organizer/Reports/index.tsx:50,,View and download reports across all your events. Only completed orders are included.,"=GOOGLETRANSLATE(C2121, ""en"", ""el"")",
src/components/common/AttendeeList/index.tsx:84,,View Answers,"=GOOGLETRANSLATE(C2122, ""en"", ""el"")",
src/components/common/AttendeeList/index.tsx:103,,View Attendee Details,"=GOOGLETRANSLATE(C2123, ""en"", ""el"")",
src/components/common/AdminAccountsTable/index.tsx:73 | src/components/routes/admin/FailedJobs/index.tsx:190,,View Details,"=GOOGLETRANSLATE(C2124, ""en"", ""el"")",
src/components/common/AdminEventsTable/index.tsx:157 | src/components/routes/admin/Dashboard/index.tsx:478,,View Event,"=GOOGLETRANSLATE(C2125, ""en"", ""el"")",
src/components/common/EventCard/index.tsx:133,,View event page,"=GOOGLETRANSLATE(C2126, ""en"", ""el"")",
src/components/modals/EventLiveCelebrationModal/index.tsx:93,,View Event Page,"=GOOGLETRANSLATE(C2127, ""en"", ""el"")",
src/components/common/OrganizerWebhookTable/index.tsx:113 | src/components/common/WebhookTable/index.tsx:113,,View logs,"=GOOGLETRANSLATE(C2128, ""en"", ""el"")",
src/components/layouts/EventHomepage/index.tsx:461,,View Map,"=GOOGLETRANSLATE(C2129, ""en"", ""el"")",
src/components/routes/admin/Messages/index.tsx:222,,View Message,"=GOOGLETRANSLATE(C2130, ""en"", ""el"")",
src/components/layouts/EventHomepage/index.tsx:374,,View on Google Maps,"=GOOGLETRANSLATE(C2131, ""en"", ""el"")",
src/components/common/EmailTemplateEditor/CTAConfiguration.tsx:28 | src/components/common/EmailTemplateEditor/EmailTemplateEditor.tsx:57 | src/components/common/EmailTemplateEditor/EmailTemplateEditor.tsx:69 | src/components/common/WaitlistTable/index.tsx:61 | src/components/routes/my-tickets/index.tsx:110,,View Order,"=GOOGLETRANSLATE(C2132, ""en"", ""el"")",
src/components/routes/product-widget/CollectInformation/index.tsx:354,,View order details,"=GOOGLETRANSLATE(C2133, ""en"", ""el"")",
src/components/forms/StripeCheckoutForm/index.tsx:96,,View Order Details,"=GOOGLETRANSLATE(C2134, ""en"", ""el"")",
src/components/routes/event/orders.tsx:114,,"View order details, issue refunds, and resend confirmations.","=GOOGLETRANSLATE(C2135, ""en"", ""el"")",
src/components/layouts/OrganizerLayout/index.tsx:251 | src/components/layouts/OrganizerLayout/index.tsx:254,,View Organizer Homepage,"=GOOGLETRANSLATE(C2136, ""en"", ""el"")",
src/components/common/EmailTemplateEditor/EmailTemplateEditor.tsx:57 | src/components/common/EmailTemplateEditor/EmailTemplateEditor.tsx:69 | src/components/routes/product-widget/OrderSummaryAndProducts/index.tsx:105,,View Ticket,"=GOOGLETRANSLATE(C2137, ""en"", ""el"")",
src/components/routes/event/attendees.tsx:173,,"View, edit, and export your registered attendees.","=GOOGLETRANSLATE(C2138, ""en"", ""el"")",
src/components/routes/organizer/Settings/Sections/SocialLinks/index.tsx:103,,Vimeo,"=GOOGLETRANSLATE(C2139, ""en"", ""el"")",
src/components/forms/CheckInListForm/index.tsx:38,,VIP check-in list,"=GOOGLETRANSLATE(C2140, ""en"", ""el"")",
src/components/forms/ProductForm/index.tsx:275,,VIP Ticket,"=GOOGLETRANSLATE(C2141, ""en"", ""el"")",
src/components/forms/ProductForm/index.tsx:464,,Visibility,"=GOOGLETRANSLATE(C2142, ""en"", ""el"")",
src/components/forms/CheckInListForm/index.tsx:54,,Visible to check-in staff only. Helps identify this list during check-in.,"=GOOGLETRANSLATE(C2143, ""en"", ""el"")",
src/components/routes/organizer/Settings/Sections/SocialLinks/index.tsx:104,,VK,"=GOOGLETRANSLATE(C2144, ""en"", ""el"")",
src/components/common/WaitlistStats/index.tsx:12 | src/components/common/WaitlistTable/index.tsx:24 | src/components/modals/OfferWaitlistModal/index.tsx:162 | src/components/routes/event/SoldOutWaitlist/index.tsx:71,,Waiting,"=GOOGLETRANSLATE(C2145, ""en"", ""el"")",
src/components/routes/product-widget/CollectInformation/index.tsx:343,,Waiting for payment,"=GOOGLETRANSLATE(C2146, ""en"", ""el"")",
src/components/layouts/Event/index.tsx:123 | src/components/routes/event/Settings/index.tsx:76 | src/components/routes/event/Settings/Sections/WaitlistSettings/index.tsx:54 | src/components/routes/event/SoldOutWaitlist/index.tsx:49,,Waitlist,"=GOOGLETRANSLATE(C2147, ""en"", ""el"")",
src/components/common/ProductsTable/SortableProduct/index.tsx:299,,Waitlist Enabled,"=GOOGLETRANSLATE(C2148, ""en"", ""el"")",
src/components/routes/product-widget/CollectInformation/index.tsx:376,,Waitlist offer expired,"=GOOGLETRANSLATE(C2149, ""en"", ""el"")",
src/components/routes/admin/Configurations/index.tsx:212,,Warning: This is the system default configuration. Changes will affect all accounts that don't have a specific configuration assigned.,"=GOOGLETRANSLATE(C2150, ""en"", ""el"")",
src/components/routes/product-widget/PaymentReturn/index.tsx:89,,We could not process your payment. Please try again or contact support.,"=GOOGLETRANSLATE(C2151, ""en"", ""el"")",
src/components/common/ProductsTable/SortableCategory/index.tsx:55,,We couldn't delete the category. Please try again.,"=GOOGLETRANSLATE(C2152, ""en"", ""el"")",
src/components/routes/my-tickets/index.tsx:222,,We couldn't find any orders associated with this email address.,"=GOOGLETRANSLATE(C2153, ""en"", ""el"")",
src/components/common/ProductsTable/ProductsBlankSlate/index.tsx:26,,We couldn't find any tickets matching {0},"=GOOGLETRANSLATE(C2154, ""en"", ""el"")",
src/components/routes/product-widget/OrderSummaryAndProducts/index.tsx:542,,We couldn't find the order you're looking for. The link may have expired or the order details may have changed.,"=GOOGLETRANSLATE(C2155, ""en"", ""el"")",
src/components/routes/product-widget/AttendeeProductAndInformation/index.tsx:23,,We couldn't find the ticket you're looking for. The link may have expired or the ticket details may have changed.,"=GOOGLETRANSLATE(C2156, ""en"", ""el"")",
src/components/routes/product-widget/CollectInformation/index.tsx:379,,We couldn't find this order. It may have been removed.,"=GOOGLETRANSLATE(C2157, ""en"", ""el"")",
src/components/common/ErrorLoadingMessage/index.tsx:13,,We couldn't load the data. Please try again.,"=GOOGLETRANSLATE(C2158, ""en"", ""el"")",
src/components/common/ProductsTable/SortableCategory/index.tsx:96,,We couldn't reorder the categories. Please try again.,"=GOOGLETRANSLATE(C2159, ""en"", ""el"")",
src/components/routes/product-widget/CollectInformation/index.tsx:391,,We hit a snag loading this page. Please try again.,"=GOOGLETRANSLATE(C2160, ""en"", ""el"")",
src/components/routes/event/TicketDesigner/index.tsx:140,,We recommend a square logo with minimum dimensions of 200x200px,"=GOOGLETRANSLATE(C2161, ""en"", ""el"")",
src/components/routes/event/HomepageDesigner/index.tsx:181 | src/components/routes/organizer/OrganizerHomepageDesigner/index.tsx:191,,"We recommend dimensions of 1950px by 650px, a ratio of 3:1, and a maximum file size of 5MB","=GOOGLETRANSLATE(C2162, ""en"", ""el"")",
src/components/routes/organizer/OrganizerHomepageDesigner/index.tsx:212,,"We recommend dimensions of 400px by 400px, and a maximum file size of 5MB","=GOOGLETRANSLATE(C2163, ""en"", ""el"")",
src/components/routes/product-widget/PaymentReturn/index.tsx:100,,We were unable to confirm your payment. Please try again or contact support.,"=GOOGLETRANSLATE(C2164, ""en"", ""el"")",
src/components/routes/account/ManageAccount/sections/PaymentSettings/VatSettings/VatSettingsForm.tsx:99,,We were unable to validate your VAT number after multiple attempts. We'll continue trying in the background. Please check back later.,"=GOOGLETRANSLATE(C2165, ""en"", ""el"")",
src/components/modals/JoinWaitlistModal/index.tsx:100,,We'll notify you by email if a spot becomes available for {productDisplayName}.,"=GOOGLETRANSLATE(C2166, ""en"", ""el"")",
src/components/routes/product-widget/CollectInformation/index.tsx:431,,We'll send your tickets to this email,"=GOOGLETRANSLATE(C2167, ""en"", ""el"")",
src/components/routes/account/ManageAccount/sections/PaymentSettings/VatSettings/VatSettingsForm.tsx:75,,"We'll validate your VAT number in the background. If there are any issues, we'll let you know.","=GOOGLETRANSLATE(C2168, ""en"", ""el"")",
src/components/routes/product-widget/PaymentReturn/index.tsx:91,,We're processing your order. Please wait...,"=GOOGLETRANSLATE(C2169, ""en"", ""el"")",
src/components/routes/account/ManageAccount/sections/PaymentSettings/index.tsx:74,,"We've officially moved our headquarters to Ireland 🇮🇪. As part of this transition, we're now using Stripe Ireland instead of Stripe Canada. To keep your payouts running smoothly, you'll need to reconnect your Stripe account.","=GOOGLETRANSLATE(C2170, ""en"", ""el"")",
src/components/routes/event/EventDashboard/index.tsx:132,,"We've relocated our headquarters to Ireland. As a result, we need you to reconnect your Stripe account. This quick process takes just a few minutes. Your sales and existing data remain completely unaffected.","=GOOGLETRANSLATE(C2171, ""en"", ""el"")",
src/components/routes/welcome/index.tsx:145,,We've sent a 5-digit verification code to:,"=GOOGLETRANSLATE(C2172, ""en"", ""el"")",
src/components/modals/CreateOrganizerWebhookModal/index.tsx:45 | src/components/modals/CreateWebhookModal/index.tsx:45,,Webhook created successfully,"=GOOGLETRANSLATE(C2173, ""en"", ""el"")",
src/components/common/OrganizerWebhookTable/index.tsx:53 | src/components/common/WebhookTable/index.tsx:53,,Webhook deleted successfully,"=GOOGLETRANSLATE(C2174, ""en"", ""el"")",
src/components/modals/OrganizerWebhookLogsModal/index.tsx:137 | src/components/modals/WebhookLogsModal/index.tsx:151,,Webhook Logs,"=GOOGLETRANSLATE(C2175, ""en"", ""el"")",
src/components/forms/WebhookForm/index.tsx:138,,Webhook URL,"=GOOGLETRANSLATE(C2176, ""en"", ""el"")",
src/components/forms/WebhookForm/index.tsx:30,,Webhook will not send notifications,"=GOOGLETRANSLATE(C2177, ""en"", ""el"")",
src/components/forms/WebhookForm/index.tsx:24,,Webhook will send notifications,"=GOOGLETRANSLATE(C2178, ""en"", ""el"")",
src/components/layouts/Event/index.tsx:129 | src/components/layouts/OrganizerLayout/index.tsx:96 | src/components/modals/DuplicateEventModal/index.tsx:32 | src/components/routes/event/Webhooks/index.tsx:32 | src/components/routes/organizer/Webhooks/index.tsx:30,,Webhooks,"=GOOGLETRANSLATE(C2179, ""en"", ""el"")",
src/components/routes/organizer/Settings/Sections/BasicSettings/index.tsx:102,,Website,"=GOOGLETRANSLATE(C2180, ""en"", ""el"")",
src/components/routes/organizer/Settings/Sections/SocialLinks/index.tsx:105,,Weibo,"=GOOGLETRANSLATE(C2181, ""en"", ""el"")",
src/components/routes/auth/AcceptInvitation/index.tsx:77,,Welcome aboard! Please login to continue.,"=GOOGLETRANSLATE(C2182, ""en"", ""el"")",
src/components/routes/auth/Login/index.tsx:80,,Welcome back,"=GOOGLETRANSLATE(C2183, ""en"", ""el"")",
src/components/routes/event/EventDashboard/index.tsx:109,,Welcome back{0} 👋,"=GOOGLETRANSLATE(C2184, ""en"", ""el"")",
src/components/routes/welcome/index.tsx:473,,"Welcome to {0}, {1} 👋","=GOOGLETRANSLATE(C2185, ""en"", ""el"")",
src/components/routes/events/Dashboard/index.tsx:87,,"Welcome to {0}, here's a listing of all your events","=GOOGLETRANSLATE(C2186, ""en"", ""el"")",
src/components/forms/ProductForm/index.tsx:263,,What are Tiered Products?,"=GOOGLETRANSLATE(C2187, ""en"", ""el"")",
src/components/modals/CreateProductCategoryModal/index.tsx:53,,What is a Category?,"=GOOGLETRANSLATE(C2188, ""en"", ""el"")",
src/components/forms/QuestionForm/index.tsx:159,,What products does this code apply to?,"=GOOGLETRANSLATE(C2189, ""en"", ""el"")",
src/components/forms/PromoCodeForm/index.tsx:98,,What products does this code apply to? (Applies to all by default),"=GOOGLETRANSLATE(C2190, ""en"", ""el"")",
src/components/forms/CapaciyAssigmentForm/index.tsx:48,,What products should this capacity apply to?,"=GOOGLETRANSLATE(C2191, ""en"", ""el"")",
src/components/forms/QuestionForm/index.tsx:179,,What time will you be arriving?,"=GOOGLETRANSLATE(C2192, ""en"", ""el"")",
src/components/routes/welcome/index.tsx:311,,What type of event?,"=GOOGLETRANSLATE(C2193, ""en"", ""el"")",
src/components/forms/QuestionForm/index.tsx:170,,What type of question is this?,"=GOOGLETRANSLATE(C2194, ""en"", ""el"")",
src/components/routes/account/ManageAccount/sections/PaymentSettings/VatSettings/index.tsx:77,,What you need to do:,"=GOOGLETRANSLATE(C2195, ""en"", ""el"")",
src/components/routes/organizer/Settings/Sections/SocialLinks/index.tsx:89,,WhatsApp,"=GOOGLETRANSLATE(C2196, ""en"", ""el"")",
src/components/forms/WebhookForm/index.tsx:129,,When a check-in is deleted,"=GOOGLETRANSLATE(C2197, ""en"", ""el"")",
src/components/forms/WebhookForm/index.tsx:105,,When a new attendee is created,"=GOOGLETRANSLATE(C2198, ""en"", ""el"")",
src/components/forms/WebhookForm/index.tsx:45,,When a new event is created,"=GOOGLETRANSLATE(C2199, ""en"", ""el"")",
src/components/forms/WebhookForm/index.tsx:75,,When a new order is created,"=GOOGLETRANSLATE(C2200, ""en"", ""el"")",
src/components/forms/WebhookForm/index.tsx:39,,When a new product is created,"=GOOGLETRANSLATE(C2201, ""en"", ""el"")",
src/components/forms/WebhookForm/index.tsx:69,,When a product is deleted,"=GOOGLETRANSLATE(C2202, ""en"", ""el"")",
src/components/forms/WebhookForm/index.tsx:63,,When a product is updated,"=GOOGLETRANSLATE(C2203, ""en"", ""el"")",
src/components/routes/event/Settings/Sections/WaitlistSettings/index.tsx:55,,"When a product sells out, customers can join a waitlist to be notified when spots become available.","=GOOGLETRANSLATE(C2204, ""en"", ""el"")",
src/components/forms/WebhookForm/index.tsx:117,,When an attendee is cancelled,"=GOOGLETRANSLATE(C2205, ""en"", ""el"")",
src/components/forms/WebhookForm/index.tsx:123,,When an attendee is checked in,"=GOOGLETRANSLATE(C2206, ""en"", ""el"")",
src/components/forms/WebhookForm/index.tsx:111,,When an attendee is updated,"=GOOGLETRANSLATE(C2207, ""en"", ""el"")",
src/components/forms/WebhookForm/index.tsx:57,,When an event is archived,"=GOOGLETRANSLATE(C2208, ""en"", ""el"")",
src/components/forms/WebhookForm/index.tsx:51,,When an event is updated,"=GOOGLETRANSLATE(C2209, ""en"", ""el"")",
src/components/forms/WebhookForm/index.tsx:99,,When an order is cancelled,"=GOOGLETRANSLATE(C2210, ""en"", ""el"")",
src/components/forms/WebhookForm/index.tsx:87,,When an order is marked as paid,"=GOOGLETRANSLATE(C2211, ""en"", ""el"")",
src/components/forms/WebhookForm/index.tsx:93,,When an order is refunded,"=GOOGLETRANSLATE(C2212, ""en"", ""el"")",
src/components/forms/WebhookForm/index.tsx:81,,When an order is updated,"=GOOGLETRANSLATE(C2213, ""en"", ""el"")",
src/components/forms/CheckInListForm/index.tsx:90,,When check-in closes,"=GOOGLETRANSLATE(C2214, ""en"", ""el"")",
src/components/forms/CheckInListForm/index.tsx:84,,When check-in opens,"=GOOGLETRANSLATE(C2215, ""en"", ""el"")",
src/components/routes/organizer/OrganizerDashboard/index.tsx:324,,"When customers purchase tickets, their orders will appear here.","=GOOGLETRANSLATE(C2216, ""en"", ""el"")",
src/components/routes/event/Settings/Sections/PaymentSettings/index.tsx:185,,"When enabled, invoices will be generated for ticket orders. Invoices will sent along with the order confirmation email. Attendees can also download their invoices from the order confirmation page.","=GOOGLETRANSLATE(C2217, ""en"", ""el"")",
src/components/common/SelfServiceSettings/index.tsx:22,,"When enabled, new events will allow attendees to manage their own ticket details via a secure link. This can be overridden per event.","=GOOGLETRANSLATE(C2218, ""en"", ""el"")",
src/components/routes/organizer/Settings/Sections/EventDefaults/index.tsx:89,,"When enabled, new events will display a marketing opt-in checkbox during checkout. This can be overridden per event.","=GOOGLETRANSLATE(C2219, ""en"", ""el"")",
src/components/routes/admin/Configurations/index.tsx:259,,"When enabled, no application fees will be charged on Stripe Connect transactions. Use this for countries where application fees are not supported.","=GOOGLETRANSLATE(C2220, ""en"", ""el"")",
src/components/routes/event/Settings/Sections/PaymentSettings/index.tsx:144,,"When offline payments are enabled, users will be able to complete their orders and receive their tickets. Their tickets will clearly indicate the order is not paid, and the check-in tool will notify the check-in staff if an order requires payment.","=GOOGLETRANSLATE(C2221, ""en"", ""el"")",
src/components/forms/CheckInListForm/index.tsx:42,,Which tickets should be associated with this check-in list?,"=GOOGLETRANSLATE(C2222, ""en"", ""el"")",
src/components/modals/CreateEventModal/index.tsx:153,,Who is organizing this event?,"=GOOGLETRANSLATE(C2223, ""en"", ""el"")",
src/components/forms/QuestionForm/index.tsx:151,,Who should be asked this question?,"=GOOGLETRANSLATE(C2224, ""en"", ""el"")",
src/components/layouts/Event/index.tsx:128,,Widget Embed,"=GOOGLETRANSLATE(C2225, ""en"", ""el"")",
src/components/common/WidgetEditor/index.tsx:324,,Widget Preview,"=GOOGLETRANSLATE(C2226, ""en"", ""el"")",
src/components/common/WidgetEditor/index.tsx:160,,Widget Settings,"=GOOGLETRANSLATE(C2227, ""en"", ""el"")",
src/components/modals/CreateAttendeeModal/index.tsx:207,,Working,"=GOOGLETRANSLATE(C2228, ""en"", ""el"")",
src/components/modals/CreateProductCategoryModal/index.tsx:60 | src/components/modals/CreateProductModal/index.tsx:89 | src/components/modals/CreatePromoCodeModal/index.tsx:56 | src/components/modals/CreateQuestionModal/index.tsx:75 | src/components/modals/DuplicateEventModal/index.tsx:177 | src/components/modals/DuplicateProductModal/index.tsx:117 | src/components/modals/EditProductCategoryModal/index.tsx:70 | src/components/modals/EditProductModal/index.tsx:114 | src/components/modals/EditPromoCodeModal/index.tsx:84 | src/components/modals/EditQuestionModal/index.tsx:101 | src/components/modals/JoinWaitlistModal/index.tsx:188 | src/components/modals/ManageAttendeeModal/index.tsx:231 | src/components/modals/ManageOrderModal/index.tsx:175 | src/components/routes/auth/Register/index.tsx:137,,Working...,"=GOOGLETRANSLATE(C2229, ""en"", ""el"")",
src/constants/eventCategories.ts:20,,Workshop,"=GOOGLETRANSLATE(C2230, ""en"", ""el"")",
src/components/common/ContactOrganizerModal/index.tsx:89,,Write your message here...,"=GOOGLETRANSLATE(C2231, ""en"", ""el"")",
src/components/routes/organizer/Settings/Sections/SocialLinks/index.tsx:59,,X (Twitter),"=GOOGLETRANSLATE(C2232, ""en"", ""el"")",
src/components/common/OrganizerReportTable/index.tsx:59 | src/components/common/ReportTable/index.tsx:51,,Year to date,"=GOOGLETRANSLATE(C2233, ""en"", ""el"")",
src/components/routes/admin/Accounts/AccountDetail/index.tsx:250 | src/components/routes/admin/Accounts/AccountDetail/index.tsx:277,,Yes,"=GOOGLETRANSLATE(C2234, ""en"", ""el"")",
src/components/routes/account/ManageAccount/sections/PaymentSettings/VatSettings/VatSettingsForm.tsx:208,,Yes - I have a valid EU VAT registration number,"=GOOGLETRANSLATE(C2235, ""en"", ""el"")",
src/components/layouts/Checkout/index.tsx:323,,"Yes, cancel my order","=GOOGLETRANSLATE(C2236, ""en"", ""el"")",
src/components/forms/ProductForm/index.tsx:428,,"Yes, remove them","=GOOGLETRANSLATE(C2237, ""en"", ""el"")",
src/components/common/AttendeeCheckInTable/QrScanner.tsx:92,,You already scanned this ticket,"=GOOGLETRANSLATE(C2238, ""en"", ""el"")",
src/components/routes/profile/ConfirmEmailChange/index.tsx:53,,You are changing your email to <0>{0}</0>.,"=GOOGLETRANSLATE(C2239, ""en"", ""el"")",
src/components/common/ImpersonationBanner/index.tsx:40,,You are impersonating <0>{0}</0> ({1}),"=GOOGLETRANSLATE(C2240, ""en"", ""el"")",
src/components/modals/RefundOrderModal/index.tsx:139,,You are issuing a partial refund. The customer will be refunded {0} {1}.,"=GOOGLETRANSLATE(C2241, ""en"", ""el"")",
src/components/routes/product-widget/SelectProducts/index.tsx:354,,You are now registered! You will receive registration confirmation via email!,"=GOOGLETRANSLATE(C2242, ""en"", ""el"")",
src/components/layouts/CheckIn/index.tsx:162 | src/components/layouts/CheckIn/index.tsx:187,,You are offline,"=GOOGLETRANSLATE(C2243, ""en"", ""el"")",
src/components/common/PlatformFeesSettings/index.tsx:262,,You can configure additional service fees and taxes in your account settings.,"=GOOGLETRANSLATE(C2244, ""en"", ""el"")",
src/components/forms/ProductForm/index.tsx:479,,You can create a promo code which targets this product on the,"=GOOGLETRANSLATE(C2245, ""en"", ""el"")",
src/components/modals/OfferWaitlistModal/index.tsx:106,,You can still manually offer tickets if needed.,"=GOOGLETRANSLATE(C2246, ""en"", ""el"")",
src/components/routes/organizer/Settings/Sections/DangerZoneSettings/index.tsx:133,,You cannot archive the last active organizer on your account.,"=GOOGLETRANSLATE(C2247, ""en"", ""el"")",
src/components/forms/ProductForm/index.tsx:228,,You cannot change the product type as there are attendees associated with this product.,"=GOOGLETRANSLATE(C2248, ""en"", ""el"")",
src/components/layouts/CheckIn/index.tsx:210 | src/components/layouts/CheckIn/index.tsx:276,,You cannot check in attendees with unpaid orders. This setting can be changed in the event settings.,"=GOOGLETRANSLATE(C2249, ""en"", ""el"")",
src/components/common/ProductsTable/SortableCategory/index.tsx:42,,You cannot delete the last category.,"=GOOGLETRANSLATE(C2250, ""en"", ""el"")",
src/components/forms/ProductForm/index.tsx:64,,You cannot delete this price tier because there are already products sold for this tier. You can hide it instead.,"=GOOGLETRANSLATE(C2251, ""en"", ""el"")",
src/components/modals/EditUserModal/index.tsx:94,,You cannot edit the role or status of the account owner.,"=GOOGLETRANSLATE(C2252, ""en"", ""el"")",
src/components/modals/RefundOrderModal/index.tsx:176,,You cannot refund a manually created order.,"=GOOGLETRANSLATE(C2253, ""en"", ""el"")",
src/components/modals/ChooseAccountModal/index.tsx:14,,You have access to multiple accounts. Please choose one to continue.,"=GOOGLETRANSLATE(C2254, ""en"", ""el"")",
src/components/routes/auth/AcceptInvitation/index.tsx:58,,You have already accepted this invitation. Please login to continue.,"=GOOGLETRANSLATE(C2255, ""en"", ""el"")",
src/components/routes/profile/ConfirmEmailChange/index.tsx:41,,You have no pending email change.,"=GOOGLETRANSLATE(C2256, ""en"", ""el"")",
src/components/modals/SendMessageModal/index.tsx:200,,You have reached your messaging limit.,"=GOOGLETRANSLATE(C2257, ""en"", ""el"")",
src/components/layouts/Checkout/index.tsx:281,,You have run out of time to complete your order.,"=GOOGLETRANSLATE(C2258, ""en"", ""el"")",
src/components/forms/ProductForm/index.tsx:426,,You have taxes and fees added to a Free Product. Would you like to remove them?,"=GOOGLETRANSLATE(C2259, ""en"", ""el"")",
src/components/modals/SendMessageModal/index.tsx:168,,You must acknowledge that this email is not promotional,"=GOOGLETRANSLATE(C2260, ""en"", ""el"")",
src/components/modals/JoinWaitlistModal/index.tsx:48,,You must agree to receive messages,"=GOOGLETRANSLATE(C2261, ""en"", ""el"")",
src/components/routes/product-widget/CollectInformation/index.tsx:116,,You must agree to the data collection disclaimer,"=GOOGLETRANSLATE(C2262, ""en"", ""el"")",
src/components/routes/auth/AcceptInvitation/index.tsx:34,,You must agree to the terms and conditions,"=GOOGLETRANSLATE(C2263, ""en"", ""el"")",
src/components/modals/CreateAttendeeModal/index.tsx:109,,You must create a ticket before you can manually add an attendee.,"=GOOGLETRANSLATE(C2264, ""en"", ""el"")",
src/components/forms/ProductForm/index.tsx:67,,You must have at least one price tier,"=GOOGLETRANSLATE(C2265, ""en"", ""el"")",
src/components/layouts/OrganizerLayout/index.tsx:296,,You must verify your email address before you can update the organizer status.,"=GOOGLETRANSLATE(C2266, ""en"", ""el"")",
src/components/common/EmailTemplateSettings/EmailTemplateSettingsBase.tsx:345,,You need to verify your account email before you can modify email templates.,"=GOOGLETRANSLATE(C2267, ""en"", ""el"")",
src/components/modals/SendMessageModal/index.tsx:234,,You need to verify your account email before you can send messages.,"=GOOGLETRANSLATE(C2268, ""en"", ""el"")",
src/components/layouts/AuthLayout/index.tsx:62,,"You own 100% of your attendee data, always","=GOOGLETRANSLATE(C2269, ""en"", ""el"")",
src/components/common/PlatformFeesSettings/index.tsx:67,,You receive,"=GOOGLETRANSLATE(C2270, ""en"", ""el"")",
src/components/routes/event/Settings/Sections/PaymentSettings/index.tsx:146,,You will have to mark an order as paid manually. This can be done on the manage order page.,"=GOOGLETRANSLATE(C2271, ""en"", ""el"")",
src/components/modals/CreateCheckInListModal/index.tsx:57,,You'll need a ticket before you can create a check-in list.,"=GOOGLETRANSLATE(C2272, ""en"", ""el"")",
src/components/modals/CreateCapacityAssignmentModal/index.tsx:51,,You'll need at a product before you can create a capacity assignment.,"=GOOGLETRANSLATE(C2273, ""en"", ""el"")",
src/components/common/ProductsTable/ProductsBlankSlate/index.tsx:45,,"You'll need at least one product to get started. Free, paid or let the user decide what to pay.","=GOOGLETRANSLATE(C2274, ""en"", ""el"")",
src/components/routes/account/ManageAccount/sections/PaymentSettings/index.tsx:182,,You're all set! Your payments are being processed smoothly.,"=GOOGLETRANSLATE(C2275, ""en"", ""el"")",
src/components/routes/product-widget/OrderSummaryAndProducts/index.tsx:164,,You're going to {0}!,"=GOOGLETRANSLATE(C2276, ""en"", ""el"")",
src/components/modals/JoinWaitlistModal/index.tsx:97,,You're on the waitlist!,"=GOOGLETRANSLATE(C2277, ""en"", ""el"")",
src/components/routes/product-widget/CollectInformation/index.tsx:414,,You've been offered a spot!,"=GOOGLETRANSLATE(C2278, ""en"", ""el"")",
src/components/modals/SendMessageModal/index.tsx:273,,"Your account has messaging limits. To increase your limits, contact us at","=GOOGLETRANSLATE(C2279, ""en"", ""el"")",
src/components/routes/account/ManageAccount/sections/AccountSettings/index.tsx:64,,Your account name is used on event pages and in emails.,"=GOOGLETRANSLATE(C2280, ""en"", ""el"")",
src/components/routes/event/Affiliates/index.tsx:50,,Your affiliates have been exported successfully.,"=GOOGLETRANSLATE(C2281, ""en"", ""el"")",
src/components/routes/event/attendees.tsx:134,,Your attendees have been exported successfully.,"=GOOGLETRANSLATE(C2282, ""en"", ""el"")",
src/components/common/AttendeeTable/index.tsx:404,,Your attendees will appear here once they have registered for your event. You can also manually add attendees.,"=GOOGLETRANSLATE(C2283, ""en"", ""el"")",
src/components/common/WidgetEditor/index.tsx:339,,Your awesome website 🎉,"=GOOGLETRANSLATE(C2284, ""en"", ""el"")",
src/components/modals/CheckInListSuccessModal/index.tsx:23,,Your check-in list has been created successfully. Share the link below with your check-in staff.,"=GOOGLETRANSLATE(C2285, ""en"", ""el"")",
src/components/layouts/Checkout/index.tsx:308,,Your current order will be lost.,"=GOOGLETRANSLATE(C2286, ""en"", ""el"")",
src/components/routes/product-widget/CollectInformation/index.tsx:428,,Your Details,"=GOOGLETRANSLATE(C2287, ""en"", ""el"")",
src/components/common/ContactOrganizerModal/index.tsx:79,,Your Email,"=GOOGLETRANSLATE(C2288, ""en"", ""el"")",
src/components/routes/profile/ManageProfile/index.tsx:128,,Your email request change to <0>{0}</0> is pending. Please check your email to confirm,"=GOOGLETRANSLATE(C2289, ""en"", ""el"")",
src/components/modals/EventLiveCelebrationModal/index.tsx:48,,Your event is live!,"=GOOGLETRANSLATE(C2290, ""en"", ""el"")",
src/components/routes/event/EventDashboard/index.tsx:188,,Your event must be live before you can sell tickets to attendees.,"=GOOGLETRANSLATE(C2291, ""en"", ""el"")",
src/components/layouts/AuthLayout/index.tsx:47,,"Your logo, colors, and style on every page","=GOOGLETRANSLATE(C2292, ""en"", ""el"")",
src/components/common/OrdersTable/index.tsx:84,,Your message has been sent,"=GOOGLETRANSLATE(C2293, ""en"", ""el"")",
src/components/common/ContactOrganizerModal/index.tsx:52,,Your message has been sent successfully!,"=GOOGLETRANSLATE(C2294, ""en"", ""el"")",
src/components/routes/event/messages.tsx:279,,Your messages will appear here,"=GOOGLETRANSLATE(C2295, ""en"", ""el"")",
src/components/common/ContactOrganizerModal/index.tsx:73,,Your Name,"=GOOGLETRANSLATE(C2296, ""en"", ""el"")",
src/components/routes/auth/ResetPassword/index.tsx:58,,Your new password must be at least 8 characters long.,"=GOOGLETRANSLATE(C2297, ""en"", ""el"")",
src/components/layouts/Checkout/index.tsx:210,,Your Order,"=GOOGLETRANSLATE(C2298, ""en"", ""el"")",
src/components/routes/product-widget/OrderSummaryAndProducts/index.tsx:577,,Your order details have been updated. A confirmation email has been sent to the new email address.,"=GOOGLETRANSLATE(C2299, ""en"", ""el"")",
src/components/routes/product-widget/OrderSummaryAndProducts/index.tsx:165,,Your order has been cancelled,"=GOOGLETRANSLATE(C2300, ""en"", ""el"")",
src/components/layouts/Checkout/index.tsx:130,,Your order has been cancelled.,"=GOOGLETRANSLATE(C2301, ""en"", ""el"")",
src/components/routes/product-widget/OrderSummaryAndProducts/index.tsx:167,,Your order is awaiting payment,"=GOOGLETRANSLATE(C2302, ""en"", ""el"")",
src/components/routes/event/orders.tsx:95,,Your orders have been exported successfully.,"=GOOGLETRANSLATE(C2303, ""en"", ""el"")",
src/components/common/OrdersTable/index.tsx:462,,Your orders will appear here once they start rolling in.,"=GOOGLETRANSLATE(C2304, ""en"", ""el"")",
src/components/routes/organizer/Settings/Sections/AddressSettings/index.tsx:68,,Your organizer address,"=GOOGLETRANSLATE(C2305, ""en"", ""el"")",
src/components/routes/auth/Login/index.tsx:99 | src/components/routes/auth/Register/index.tsx:113,,Your password,"=GOOGLETRANSLATE(C2306, ""en"", ""el"")",
src/components/forms/StripeCheckoutForm/index.tsx:63,,Your payment is processing.,"=GOOGLETRANSLATE(C2307, ""en"", ""el"")",
src/components/common/InlineOrderSummary/index.tsx:226,,Your payment is protected with bank-level encryption,"=GOOGLETRANSLATE(C2308, ""en"", ""el"")",
src/components/forms/StripeCheckoutForm/index.tsx:66,,"Your payment was not successful, please try again.","=GOOGLETRANSLATE(C2309, ""en"", ""el"")",
src/components/forms/StripeCheckoutForm/index.tsx:130,,Your payment was unsuccessful. Please try again.,"=GOOGLETRANSLATE(C2310, ""en"", ""el"")",
src/components/common/PlatformFeesSettings/index.tsx:151,,Your Plan,"=GOOGLETRANSLATE(C2311, ""en"", ""el"")",
src/components/modals/RefundOrderModal/index.tsx:58,,Your refund is processing.,"=GOOGLETRANSLATE(C2312, ""en"", ""el"")",
src/components/routes/account/ManageAccount/sections/PaymentSettings/index.tsx:179,,Your Stripe account is connected and processing payments.,"=GOOGLETRANSLATE(C2313, ""en"", ""el"")",
src/components/routes/account/ManageAccount/sections/PaymentSettings/index.tsx:396 | src/components/routes/account/ManageAccount/sections/PaymentSettings/index.tsx:633,,Your Stripe account is connected and ready to process payments.,"=GOOGLETRANSLATE(C2314, ""en"", ""el"")",
src/components/routes/product-widget/AttendeeProductAndInformation/index.tsx:47,,Your ticket for,"=GOOGLETRANSLATE(C2315, ""en"", ""el"")",
src/components/routes/account/ManageAccount/sections/PaymentSettings/VatSettings/VatSettingsForm.tsx:72,,Your VAT number is queued for validation,"=GOOGLETRANSLATE(C2316, ""en"", ""el"")",
src/components/routes/account/ManageAccount/sections/PaymentSettings/VatSettings/VatSettingsForm.tsx:247,,Your VAT number will be validated when you save,"=GOOGLETRANSLATE(C2317, ""en"", ""el"")",
src/components/routes/product-widget/CollectInformation/index.tsx:378,,Your waitlist offer has expired and we were unable to complete your order. Please rejoin the waitlist to be notified when more spots become available.,"=GOOGLETRANSLATE(C2318, ""en"", ""el"")",
src/components/routes/organizer/Settings/Sections/SocialLinks/index.tsx:67,,YouTube,"=GOOGLETRANSLATE(C2319, ""en"", ""el"")",
src/components/routes/product-widget/CollectInformation/index.tsx:552,,ZIP / Postal Code,"=GOOGLETRANSLATE(C2320, ""en"", ""el"")",
src/components/common/CheckoutQuestion/index.tsx:170 | src/components/routes/event/Settings/Sections/LocationSettings/index.tsx:149 | src/components/routes/organizer/Settings/Sections/AddressSettings/index.tsx:104,,Zip or Postal Code,"=GOOGLETRANSLATE(C2321, ""en"", ""el"")",
src/components/routes/product-widget/CollectInformation/index.tsx:553,,ZIP or Postal Code,"=GOOGLETRANSLATE(C2322, ""en"", ""el"")",
